,file name,label,vanti,train \ test,score,vanti with context data
1007,8Y0KU_HC_PL_MEAS_FIB_{MEASURE2}_P002_DX12DY6SDX8SDY17_2020-04-15_14-27-21.BMP,1,1,0,0.65,1
1008,8Y0KW_HC_PL_MEAS_FIB_{MEASURE2}_P003_DX8DY11SDX8SDY17_2020-03-24_14-20-53.BMP,1,1,1,0.74,1
1009,Y511I_HC_PL_MEAS_FIB_{MEASURE2}_P003_DX8DY11SDX8SDY16_2020-09-03_08-01-40.BMP,1,1,1,0.63,1
1010,9A0T8_HC_PL_MEAS_FIB_{MEASURE2}_P004_DX10DY9SDX7SDY16_2020-03-13_05-32-04.BMP,1,1,0,0.69,1
1011,8Y0K8_HC_PL_MEAS_FIB_{MEASURE}_P006_DX7DY7SDX2SDY24_2020-10-23_16-43-58.BMP,1,1,1,0.76,1
1012,T10GG_HC_PL_MEAS_FIB_{MEASURE2}_P004_DX10DY9SDX7SDY16_2020-07-29_00-03-03.BMP,1,1,0,0.66,1
1013,1W1AS_HC_PL_MEAS_FIB_{MEASURE2}_P006_DX9DY4SDX2SDY24_2020-10-25_01-53-36.BMP,1,1,0,0.88,1
1014,7EIGK_HC_PL_MEAS_FIB_{MEASURE2}_P006_DX9DY4SDX8SDY17_2020-10-15_16-24-55.BMP,1,1,1,0.92,1
1015,4P0RK_HC_PL_MEAS_FIB_{MEASURE2}_P003_DX8DY11SDX8SDY17_2020-10-11_03-41-57.BMP,1,1,0,0.79,1
1016,8Y0K8_HC_PL_MEAS_FIB_{MEASURE2}_P004_DX8DY11SDX2SDY13_2020-10-23_16-43-58.BMP,1,1,0,0.58,1
1017,1W1AS_HC_PL_MEAS_FIB_{MEASURE2}_P003_DX8DY11SDX2SDY13_2020-10-25_01-53-36.BMP,1,1,0,0.56,1
1018,9A0SM_HC_PL_MEAS_FIB_{MEASURE2}_P001_DX9DY14SDX8SDY17_2020-02-06_22-35-29.BMP,1,1,1,0.83,1
1019,2CICQ_HC_PL_MEAS_FIB_{MEASURE2}_P006_DX9DY4SDX8SDY17_2020-07-24_15-21-44.BMP,1,1,0,0.76,1
1020,G1070_HC_PL_MEAS_FIB_{MEASURE2}_P005_DX7DY7SDX8SDY17_2020-01-28_07-42-25.BMP,1,1,0,0.57,1
1021,5D0IM_HC_PL_MEAS_FIB_{MEASURE2}_P005_DX7DY7SDX8SDY17_2020-02-07_01-06-55.BMP,1,1,1,0.91,1
1022,Y511C_HC_PL_MEAS_FIB_{MEASURE2}_P003_DX8DY11SDX8SDY17_2020-10-29_01-40-49.BMP,1,1,1,0.42,1
1023,7N0K6_HC_PL_MEAS_FIB_{MEASURE2}_P001_DX9DY14SDX8SDY17_2019-12-31_21-27-43.BMP,1,1,0,0.61,1
1024,Y50Z0_HC_PL_MEAS_FIB_{MEASURE2}_P004_DX10DY9SDX7SDY16_2020-06-10_00-19-15.BMP,1,1,1,0.48,1
1025,3XI7K_HC_PL_MEAS_FIB_{MEASURE2}_P001_DX9DY14SDX8SDY16_2020-04-19_10-52-02.BMP,1,1,0,0.79,1
1026,1W1AS_HC_PL_MEAS_FIB_{MEASURE2}_P004_DX8DY11SDX2SDY11_2020-10-28_18-05-00.BMP,1,1,0,0.58,1
1027,4P0RM_HC_PL_MEAS_FIB_{MEASURE2}_P002_DX12DY6SDX8SDY17_2020-10-31_17-25-59.BMP,1,1,1,0.89,1
1028,Y50X6_HC_PL_MEAS_FIB_{MEASURE2}_P003_DX8DY11SDX8SDY17_2020-06-06_04-51-17.BMP,1,1,0,0.61,1
1029,Y50WY_HC_PL_MEAS_FIB_{MEASURE2}_P001_DX9DY14SDX8SDY17_2020-06-04_08-37-48.BMP,1,1,0,0.91,1
1030,6U0NW_HC_PL_MEAS_FIB_{MEASURE2}_P006_DX9DY4SDX8SDY17_2020-09-11_12-23-35.BMP,1,1,1,0.82,1
1031,N606E_HC_PL_MEAS_FIB_{MEASURE2}_P004_DX10DY9SDX7SDY16_2020-12-08_15-17-38.BMP,1,1,1,0.67,1
1032,Y50Z8_HC_PL_MEAS_FIB_{MEASURE2}_P001_DX9DY14SDX8SDY17_2020-12-15_08-18-10.BMP,1,1,0,0.62,1
1033,G106U_HC_PL_MEAS_FIB_{MEASURE2}_P006_DX9DY4SDX8SDY16_2020-05-25_11-23-10.BMP,1,1,1,0.93,1
1034,8Y0KU_HC_PL_MEAS_FIB_{MEASURE2}_P005_DX7DY7SDX8SDY17_2020-04-15_14-27-21.BMP,1,1,0,0.47,1
1035,T10GE_HC_PL_MEAS_FIB_{MEASURE2}_P001_DX9DY14SDX8SDY17_2020-04-29_11-45-49.BMP,1,1,1,0.69,1
1036,8FJ44_HC_PL_MEAS_FIB_{MEASURE2}_P003_DX8DY11SDX8SDY17_2020-03-14_11-40-24.BMP,1,1,0,0.83,1
1037,9A0T6_HC_PL_MEAS_FIB_{MEASURE2}_P001_DX9DY14SDX8SDY17_2020-03-13_11-24-20.BMP,1,1,1,0.41,1
1038,8Y0KG_HC_PL_MEAS_FIB_{MEASURE2}_P001_DX9DY14SDX8SDY17_2020-02-19_04-57-29.BMP,1,1,1,0.71,1
1039,Y511Y_HC_PL_MEAS_FIB_{MEASURE2}_P004_DX10DY9SDX7SDY16_2020-12-08_06-19-21.BMP,1,1,1,0.74,1
1040,Y50YI_HC_PL_MEAS_FIB_{MEASURE2}_P005_DX7DY7SDX7SDY17_2020-07-13_20-40-35.BMP,1,1,0,0.76,1
1041,S7012_HC_PL_MEAS_FIB_{MEASURE2}_P001_DX9DY14SDX6SDY17_2020-09-01_20-38-48.BMP,1,1,0,0.48,1
1042,N9HK4_HC_PL_MEAS_FIB_{MEASURE2}_P001_DX9DY14SDX8SDY17_2020-03-31_22-27-28.BMP,1,1,1,0.76,1
1043,T10HK_HC_PL_MEAS_FIB_{MEASURE2}_P005_DX7DY7SDX8SDY17_2020-08-16_14-47-16.BMP,1,1,0,0.57,1
1044,2CICQ_HC_PL_MEAS_FIB_{MEASURE2}_P004_DX10DY9SDX7SDY16_2020-07-24_15-21-44.BMP,1,1,1,0.78,1
1045,9A0UY_HC_PL_MEAS_FIB_{MEASURE2}_P005_DX7DY7SDX8SDY17_2020-09-04_05-34-10.BMP,1,1,0,0.44,1
1046,6U0NO_HC_PL_MEAS_FIB_{MEASURE2}_P003_DX8DY11SDX8SDY17_2020-09-24_01-39-29.BMP,1,1,0,0.49,1
1047,7N0JE_HC_PL_MEAS_FIB_{MEASURE2}_P001_DX9DY14SDX8SDY17_2020-01-27_23-15-20.BMP,1,1,0,0.74,1
1048,Y50X2_HC_PL_MEAS_FIB_{MEASURE2}_P005_DX7DY7SDX8SDY17_2020-06-04_05-58-57.BMP,1,1,1,0.79,1
1049,8Y0KQ_HC_PL_MEAS_FIB_{MEASURE2}_P003_DX8DY11SDX8SDY16_2020-02-04_19-41-16.BMP,1,1,1,0.83,1
1050,4P0RU_HC_PL_MEAS_FIB_{MEASURE2}_P004_DX10DY9SDX7SDY16_2020-11-06_09-57-12.BMP,1,1,0,0.58,1
1051,S7012_HC_PL_MEAS_FIB_{MEASURE2}_P002_DX12DY6SDX8SDY16_2020-09-01_07-56-15.BMP,1,1,0,0.89,1
1052,Y510I_HC_PL_MEAS_FIB_{MEASURE2}_P001_DX9DY14SDX8SDY17_2020-03-06_12-14-00.BMP,1,1,0,0.41,1
1053,Y50YY_HC_PL_MEAS_FIB_{MEASURE2}_P004_DX10DY9SDX7SDY16_2020-07-18_13-11-27.BMP,1,1,0,0.85,1
1054,N9HK6_HC_PL_MEAS_FIB_{MEASURE2}_P001_DX9DY14SDX8SDY16_2020-03-29_13-00-50.BMP,1,1,0,0.91,1
1055,T10H2_HC_PL_MEAS_FIB_{MEASURE2}_P001_DX9DY14SDX8SDY17_2020-04-28_03-34-16.BMP,1,1,1,0.74,1
1056,8Y0KW_HC_PL_MEAS_FIB_{MEASURE2}_P001_DX9DY14SDX8SDY17_2020-03-24_14-20-53.BMP,1,1,0,0.91,1
1057,7N0N6_HC_PL_MEAS_FIB_{MEASURE2}_P003_DX8DY11SDX8SDY17_2020-06-04_23-54-34.BMP,1,1,1,0.74,1
1058,Y50X6_HC_PL_MEAS_FIB_{MEASURE2}_P006_DX9DY4SDX8SDY17_2020-06-06_04-51-17.BMP,1,1,1,0.62,1
1059,7N0MI_HC_PL_MEAS_FIB_{MEASURE2}_P003_DX8DY11SDX8SDY17_2020-02-06_01-50-52.BMP,1,1,1,0.44,1
1060,Y50QQ_HC_PL_MEAS_FIB_{MEASURE2}_P006_DX7DY7SDX2SDY24_2020-11-25_11-17-09.BMP,1,1,1,0.82,1
1061,4P0SM_HC_PL_MEAS_FIB_{MEASURE2}_P004_DX10DY9SDX7SDY16_2020-09-12_07-45-56.BMP,1,1,1,0.58,1
1062,F70KQ_HC_PL_MEAS_FIB_{MEASURE2}_P002_DX12DY6SDX8SDY17_2020-12-19_08-54-52.BMP,1,1,1,0.78,1
1063,N606G_HC_PL_MEAS_FIB_{MEASURE2}_P005_DX7DY7SDX8SDY17_2020-10-15_12-33-35.BMP,1,1,0,0.44,1
1064,Y511C_HC_PL_MEAS_FIB_{MEASURE2}_P003_DX8DY11SDX8SDY17_2020-10-29_14-08-15.BMP,1,1,1,0.47,1
1065,6U0OG_HC_PL_MEAS_FIB_{MEASURE2}_P005_DX7DY7SDX8SDY17_2020-09-04_20-14-41.BMP,1,1,1,0.86,1
1066,N606E_HC_PL_MEAS_FIB_{MEASURE2}_P001_DX9DY14SDX8SDY17_2020-12-08_15-17-38.BMP,1,1,1,0.72,1
1067,F70KQ_HC_PL_MEAS_FIB_{MEASURE2}_P005_DX7DY7SDX8SDY17_2020-12-19_08-54-52.BMP,1,1,1,0.72,1
1068,N9HK8_HC_PL_MEAS_FIB_{MEASURE2}_P002_DX12DY6SDX8SDY17_2020-04-04_14-55-38.BMP,1,1,0,0.5,1
1069,1W1B8_HC_PL_MEAS_FIB_{MEASURE2}_P001_DX9DY14SDX8SDY17_2020-10-13_02-25-35.BMP,1,1,1,0.92,1
1070,8Y0K8_HC_PL_MEAS_FIB_{MEASURE2}_P005_DX10DY9SDX4SDY23_2020-10-29_10-14-27.BMP,1,1,0,0.8,1
1071,S702Q_HC_PL_MEAS_FIB_{MEASURE2}_P001_DX9DY14SDX8SDY17_2020-09-13_13-14-21.BMP,1,1,1,0.9,1
1072,G106U_HC_PL_MEAS_FIB_{MEASURE2}_P006_DX9DY4SDX8SDY17_2020-05-25_07-10-30.BMP,1,1,1,0.87,1
1073,Y50RK_HC_PL_MEAS_FIB_{MEASURE2}_P005_DX8DY11SDX8SDY15_2020-11-24_08-22-44.BMP,1,1,1,0.83,1
1074,3XI7G_HC_PL_MEAS_FIB_{MEASURE2}_P005_DX7DY7SDX8SDY17_2020-04-22_14-08-34.BMP,1,1,0,0.73,1
1075,T10GE_HC_PL_MEAS_FIB_{MEASURE2}_P003_DX8DY11SDX8SDY17_2020-04-29_11-45-49.BMP,1,1,1,0.86,1
1076,T10HC_HC_PL_MEAS_FIB_{MEASURE2}_P002_DX12DY6SDX8SDY17_2020-04-30_02-22-54.BMP,1,1,1,0.88,1
1077,7N0MI_HC_PL_MEAS_FIB_{MEASURE2}_P006_DX9DY4SDX8SDY17_2020-02-06_01-50-52.BMP,1,1,0,0.66,1
1078,Y50RI_HC_PL_MEAS_FIB_{MEASURE2}_P003_DX12DY6SDX8SDY15_2020-10-22_07-48-25.BMP,1,1,0,0.84,1
1079,4P0RK_HC_PL_MEAS_FIB_{MEASURE2}_P002_DX12DY6SDX8SDY17_2020-10-11_03-41-57.BMP,1,1,0,0.53,1
1080,Y511G_HC_PL_MEAS_FIB_{MEASURE2}_P005_DX7DY7SDX8SDY17_2020-09-26_21-24-48.BMP,1,1,1,0.59,1
1081,Y50X8_HC_PL_MEAS_FIB_{MEASURE2}_P003_DX8DY11SDX8SDY17_2020-06-14_18-55-28.BMP,1,1,0,0.9,1
1082,8Y0K8_HC_PL_MEAS_FIB_{MEASURE2}_P007_DX9DY4SDX2SDY23_2020-10-29_10-14-27.BMP,1,1,0,0.65,1
1083,Y511C_HC_PL_MEAS_FIB_{MEASURE2}_P006_DX9DY4SDX8SDY17_2020-10-29_14-08-15.BMP,1,1,0,0.9,1
1084,Y50R8_HC_PL_MEAS_FIB_{MEASURE2}_P004_DX10DY9SDX7SDY16_2020-06-10_00-42-42.BMP,1,1,1,0.49,1
1085,4P0RM_HC_PL_MEAS_FIB_{MEASURE2}_P004_DX10DY9SDX7SDY16_2020-10-31_17-25-59.BMP,1,1,0,0.85,1
1086,2CICQ_HC_PL_MEAS_FIB_{MEASURE2}_P003_DX8DY11SDX8SDY17_2020-07-24_15-21-44.BMP,1,1,1,0.82,1
1087,Y50QQ_HC_PL_MEAS_FIB_{MEASURE2}_P007_DX9DY4SDX2SDY24_2020-11-25_11-17-09.BMP,1,1,0,0.78,1
1088,9A0T6_HC_PL_MEAS_FIB_{MEASURE2}_P004_DX10DY9SDX7SDY16_2020-03-13_11-24-20.BMP,1,1,1,0.84,1
1089,G1070_HC_PL_MEAS_FIB_{MEASURE2}_P001_DX9DY14SDX8SDY17_2020-01-26_08-00-01.BMP,1,1,1,0.4,1
1090,Y50QQ_HC_PL_MEAS_FIB_{MEASURE2}_P002_DX9DY14SDX2SDY13_2020-11-25_11-17-09.BMP,1,1,0,0.46,1
1091,Y511C_HC_PL_MEAS_FIB_{MEASURE2}_P004_DX10DY9SDX7SDY16_2020-10-29_01-40-49.BMP,1,1,1,0.61,1
1092,N606A_HC_PL_MEAS_FIB_{MEASURE2}_P002_DX12DY6SDX8SDY17_2020-12-01_04-38-01.BMP,1,1,1,0.75,1
1093,G1070_HC_PL_MEAS_FIB_{MEASURE2}_P004_DX10DY9SDX7SDY16_2020-01-28_07-42-25.BMP,1,1,0,0.69,1
1094,S700I_HC_PL_MEAS_FIB_{MEASURE2}_P006_DX9DY4SDX8SDY17_2020-05-08_03-28-05.BMP,1,1,0,0.4,1
1095,9A0SO_HC_PL_MEAS_FIB_{MEASURE2}_P003_DX8DY11SDX8SDY17_2020-02-18_15-52-18.BMP,1,1,0,0.84,1
1096,4P0PO_HC_PL_MEAS_FIB_{MEASURE2}_P004_DX10DY9SDX7SDY16_2020-11-01_14-36-35.BMP,1,1,0,0.85,1
1097,2CICK_HC_PL_MEAS_FIB_{MEASURE2}_P006_DX9DY4SDX8SDY17_2020-07-01_22-55-04.BMP,1,1,1,0.45,1
1098,S7012_HC_PL_MEAS_FIB_{MEASURE2}_P001_DX9DY14SDX8SDY16_2020-09-01_07-56-15.BMP,1,1,1,0.86,1
1099,2CICS_HC_PL_MEAS_FIB_{MEASURE2}_P004_DX10DY9SDX7SDY16_2020-08-23_17-17-42.BMP,1,1,0,0.4,1
1100,Y50RW_HC_PL_MEAS_FIB_{MEASURE2}_P004_DX10DY9SDX7SDY16_2020-05-28_20-15-16.BMP,1,1,1,0.65,1
1101,Y50RW_HC_PL_MEAS_FIB_{MEASURE2}_P005_DX7DY7SDX8SDY17_2020-05-28_20-15-16.BMP,1,1,1,0.47,1
1102,5D0IK_HC_PL_MEAS_FIB_{MEASURE2}_P006_DX9DY4SDX8SDY17_2019-12-29_01-54-16.BMP,1,1,0,0.64,1
1103,9A0V0_HC_PL_MEAS_FIB_{MEASURE2}_P001_DX9DY14SDX8SDY17_2020-08-17_15-32-15.BMP,1,1,1,0.8,1
1104,8Y0K8_HC_PL_MEAS_FIB_{MEASURE2}_P006_DX7DY7SDX2SDY25_2020-10-23_13-24-28.BMP,1,1,1,0.83,1
1105,Y50ZE_HC_PL_MEAS_FIB_{MEASURE2}_P002_DX12DY6SDX8SDY17_2020-08-08_13-42-36.BMP,1,1,0,0.61,1
1106,1W1AS_HC_PL_MEAS_FIB_{MEASURE2}_P003_DX12DY6SDX3SDY12_2020-10-27_20-39-06.BMP,1,1,0,0.67,1
1107,4P0QQ_HC_PL_MEAS_FIB_{MEASURE2}_P005_DX7DY7SDX8SDY17_2020-10-22_15-38-00.BMP,1,1,0,0.53,1
1108,1W1BA_HC_PL_MEAS_FIB_{MEASURE2}_P006_DX9DY4SDX8SDY17_2020-08-16_15-29-29.BMP,1,1,0,0.93,1
1109,Y50ZI_HC_PL_MEAS_FIB_{MEASURE2}_P004_DX10DY9SDX7SDY16_2020-07-06_15-36-35.BMP,1,1,0,0.85,1
1110,W30E6_HC_PL_MEAS_FIB_{MEASURE2}_P001_DX9DY14SDX8SDY17_2020-06-04_22-44-56.BMP,1,1,1,0.52,1
1111,8Y0K8_HC_PL_MEAS_FIB_{MEASURE2}_P004_DX8DY11SDX2SDY12_2020-10-29_10-14-27.BMP,1,1,1,0.49,1
1112,T10HK_HC_PL_MEAS_FIB_{MEASURE2}_P002_DX12DY6SDX8SDY17_2020-08-16_14-47-16.BMP,1,1,0,0.92,1
1113,Y50XW_HC_PL_MEAS_FIB_{MEASURE2}_P005_DX7DY7SDX8SDY16_2020-05-30_05-28-48.BMP,1,1,1,0.76,1
1114,7N0M6_HC_PL_MEAS_FIB_{MEASURE2}_P001_DX9DY14SDX8SDY16_2020-03-04_20-52-05.BMP,1,1,0,0.59,1
1115,G1070_HC_PL_MEAS_FIB_{MEASURE2}_P003_DX8DY11SDX8SDY16_2020-01-28_11-30-05.BMP,1,1,1,0.47,1
1116,N9HK6_HC_PL_MEAS_FIB_{MEASURE2}_P004_DX10DY9SDX7SDY17_2020-03-29_11-13-03.BMP,1,1,0,0.81,1
1117,T10H0_HC_PL_MEAS_FIB_{MEASURE2}_P007_DX10DY9SDX7SDY14_2020-06-18_17-28-42.BMP,1,1,1,0.51,1
1118,1W1AS_HC_PL_MEAS_FIB_{MEASURE}_P004_DX8DY11SDX2SDY11_2020-10-28_18-05-00.BMP,1,1,0,0.55,1
1119,N9HKA_HC_PL_MEAS_FIB_{MEASURE2}_P001_DX9DY14SDX8SDY17_2020-05-18_07-10-31.BMP,1,1,0,0.8,1
1120,7N0N2_HC_PL_MEAS_FIB_{MEASURE2}_P005_DX7DY7SDX8SDY17_2020-06-06_05-03-32.BMP,1,1,0,0.49,1
1121,T10HQ_HC_PL_MEAS_FIB_{MEASURE2}_P001_DX9DY14SDX8SDY17_2020-05-28_20-11-59.BMP,1,1,1,0.44,1
1122,8Y0KG_HC_PL_MEAS_FIB_{MEASURE2}_P002_DX12DY6SDX8SDY17_2020-02-19_04-57-29.BMP,1,1,0,0.66,1
1123,6U0NO_HC_PL_MEAS_FIB_{MEASURE2}_P007_DX7DY7SDX8SDY15_2020-09-24_17-05-40.BMP,1,1,1,0.54,1
1124,L4HN8_HC_PL_MEAS_FIB_{MEASURE2}_P003_DX8DY11SDX8SDY17_2020-10-14_17-46-32.BMP,1,1,0,0.4,1
1125,Y50RI_HC_PL_MEAS_FIB_{MEASURE2}_P007_DX9DY4SDX8SDY16_2020-10-22_10-24-07.BMP,1,1,0,0.45,1
1126,9A0SM_HC_PL_MEAS_FIB_{MEASURE2}_P004_DX10DY9SDX7SDY16_2020-02-06_22-35-29.BMP,1,1,0,0.49,1
1127,N9HK8_HC_PL_MEAS_FIB_{MEASURE2}_P004_DX10DY9SDX7SDY16_2020-04-04_14-55-38.BMP,1,1,1,0.67,1
1128,8Y0K8_HC_PL_MEAS_FIB_{MEASURE2}_P002_DX9DY14SDX2SDY13_2020-10-23_16-43-58.BMP,1,1,1,0.82,1
1129,4P0QU_HC_PL_MEAS_FIB_{MEASURE2}_P004_DX10DY9SDX7SDY16_2020-10-29_01-12-37.BMP,1,1,0,0.69,1
1130,4P0P2_HC_PL_MEAS_FIB_{MEASURE2}_P006_DX9DY4SDX8SDY17_2020-09-22_05-24-10.BMP,1,1,0,0.72,1
1131,N9HK6_HC_PL_MEAS_FIB_{MEASURE2}_P006_DX9DY4SDX8SDY17_2020-03-29_11-13-03.BMP,1,1,0,0.62,1
1132,1W19Y_HC_PL_MEAS_FIB_{MEASURE2}_P002_DX12DY6SDX8SDY17_2020-02-28_09-05-59.BMP,1,1,1,0.92,1
1133,4P0PK_HC_PL_MEAS_FIB_{MEASURE2}_P001_DX9DY14SDX8SDY17_2020-10-11_02-30-09.BMP,1,1,0,0.67,1
1134,T10HY_HC_PL_MEAS_FIB_{MEASURE2}_P005_DX7DY7SDX8SDY17_2020-06-10_19-18-10.BMP,1,1,0,0.43,1
1135,Y50PU_HC_PL_MEAS_FIB_{MEASURE2}_P004_DX12DY6SDX8SDY16_2020-10-23_06-54-10.BMP,1,1,1,0.9,1
1136,N9HKA_HC_PL_MEAS_FIB_{MEASURE2}_P003_DX8DY11SDX8SDY17_2020-05-18_07-10-31.BMP,1,1,0,0.42,1
1137,N9HKI_HC_PL_MEAS_FIB_{MEASURE2}_P006_DX9DY4SDX8SDY17_2020-07-18_15-47-21.BMP,1,1,1,0.73,1
1138,T10HM_HC_PL_MEAS_FIB_{MEASURE2}_P004_DX10DY9SDX7SDY16_2020-05-28_20-11-15.BMP,1,1,0,0.86,1
1139,T10GU_HC_PL_MEAS_FIB_{MEASURE2}_P006_DX9DY4SDX8SDY17_2020-07-12_09-00-28.BMP,1,1,0,0.53,1
1140,N9HK6_HC_PL_MEAS_FIB_{MEASURE2}_P004_DX10DY9SDX7SDY16_2020-03-29_13-00-50.BMP,1,1,0,0.79,1
1141,N9HKG_HC_PL_MEAS_FIB_{MEASURE2}_P003_DX8DY11SDX8SDY17_2020-06-05_11-17-16.BMP,1,1,1,0.51,1
1142,9A0V2_HC_PL_MEAS_FIB_{MEASURE2}_P002_DX12DY6SDX8SDY17_2020-07-20_20-56-02.BMP,1,1,0,0.82,1
1143,Y511C_HC_PL_MEAS_FIB_{MEASURE2}_P005_DX7DY7SDX8SDY17_2020-10-29_14-08-15.BMP,1,1,0,0.57,1
1144,S702W_HC_PL_MEAS_FIB_{MEASURE2}_P004_DX10DY9SDX7SDY16_2020-09-10_05-12-44.BMP,1,1,0,0.89,1
1145,7N0KQ_HC_PL_MEAS_FIB_{MEASURE2}_P001_DX9DY14SDX8SDY17_2020-01-31_17-48-19.BMP,1,1,0,0.45,1
1146,N9HKA_HC_PL_MEAS_FIB_{MEASURE2}_P004_DX10DY9SDX7SDY16_2020-05-18_07-10-31.BMP,1,1,0,0.46,1
1147,Y50ZQ_HC_PL_MEAS_FIB_{MEASURE2}_P004_DX10DY9SDX7SDY16_2020-07-29_00-04-09.BMP,1,1,1,0.72,1
1148,Y511G_HC_PL_MEAS_FIB_{MEASURE2}_P003_DX8DY11SDX8SDY16_2020-09-27_02-34-41.BMP,1,1,1,0.86,1
1149,Y5118_HC_PL_MEAS_FIB_{MEASURE2}_P006_DX9DY4SDX8SDY16_2020-08-10_23-58-19.BMP,1,1,1,0.93,1
1150,N9HK6_HC_PL_MEAS_FIB_{MEASURE2}_P002_DX12DY6SDX8SDY17_2020-03-29_11-13-03.BMP,1,1,0,0.41,1
1151,G106U_HC_PL_MEAS_FIB_{MEASURE2}_P004_DX10DY9SDX7SDY15_2020-05-25_11-23-10.BMP,1,1,0,0.51,1
1152,4P0P2_HC_PL_MEAS_FIB_{MEASURE2}_P003_DX8DY11SDX8SDY17_2020-09-22_05-24-10.BMP,1,1,0,0.55,1
1153,Y50XW_HC_PL_MEAS_FIB_{MEASURE2}_P006_DX9DY4SDX8SDY16_2020-05-30_05-28-48.BMP,1,1,1,0.71,1
1154,9A0SC_HC_PL_MEAS_FIB_{MEASURE2}_P003_DX8DY11SDX8SDY17_2020-03-17_03-30-57.BMP,1,1,0,0.86,1
1155,T10GU_HC_PL_MEAS_FIB_{MEASURE2}_P004_DX10DY9SDX7SDY16_2020-07-12_09-00-28.BMP,1,1,0,0.65,1
1156,Y50Y8_HC_PL_MEAS_FIB_{MEASURE2}_P005_DX7DY7SDX8SDY17_2020-07-05_06-52-34.BMP,1,1,0,0.58,1
1157,G106Y_HC_PL_MEAS_FIB_{MEASURE2}_P005_DX7DY7SDX8SDY17_2020-05-26_12-35-19.BMP,1,1,0,0.83,1
1158,F70KQ_HC_PL_MEAS_FIB_{MEASURE2}_P004_DX10DY9SDX7SDY14_2020-12-19_13-12-56.BMP,1,1,0,0.81,1
1159,9A0SC_HC_PL_MEAS_FIB_{MEASURE2}_P004_DX10DY9SDX7SDY16_2020-03-17_03-30-57.BMP,1,1,1,0.89,1
1160,7QI8U_HC_PL_MEAS_FIB_{MEASURE2}_P002_DX12DY6SDX8SDY17_2020-11-06_17-51-10.BMP,1,1,0,0.43,1
1161,4P0RO_HC_PL_MEAS_FIB_{MEASURE2}_P004_DX10DY9SDX7SDY16_2020-12-06_14-14-20.BMP,1,1,1,0.63,1
1162,S7012_HC_PL_MEAS_FIB_{MEASURE2}_P006_DX9DY4SDX6SDY17_2020-09-01_20-38-48.BMP,1,1,1,0.45,1
1163,7N0LY_HC_PL_MEAS_FIB_{MEASURE2}_P001_DX9DY14SDX8SDY17_2020-01-26_09-14-21.BMP,1,1,1,0.59,1
1164,W30DW_HC_PL_MEAS_FIB_{MEASURE2}_P005_DX7DY7SDX8SDY17_2020-06-15_16-23-26.BMP,1,1,0,0.42,1
1165,Y511C_HC_PL_MEAS_FIB_{MEASURE2}_P001_DX9DY14SDX8SDY17_2020-10-29_14-08-15.BMP,1,1,1,0.87,1
1166,Y511I_HC_PL_MEAS_FIB_{MEASURE2}_P004_DX10DY9SDX7SDY15_2020-09-03_08-01-40.BMP,1,1,0,0.73,1
1167,8Y0KS_HC_PL_MEAS_FIB_{MEASURE2}_P006_DX9DY4SDX8SDY17_2020-02-18_19-08-31.BMP,1,1,1,0.62,1
1168,T10HY_HC_PL_MEAS_FIB_{MEASURE2}_P001_DX9DY14SDX8SDY17_2020-06-10_19-18-10.BMP,1,1,0,0.56,1
1169,Y50X8_HC_PL_MEAS_FIB_{MEASURE2}_P002_DX12DY6SDX8SDY17_2020-06-14_18-55-28.BMP,1,1,0,0.56,1
1170,7N0N8_HC_PL_MEAS_FIB_{MEASURE2}_P006_DX9DY4SDX8SDY17_2020-05-28_22-25-29.BMP,1,1,1,0.87,1
1171,6U0NY_HC_PL_MEAS_FIB_{MEASURE2}_P003_DX8DY11SDX8SDY14_2020-09-10_01-43-00.BMP,1,1,0,0.54,1
1172,4P0R0_HC_PL_MEAS_FIB_{MEASURE2}_P005_DX7DY7SDX8SDY17_2020-11-18_07-32-13.BMP,1,1,1,0.67,1
1173,1W1AY_HC_PL_MEAS_FIB_{MEASURE2}_P002_DX12DY6SDX8SDY17_2020-11-16_19-11-50.BMP,1,1,0,0.71,1
1174,6U0NY_HC_PL_MEAS_FIB_{MEASURE2}_P003_DX8DY11SDX8SDY17_2020-09-10_00-53-04.BMP,1,1,0,0.54,1
1175,G1070_HC_PL_MEAS_FIB_{MEASURE2}_P001_DX12DY6SDX8SDY17_2020-01-28_07-42-25.BMP,1,1,1,0.41,1
1176,9A0S4_HC_PL_MEAS_FIB_{MEASURE2}_P005_DX7DY7SDX8SDY17_2020-02-04_12-34-55.BMP,1,1,0,0.79,1
1177,7N0LK_HC_PL_MEAS_FIB_{MEASURE2}_P005_DX7DY7SDX8SDY17_2020-02-05_23-38-46.BMP,1,1,1,0.92,1
1178,9A0SO_HC_PL_MEAS_FIB_{MEASURE2}_P005_DX7DY7SDX8SDY17_2020-02-18_15-52-18.BMP,1,1,0,0.69,1
1179,N9HK6_HC_PL_MEAS_FIB_{MEASURE2}_P005_DX7DY7SDX8SDY16_2020-03-29_13-00-50.BMP,1,1,0,0.68,1
1180,Y50YK_HC_PL_MEAS_FIB_{MEASURE2}_P002_DX12DY6SDX8SDY17_2020-05-24_05-55-09.BMP,1,1,0,0.84,1
1181,4P0PO_HC_PL_MEAS_FIB_{MEASURE2}_P001_DX9DY14SDX8SDY17_2020-11-01_14-36-35.BMP,1,1,0,0.44,1
1182,Y50Y8_HC_PL_MEAS_FIB_{MEASURE2}_P004_DX10DY9SDX7SDY16_2020-07-05_06-52-34.BMP,1,1,0,0.57,1
1183,Y50XQ_HC_PL_MEAS_FIB_{MEASURE2}_P004_DX10DY9SDX7SDY16_2020-06-01_19-30-14.BMP,1,1,0,0.47,1
1184,G1070_HC_PL_MEAS_FIB_{MEASURE2}_P006_DX9DY4SDX8SDY17_2020-01-26_08-00-01.BMP,1,1,1,0.49,1
1185,6U0NY_HC_PL_MEAS_FIB_{MEASURE2}_P005_DX7DY7SDX8SDY14_2020-09-10_01-43-00.BMP,1,1,1,0.91,1
1186,S702W_HC_PL_MEAS_FIB_{MEASURE2}_P001_DX9DY14SDX8SDY17_2020-09-10_05-12-44.BMP,1,1,0,0.89,1
1187,1W1AS_HC_PL_MEAS_FIB_{MEASURE2}_P006_DX7DY7SDX2SDY22_2020-10-28_18-05-00.BMP,1,1,0,0.71,1
1188,Y511G_HC_PL_MEAS_FIB_{MEASURE2}_P003_DX8DY11SDX8SDY17_2020-09-26_21-24-48.BMP,1,1,0,0.5,1
1189,S700U_HC_PL_MEAS_FIB_{MEASURE2}_P004_DX10DY9SDX7SDY16_2020-09-26_20-36-11.BMP,1,1,0,0.78,1
1190,N606G_HC_PL_MEAS_FIB_{MEASURE2}_P006_DX9DY4SDX8SDY17_2020-10-15_12-33-35.BMP,1,1,0,0.7,1
1191,T10HY_HC_PL_MEAS_FIB_{MEASURE2}_P003_DX8DY11SDX8SDY17_2020-06-10_19-18-10.BMP,1,1,0,0.76,1
1192,Y50RI_HC_PL_MEAS_FIB_{MEASURE2}_P004_DX8DY11SDX8SDY15_2020-10-22_07-48-25.BMP,1,1,0,0.7,1
1193,Y50YU_HC_PL_MEAS_FIB_{MEASURE2}_P005_DX7DY7SDX8SDY17_2020-06-24_20-08-13.BMP,1,1,0,0.73,1
1194,Y50YU_HC_PL_MEAS_FIB_{MEASURE2}_P006_DX9DY4SDX8SDY17_2020-06-24_20-08-13.BMP,1,1,0,0.69,1
1195,6U0OO_HC_PL_MEAS_FIB_{MEASURE2}_P003_DX8DY11SDX8SDY17_2020-11-19_20-38-45.BMP,1,1,0,0.84,1
1196,Y50RK_HC_PL_MEAS_FIB_{MEASURE2}_P006_DX9DY4SDX8SDY16_2020-11-20_23-24-55.BMP,1,1,0,0.93,1
1197,8Y0K8_HC_PL_MEAS_FIB_{MEASURE2}_P002_DX9DY14SDX2SDY14_2020-10-23_13-24-28.BMP,1,1,1,0.41,1
1198,8Y0K8_HC_PL_MEAS_FIB_{MEASURE2}_P006_DX7DY7SDX2SDY23_2020-10-29_10-14-27.BMP,1,1,1,0.48,1
1199,F70KQ_HC_PL_MEAS_FIB_{MEASURE2}_P001_DX9DY14SDX8SDY15_2020-12-19_13-12-56.BMP,1,1,0,0.86,1
1200,4P0Q2_HC_PL_MEAS_FIB_{MEASURE2}_P004_DX10DY9SDX7SDY16_2020-11-24_12-20-28.BMP,1,1,0,0.85,1
1201,7N0MI_HC_PL_MEAS_FIB_{MEASURE2}_P001_DX9DY14SDX8SDY17_2020-02-06_01-50-52.BMP,1,1,0,0.61,1
1202,Y512I_HC_PL_MEAS_FIB_{MEASURE2}_P004_DX12DY6SDX8SDY17_2020-10-23_04-14-19.BMP,1,1,0,0.44,1
1203,Y512A_HC_PL_MEAS_FIB_{MEASURE2}_P005_DX7DY7SDX8SDY17_2020-05-19_04-56-49.BMP,1,1,0,0.67,1
1204,4P0R0_HC_PL_MEAS_FIB_{MEASURE2}_P002_DX12DY6SDX8SDY17_2020-11-18_07-32-13.BMP,1,1,0,0.62,1
1205,4P0RO_HC_PL_MEAS_FIB_{MEASURE2}_P004_DX10DY9SDX7SDY16_2020-12-06_10-40-26.BMP,1,1,1,0.69,1
1206,S700Q_HC_PL_MEAS_FIB_{MEASURE2}_P001_DX9DY14SDX8SDY17_2020-06-04_05-54-38.BMP,1,1,0,0.83,1
1207,N9HK6_HC_PL_MEAS_FIB_{MEASURE2}_P006_DX9DY4SDX8SDY16_2020-03-29_13-00-50.BMP,1,1,0,0.87,1
1208,9A0SK_HC_PL_MEAS_FIB_{MEASURE2}_P003_DX8DY11SDX8SDY17_2020-02-21_05-11-58.BMP,1,1,1,0.82,1
1209,Y50XM_HC_PL_MEAS_FIB_{MEASURE2}_P004_DX10DY9SDX7SDY16_2020-06-04_21-18-05.BMP,1,1,0,0.53,1
1210,W30DW_HC_PL_MEAS_FIB_{MEASURE2}_P001_DX9DY14SDX8SDY17_2020-06-15_16-23-26.BMP,1,1,0,0.87,1
1211,Y50WY_HC_PL_MEAS_FIB_{MEASURE2}_P004_DX10DY9SDX7SDY16_2020-06-04_05-57-27.BMP,1,1,0,0.67,1
1212,Y50RK_HC_PL_MEAS_FIB_{MEASURE2}_P006_DX10DY9SDX7SDY14_2020-11-24_08-22-44.BMP,1,1,1,0.79,1
1213,1W1BG_HC_PL_MEAS_FIB_{MEASURE2}_P001_DX9DY14SDX8SDY17_2020-03-01_22-03-03.BMP,1,1,0,0.47,1
1214,9A0VM_HC_PL_MEAS_FIB_{MEASURE2}_P002_DX12DY6SDX8SDY17_2020-09-17_18-06-38.BMP,1,1,1,0.48,1
1215,Y5124_HC_PL_MEAS_FIB_{MEASURE2}_P004_DX10DY9SDX7SDY16_2020-12-03_16-27-18.BMP,1,1,0,0.62,1
1216,T10GE_HC_PL_MEAS_FIB_{MEASURE2}_P002_DX12DY6SDX8SDY17_2020-04-29_11-45-49.BMP,1,1,0,0.68,1
1217,1W1AS_HC_PL_MEAS_FIB_{MEASURE2}_P004_DX8DY11SDX2SDY12_2020-10-27_20-39-06.BMP,1,1,0,0.84,1
1218,9A0V2_HC_PL_MEAS_FIB_{MEASURE2}_P004_DX10DY9SDX7SDY16_2020-07-20_20-56-02.BMP,1,1,0,0.93,1
1219,6U0NY_HC_PL_MEAS_FIB_{MEASURE2}_P005_DX7DY7SDX8SDY17_2020-09-10_00-53-04.BMP,1,1,0,0.86,1
1220,L4HM8_HC_PL_MEAS_FIB_{MEASURE2}_P005_DX7DY7SDX8SDY17_2020-08-19_15-37-22.BMP,1,1,0,0.81,1
1221,1W1AS_HC_PL_MEAS_FIB_{MEASURE2}_P007_DX9DY4SDX2SDY23_2020-10-27_20-39-06.BMP,1,1,0,0.77,1
1222,7N0H0_HC_PL_MEAS_FIB_{MEASURE2}_P006_DX9DY4SDX8SDY17_2019-12-30_17-47-42.BMP,1,1,1,0.93,1
1223,6U0NU_HC_PL_MEAS_FIB_{MEASURE2}_P003_DX8DY11SDX8SDY17_2020-09-05_21-26-43.BMP,1,1,0,0.75,1
1224,L4HMY_HC_PL_MEAS_FIB_{MEASURE2}_P001_DX9DY14SDX8SDY17_2020-10-08_17-53-21.BMP,1,1,0,0.58,1
1225,T10HC_HC_PL_MEAS_FIB_{MEASURE2}_P005_DX7DY7SDX8SDY17_2020-04-30_02-22-54.BMP,1,1,1,0.79,1
1226,Y50XW_HC_PL_MEAS_FIB_{MEASURE2}_P002_DX12DY6SDX8SDY16_2020-05-30_05-28-48.BMP,1,1,1,0.72,1
1227,8Y0KQ_HC_PL_MEAS_FIB_{MEASURE2}_P001_DX9DY14SDX8SDY17_2020-02-04_17-22-34.BMP,1,1,1,0.79,1
1228,1W1BA_HC_PL_MEAS_FIB_{MEASURE2}_P001_DX9DY14SDX8SDY17_2020-08-16_15-29-29.BMP,1,1,1,0.79,1
1229,Y50QQ_HC_PL_MEAS_FIB_{MEASURE2}_P005_DX10DY9SDX4SDY24_2020-11-25_11-17-09.BMP,1,1,1,0.84,1
1230,1W1AS_HC_PL_MEAS_FIB_{MEASURE2}_P006_DX7DY7SDX2SDY23_2020-10-27_20-39-06.BMP,1,1,0,0.68,1
1231,2CICQ_HC_PL_MEAS_FIB_{MEASURE2}_P001_DX9DY14SDX8SDY17_2020-07-24_15-21-44.BMP,1,1,0,0.83,1
1232,T10GG_HC_PL_MEAS_FIB_{MEASURE2}_P001_DX9DY14SDX8SDY17_2020-07-29_00-03-03.BMP,1,1,0,0.46,1
1233,W30DW_HC_PL_MEAS_FIB_{MEASURE2}_P004_DX10DY9SDX7SDY16_2020-06-15_16-23-26.BMP,1,1,1,0.9,1
1234,T10FU_HC_PL_MEAS_FIB_{MEASURE2}_P006_DX9DY4SDX8SDY17_2020-04-16_07-48-16.BMP,1,1,0,0.49,1
1235,G106Y_HC_PL_MEAS_FIB_{MEASURE2}_P002_DX12DY6SDX8SDY17_2020-05-26_12-35-19.BMP,1,1,1,0.67,1
1236,2CICK_HC_PL_MEAS_FIB_{MEASURE2}_P004_DX10DY9SDX7SDY16_2020-07-01_22-55-04.BMP,1,1,0,0.69,1
1237,9A0V6_HC_PL_MEAS_FIB_{MEASURE2}_P004_DX10DY9SDX7SDY16_2020-09-11_14-51-46.BMP,1,1,1,0.57,1
1238,7QI8U_HC_PL_MEAS_FIB_{MEASURE2}_P001_DX9DY14SDX8SDY17_2020-11-06_17-51-10.BMP,1,1,0,0.8,1
1239,1W1AY_HC_PL_MEAS_FIB_{MEASURE2}_P001_DX9DY14SDX8SDY17_2020-11-16_19-11-50.BMP,1,1,0,0.54,1
1240,S700K_HC_PL_MEAS_FIB_{MEASURE2}_P006_DX9DY4SDX8SDY17_2020-05-30_06-53-48.BMP,1,1,0,0.52,1
1241,2CICS_HC_PL_MEAS_FIB_{MEASURE2}_P001_DX9DY14SDX8SDY17_2020-08-23_17-17-42.BMP,1,1,0,0.47,1
1242,8Y0K8_HC_PL_MEAS_FIB_{MEASURE2}_P007_DX9DY4SDX2SDY24_2020-10-23_16-43-58.BMP,1,1,0,0.45,1
1243,2CICK_HC_PL_MEAS_FIB_{MEASURE2}_P002_DX12DY6SDX8SDY17_2020-07-01_22-55-04.BMP,1,1,0,0.7,1
1244,8Y0KS_HC_PL_MEAS_FIB_{MEASURE2}_P004_DX10DY9SDX7SDY16_2020-02-18_19-08-31.BMP,1,1,0,0.86,1
1245,W30E2_HC_PL_MEAS_FIB_{MEASURE2}_P006_DX9DY4SDX8SDY17_2020-07-03_17-43-28.BMP,1,1,0,0.43,1
1246,N9HK6_HC_PL_MEAS_FIB_{MEASURE2}_P004_DX10DY9SDX7SDY15_2020-03-29_15-32-07.BMP,1,1,1,0.79,1
1247,Y510O_HC_PL_MEAS_FIB_{MEASURE2}_P001_DX9DY14SDX8SDY17_2020-06-10_05-45-39.BMP,1,1,1,0.64,1
1248,G106Y_HC_PL_MEAS_FIB_{MEASURE2}_P004_DX10DY9SDX7SDY16_2020-05-26_12-35-19.BMP,1,1,0,0.41,1
1249,7QI8U_HC_PL_MEAS_FIB_{MEASURE2}_P004_DX10DY9SDX7SDY16_2020-11-06_17-51-10.BMP,1,1,1,0.81,1
1250,9A0SM_HC_PL_MEAS_FIB_{MEASURE2}_P002_DX12DY6SDX8SDY17_2020-02-06_22-35-29.BMP,1,1,0,0.63,1
1251,W1HVA_HC_PL_MEAS_FIB_{MEASURE2}_P004_DX10DY9SDX7SDY16_2020-09-29_05-49-17.BMP,1,1,0,0.49,1
1252,6U0NY_HC_PL_MEAS_FIB_{MEASURE2}_P002_DX12DY6SDX8SDY17_2020-09-10_00-53-04.BMP,1,1,1,0.88,1
1253,N9HK6_HC_PL_MEAS_FIB_{MEASURE2}_P001_DX9DY14SDX8SDY17_2020-03-29_11-13-03.BMP,1,1,1,0.89,1
1254,Y50RK_HC_PL_MEAS_FIB_{MEASURE2}_P002_DX12DY6SDX8SDY16_2020-11-20_23-24-55.BMP,1,1,0,0.74,1
1255,8Y0KQ_HC_PL_MEAS_FIB_{MEASURE2}_P002_DX12DY6SDX8SDY16_2020-02-04_19-41-16.BMP,1,1,0,0.52,1
1256,Y50RI_HC_PL_MEAS_FIB_{MEASURE2}_P005_DX10DY9SDX7SDY14_2020-10-22_07-48-25.BMP,1,1,0,0.54,1
1257,W30E6_HC_PL_MEAS_FIB_{MEASURE2}_P004_DX10DY9SDX7SDY16_2020-06-04_22-44-56.BMP,1,1,1,0.8,1
1258,7N0N0_HC_PL_MEAS_FIB_{MEASURE2}_P005_DX7DY7SDX8SDY17_2020-05-07_21-54-15.BMP,1,1,0,0.48,1
1259,T10HC_HC_PL_MEAS_FIB_{MEASURE2}_P001_DX9DY14SDX8SDY17_2020-04-30_02-22-54.BMP,1,1,0,0.86,1
1260,S7016_HC_PL_MEAS_FIB_{MEASURE2}_P004_DX10DY9SDX7SDY16_2020-09-26_17-16-30.BMP,1,1,0,0.59,1
1261,1W1AU_HC_PL_MEAS_FIB_{MEASURE2}_P003_DX8DY11SDX8SDY16_2020-08-09_01-01-12.BMP,1,1,0,0.69,1
1262,9A0S8_HC_PL_MEAS_FIB_{MEASURE2}_P001_DX9DY14SDX8SDY17_2020-04-17_10-17-06.BMP,1,1,0,0.57,1
1263,Y50X2_HC_PL_MEAS_FIB_{MEASURE2}_P006_DX9DY4SDX8SDY17_2020-06-04_05-58-57.BMP,1,1,0,0.83,1
1264,Y5124_HC_PL_MEAS_FIB_{MEASURE2}_P001_DX9DY14SDX8SDY16_2020-12-05_15-02-20.BMP,1,1,1,0.79,1
1265,8Y0K8_HC_PL_MEAS_FIB_{MEASURE2}_P005_DX10DY9SDX4SDY24_2020-10-23_16-43-58.BMP,1,1,0,0.62,1
1266,Y50PU_HC_PL_MEAS_FIB_{MEASURE2}_P006_DX10DY9SDX7SDY15_2020-10-23_06-54-10.BMP,1,1,0,0.46,1
1267,Y50X8_HC_PL_MEAS_FIB_{MEASURE2}_P004_DX10DY9SDX7SDY16_2020-06-14_18-55-28.BMP,1,1,1,0.77,1
1268,W30E6_HC_PL_MEAS_FIB_{MEASURE2}_P006_DX9DY4SDX8SDY17_2020-06-04_22-44-56.BMP,1,1,0,0.66,1
1269,S700O_HC_PL_MEAS_FIB_{MEASURE2}_P001_DX9DY14SDX8SDY17_2020-05-30_03-27-42.BMP,1,1,0,0.43,1
1270,F70KQ_HC_PL_MEAS_FIB_{MEASURE2}_P004_DX10DY9SDX7SDY16_2020-12-19_08-54-52.BMP,1,1,0,0.93,1
1271,4P0RO_HC_PL_MEAS_FIB_{MEASURE2}_P006_DX9DY4SDX8SDY17_2020-12-06_10-40-26.BMP,1,1,1,0.81,1
1272,Y50RI_HC_PL_MEAS_FIB_{MEASURE2}_P003_DX9DY14SDX8SDY16_2020-10-22_10-24-07.BMP,1,1,0,0.54,1
1273,5D0I6_HC_PL_MEAS_FIB_{MEASURE2}_P004_DX10DY9SDX7SDY16_2019-12-29_01-50-21.BMP,1,1,0,0.45,1
1274,F70KQ_HC_PL_MEAS_FIB_{MEASURE2}_P002_DX12DY6SDX8SDY15_2020-12-19_13-12-56.BMP,1,1,0,0.57,1
1275,N9HK6_HC_PL_MEAS_FIB_{MEASURE2}_P001_DX9DY14SDX8SDY15_2020-03-29_15-32-07.BMP,1,1,0,0.8,1
1276,Y511Y_HC_PL_MEAS_FIB_{MEASURE2}_P005_DX7DY7SDX8SDY17_2020-12-08_06-19-21.BMP,1,1,0,0.75,1
1277,4P0PU_HC_PL_MEAS_FIB_{MEASURE2}_P004_DX10DY9SDX7SDY16_2020-10-09_02-36-53.BMP,1,1,0,0.55,1
1278,2CICQ_HC_PL_MEAS_FIB_{MEASURE2}_P005_DX7DY7SDX8SDY17_2020-07-24_15-21-44.BMP,1,1,0,0.83,1
1279,6U0OC_HC_PL_MEAS_FIB_{MEASURE2}_P002_DX12DY6SDX8SDY17_2020-09-13_12-07-37.BMP,1,1,0,0.48,1
1280,9A0SM_HC_PL_MEAS_FIB_{MEASURE2}_P005_DX7DY7SDX8SDY17_2020-02-06_22-35-29.BMP,1,1,0,0.91,1
1281,6U0OC_HC_PL_MEAS_FIB_{MEASURE2}_P003_DX8DY11SDX8SDY17_2020-09-13_12-07-37.BMP,1,1,1,0.48,1
1282,1W1AU_HC_PL_MEAS_FIB_{MEASURE2}_P005_DX7DY7SDX8SDY16_2020-08-09_01-01-12.BMP,1,1,0,0.62,1
1283,4P0P2_HC_PL_MEAS_FIB_{MEASURE2}_P004_DX10DY9SDX7SDY16_2020-09-22_05-24-10.BMP,1,1,1,0.69,1
1284,S700Q_HC_PL_MEAS_FIB_{MEASURE2}_P002_DX12DY6SDX8SDY17_2020-06-04_05-54-38.BMP,1,1,1,0.51,1
1285,F70KQ_HC_PL_MEAS_FIB_{MEASURE2}_P003_DX8DY11SDX8SDY15_2020-12-19_13-12-56.BMP,1,1,0,0.84,1
1286,G1070_HC_PL_MEAS_FIB_{MEASURE2}_P004_DX10DY9SDX7SDY16_2020-01-26_08-00-01.BMP,1,1,1,0.56,1
1287,Y50XY_HC_PL_MEAS_FIB_{MEASURE2}_P001_DX9DY14SDX8SDY17_2020-08-06_17-28-39.BMP,1,1,0,0.45,1
1288,Y50X8_HC_PL_MEAS_FIB_{MEASURE2}_P005_DX7DY7SDX8SDY17_2020-06-14_18-55-28.BMP,1,1,0,0.8,1
1289,7N0LK_HC_PL_MEAS_FIB_{MEASURE2}_P006_DX9DY4SDX8SDY17_2020-02-05_23-38-46.BMP,1,1,1,0.83,1
1290,Y50RK_HC_PL_MEAS_FIB_{MEASURE2}_P007_DX7DY7SDX8SDY15_2020-11-24_08-22-44.BMP,1,1,1,0.64,1
1291,Y50XS_HC_PL_MEAS_FIB_{MEASURE2}_P006_DX9DY4SDX8SDY17_2020-06-05_09-30-58.BMP,1,1,1,0.91,1
1292,8Y0KG_HC_PL_MEAS_FIB_{MEASURE2}_P006_DX9DY4SDX8SDY17_2020-02-19_04-57-29.BMP,1,1,0,0.67,1
1293,1W1AS_HC_PL_MEAS_FIB_{MEASURE2}_P004_DX10DY9SDX4SDY24_2020-10-25_01-53-36.BMP,1,1,0,0.84,1
1294,Y50XW_HC_PL_MEAS_FIB_{MEASURE2}_P004_DX10DY9SDX7SDY15_2020-05-30_05-28-48.BMP,1,1,1,0.41,1
1295,Y50X4_HC_PL_MEAS_FIB_{MEASURE2}_P001_DX9DY14SDX6SDY17_2020-10-22_02-32-02.BMP,1,1,0,0.44,1
1296,Y50XA_HC_PL_MEAS_FIB_{MEASURE2}_P004_DX10DY9SDX7SDY16_2020-06-30_21-11-29.BMP,1,1,0,0.67,1
1297,Y510Y_HC_PL_MEAS_FIB_{MEASURE2}_P005_DX7DY7SDX8SDY17_2020-04-08_03-52-48.BMP,1,1,1,0.67,1
1298,W30E6_HC_PL_MEAS_FIB_{MEASURE2}_P005_DX7DY7SDX8SDY17_2020-06-04_22-44-56.BMP,1,1,0,0.68,1
1299,6U0NY_HC_PL_MEAS_FIB_{MEASURE2}_P002_DX12DY6SDX8SDY14_2020-09-10_01-43-00.BMP,1,1,0,0.6,1
1300,6U0NO_HC_PL_MEAS_FIB_{MEASURE2}_P005_DX7DY7SDX8SDY17_2020-09-24_01-39-29.BMP,1,1,1,0.55,1
1301,N606G_HC_PL_MEAS_FIB_{MEASURE2}_P001_DX9DY14SDX8SDY17_2020-10-15_12-33-35.BMP,1,1,0,0.53,1
1302,S700K_HC_PL_MEAS_FIB_{MEASURE2}_P005_DX7DY7SDX8SDY17_2020-05-30_06-53-48.BMP,1,1,1,0.65,1
1303,N6064_HC_PL_MEAS_FIB_{MEASURE2}_P005_DX7DY7SDX8SDY17_2020-10-08_08-38-32.BMP,1,1,0,0.51,1
1304,N9HK8_HC_PL_MEAS_FIB_{MEASURE2}_P003_DX8DY11SDX8SDY17_2020-04-04_14-55-38.BMP,1,1,1,0.73,1
1305,1W1B8_HC_PL_MEAS_FIB_{MEASURE2}_P003_DX8DY11SDX8SDY17_2020-10-13_02-25-35.BMP,1,1,0,0.62,1
1306,4P0SG_HC_PL_MEAS_FIB_{MEASURE2}_P004_DX10DY9SDX7SDY16_2020-09-15_03-04-47.BMP,1,1,1,0.65,1
1307,N9HK4_HC_PL_MEAS_FIB_{MEASURE2}_P005_DX7DY7SDX8SDY17_2020-03-31_22-27-28.BMP,1,1,0,0.85,1
1308,Y50PU_HC_PL_MEAS_FIB_{MEASURE2}_P003_DX9DY14SDX8SDY15_2020-10-23_06-54-10.BMP,1,1,0,0.86,1
1309,N9HK4_HC_PL_MEAS_FIB_{MEASURE2}_P003_DX8DY11SDX8SDY17_2020-03-31_22-27-28.BMP,1,1,0,0.41,1
1310,N9HKG_HC_PL_MEAS_FIB_{MEASURE2}_P001_DX9DY14SDX8SDY17_2020-06-05_11-17-16.BMP,1,1,0,0.78,1
1311,Y50Y8_HC_PL_MEAS_FIB_{MEASURE2}_P002_DX12DY6SDX8SDY17_2020-07-05_06-52-34.BMP,1,1,0,0.94,1
1312,6U0NO_HC_PL_MEAS_FIB_{MEASURE2}_P001_DX9DY14SDX8SDY17_2020-09-24_01-39-29.BMP,1,1,0,0.82,1
1313,Y510Y_HC_PL_MEAS_FIB_{MEASURE2}_P004_DX10DY9SDX7SDY16_2020-04-08_03-52-48.BMP,1,1,0,0.73,1
1314,6U0OG_HC_PL_MEAS_FIB_{MEASURE2}_P002_DX12DY6SDX8SDY17_2020-09-04_20-14-41.BMP,1,1,0,0.86,1
1315,7N0H0_HC_PL_MEAS_FIB_{MEASURE2}_P005_DX7DY7SDX8SDY17_2019-12-30_17-47-42.BMP,1,1,0,0.62,1
1316,Y50RI_HC_PL_MEAS_FIB_{MEASURE2}_P006_DX7DY7SDX8SDY15_2020-10-22_07-48-25.BMP,1,1,0,0.72,1
1317,Y50X8_HC_PL_MEAS_FIB_{MEASURE2}_P006_DX9DY4SDX8SDY17_2020-06-14_18-55-28.BMP,1,1,1,0.5,1
1318,8FJ3Q_HC_PL_MEAS_FIB_{MEASURE2}_P005_DX7DY7SDX8SDY16_2020-02-16_04-29-39.BMP,1,1,0,0.43,1
1319,8Y0KG_HC_PL_MEAS_FIB_{MEASURE2}_P004_DX10DY9SDX7SDY16_2020-02-19_04-57-29.BMP,1,1,1,0.52,1
1320,W30DU_HC_PL_MEAS_FIB_{MEASURE2}_P001_DX9DY14SDX8SDY17_2020-06-01_21-07-13.BMP,1,1,1,0.89,1
1321,1W1BG_HC_PL_MEAS_FIB_{MEASURE2}_P003_DX8DY11SDX8SDY17_2020-03-01_22-03-03.BMP,1,1,0,0.49,1
1322,2CICQ_HC_PL_MEAS_FIB_{MEASURE2}_P002_DX12DY6SDX8SDY17_2020-07-24_15-21-44.BMP,1,1,1,0.55,1
1323,N9HK6_HC_PL_MEAS_FIB_{MEASURE2}_P005_DX7DY7SDX8SDY17_2020-03-29_11-13-03.BMP,1,1,0,0.43,1
1324,G106U_HC_PL_MEAS_FIB_{MEASURE2}_P001_DX9DY14SDX8SDY17_2020-05-25_07-10-30.BMP,1,1,0,0.42,1
1325,4P0RM_HC_PL_MEAS_FIB_{MEASURE2}_P001_DX9DY14SDX8SDY16_2020-11-01_04-09-24.BMP,1,1,0,0.59,1
1326,7N0LG_HC_PL_MEAS_FIB_{MEASURE2}_P005_DX7DY7SDX8SDY17_2020-02-06_01-04-17.BMP,1,1,0,0.68,1
1327,Y511I_HC_PL_MEAS_FIB_{MEASURE2}_P006_DX9DY4SDX8SDY17_2020-09-03_05-41-17.BMP,1,1,1,0.51,1
1328,N9HKI_HC_PL_MEAS_FIB_{MEASURE2}_P002_DX12DY6SDX8SDY17_2020-07-18_15-47-21.BMP,1,1,1,0.9,1
1329,1W1AU_HC_PL_MEAS_FIB_{MEASURE2}_P006_DX9DY4SDX8SDY16_2020-08-09_01-01-12.BMP,1,1,0,0.81,1
1330,N9HK6_HC_PL_MEAS_FIB_{MEASURE2}_P003_DX8DY11SDX8SDY17_2020-03-29_11-13-03.BMP,1,1,0,0.51,1
1331,N6064_HC_PL_MEAS_FIB_{MEASURE2}_P001_DX9DY14SDX8SDY17_2020-10-08_08-38-32.BMP,1,1,1,0.89,1
1332,N606A_HC_PL_MEAS_FIB_{MEASURE2}_P001_DX9DY14SDX8SDY17_2020-12-01_04-38-01.BMP,1,1,0,0.58,1
1333,4P0R2_HC_PL_MEAS_FIB_{MEASURE2}_P001_DX9DY14SDX8SDY17_2020-10-21_18-49-05.BMP,1,1,0,0.7,1
1334,Y50PU_HC_PL_MEAS_FIB_{MEASURE2}_P005_DX8DY11SDX8SDY16_2020-10-23_06-54-10.BMP,1,1,0,0.9,1
1335,S7004_HC_PL_MEAS_FIB_{MEASURE2}_P005_DX7DY7SDX8SDY17_2020-08-07_02-41-43.BMP,1,1,1,0.64,1
1336,N9HK6_HC_PL_MEAS_FIB_{MEASURE2}_P005_DX7DY7SDX8SDY15_2020-03-29_15-32-07.BMP,1,1,0,0.49,1
1337,Y50X6_HC_PL_MEAS_FIB_{MEASURE2}_P002_DX12DY6SDX8SDY17_2020-06-06_04-51-17.BMP,1,1,0,0.79,1
1338,N9HK6_HC_PL_MEAS_FIB_{MEASURE2}_P002_DX12DY6SDX8SDY16_2020-03-29_13-00-50.BMP,1,1,0,0.45,1
1339,F70KQ_HC_PL_MEAS_FIB_{MEASURE2}_P003_DX8DY11SDX8SDY17_2020-12-19_08-54-52.BMP,1,1,0,0.57,1
1340,Y50SE_HC_PL_MEAS_FIB_{MEASURE2}_P005_DX7DY7SDX8SDY17_2020-06-23_03-27-39.BMP,1,1,0,0.81,1
1341,Y50YQ_HC_PL_MEAS_FIB_{MEASURE2}_P002_DX12DY6SDX8SDY17_2020-05-25_02-18-35.BMP,1,1,0,0.84,1
1342,Y50RW_HC_PL_MEAS_FIB_{MEASURE2}_P002_DX12DY6SDX8SDY17_2020-05-28_20-15-16.BMP,1,1,0,0.56,1
1343,N9HKA_HC_PL_MEAS_FIB_{MEASURE2}_P005_DX7DY7SDX8SDY17_2020-05-18_07-10-31.BMP,1,1,0,0.62,1
1344,7N0JE_HC_PL_MEAS_FIB_{MEASURE2}_P004_DX10DY9SDX7SDY16_2020-01-27_23-15-20.BMP,1,1,1,0.64,1
1345,Y50Q2_HC_PL_MEAS_FIB_{MEASURE2}_P003_DX8DY11SDX8SDY15_2020-07-02_14-26-01.BMP,1,1,1,0.5,1
1346,7N0MI_HC_PL_MEAS_FIB_{MEASURE2}_P004_DX10DY9SDX7SDY16_2020-02-06_01-50-52.BMP,1,1,0,0.79,1
1347,Y50RK_HC_PL_MEAS_FIB_{MEASURE2}_P004_DX10DY9SDX7SDY15_2020-11-20_23-24-55.BMP,1,1,0,0.74,1
1348,Y50YS_HC_PL_MEAS_FIB_{MEASURE2}_P005_DX7DY7SDX8SDY17_2020-06-24_20-05-11.BMP,1,1,0,0.86,1
1349,Y511S_HC_PL_MEAS_FIB_{MEASURE2}_P001_DX9DY14SDX8SDY17_2020-05-09_23-38-57.BMP,1,1,1,0.72,1
1350,8Y0KQ_HC_PL_MEAS_FIB_{MEASURE2}_P001_DX9DY14SDX8SDY16_2020-02-04_19-41-16.BMP,1,1,0,0.72,1
1351,Y511C_HC_PL_MEAS_FIB_{MEASURE2}_P006_DX7DY7SDX8SDY15_2020-10-30_07-18-29.BMP,1,1,0,0.41,1
1352,1W1AS_HC_PL_MEAS_FIB_{MEASURE2}_P005_DX7DY7SDX2SDY24_2020-10-25_01-53-36.BMP,1,1,1,0.91,1
1353,N9HKG_HC_PL_MEAS_FIB_{MEASURE2}_P004_DX10DY9SDX7SDY16_2020-06-05_11-17-16.BMP,1,1,0,0.75,1
1354,7N0LK_HC_PL_MEAS_FIB_{MEASURE2}_P004_DX10DY9SDX7SDY15_2020-02-06_00-49-58.BMP,1,1,1,0.73,1
1355,8Y0K8_HC_PL_MEAS_FIB_{MEASURE2}_P002_DX9DY14SDX2SDY12_2020-10-29_10-14-27.BMP,1,1,0,0.52,1
1356,9A0S4_HC_PL_MEAS_FIB_{MEASURE2}_P001_DX9DY14SDX8SDY17_2020-02-04_12-34-55.BMP,1,1,0,0.5,1
1357,Y5124_HC_PL_MEAS_FIB_{MEASURE2}_P003_DX8DY11SDX8SDY17_2020-12-03_16-27-18.BMP,1,1,0,0.51,1
1358,7QI8I_HC_PL_MEAS_FIB_{MEASURE2}_P004_DX10DY9SDX7SDY16_2020-09-25_16-18-28.BMP,1,1,1,0.81,1
1359,7N0KS_HC_PL_MEAS_FIB_{MEASURE2}_P006_DX9DY4SDX8SDY17_2020-02-04_19-25-06.BMP,1,1,0,0.5,1
1360,G106U_HC_PL_MEAS_FIB_{MEASURE2}_P001_DX9DY14SDX8SDY16_2020-05-25_11-23-10.BMP,1,1,0,0.85,1
1361,Y50QY_HC_PL_MEAS_FIB_{MEASURE2}_P004_DX10DY9SDX7SDY16_2020-06-10_17-49-30.BMP,1,1,1,0.84,1
1362,Y50RI_HC_PL_MEAS_FIB_{MEASURE2}_P005_DX7DY7SDX8SDY17_2020-10-22_02-42-19.BMP,1,1,0,0.46,1
1363,G1070_HC_PL_MEAS_FIB_{MEASURE2}_P003_DX8DY11SDX8SDY17_2020-01-26_08-00-01.BMP,1,1,1,0.48,1
1364,8Y0KQ_HC_PL_MEAS_FIB_{MEASURE2}_P004_DX10DY9SDX7SDY15_2020-02-04_19-41-16.BMP,1,1,0,0.85,1
1365,Y50ZM_HC_PL_MEAS_FIB_{MEASURE2}_P005_DX7DY7SDX8SDY17_2020-05-31_12-49-44.BMP,1,1,0,0.85,1
1366,L4HKW_HC_PL_MEAS_FIB_{MEASURE2}_P006_DX9DY4SDX8SDY17_2020-09-05_10-10-46.BMP,1,1,1,0.91,1
1367,9A0S4_HC_PL_MEAS_FIB_{MEASURE2}_P003_DX8DY11SDX8SDY17_2020-02-04_12-34-55.BMP,1,1,0,0.45,1
1368,Y50YC_HC_PL_MEAS_FIB_{MEASURE2}_P005_DX7DY7SDX8SDY17_2020-08-22_22-38-21.BMP,1,1,0,0.4,1
1369,3XI7G_HC_PL_MEAS_FIB_{MEASURE2}_P005_DX7DY7SDX8SDY16_2020-04-22_16-08-13.BMP,1,1,1,0.42,1
1370,Y50XE_HC_PL_MEAS_FIB_{MEASURE2}_P005_DX7DY7SDX8SDY17_2020-06-27_14-13-26.BMP,1,1,1,0.8,1
1371,1W1AS_HC_PL_MEAS_FIB_{MEASURE2}_P002_DX12DY6SDX3SDY13_2020-10-25_01-53-36.BMP,1,1,0,0.76,1
1372,G1070_HC_PL_MEAS_FIB_{MEASURE2}_P002_DX12DY6SDX8SDY17_2020-01-26_08-00-01.BMP,1,1,0,0.4,1
1373,T10HY_HC_PL_MEAS_FIB_{MEASURE2}_P006_DX9DY4SDX8SDY17_2020-06-10_19-18-10.BMP,1,1,0,0.58,1
1374,7N0JE_HC_PL_MEAS_FIB_{MEASURE2}_P006_DX9DY4SDX8SDY17_2020-01-27_23-15-20.BMP,1,1,0,0.59,1
1375,9A0V6_HC_PL_MEAS_FIB_{MEASURE2}_P005_DX7DY7SDX8SDY17_2020-09-11_14-51-46.BMP,1,1,0,0.65,1
1376,Y50RI_HC_PL_MEAS_FIB_{MEASURE2}_P008_DX7DY7SDX8SDY15_2020-10-22_10-24-07.BMP,1,1,0,0.62,1
1377,7N0N6_HC_PL_MEAS_FIB_{MEASURE2}_P004_DX10DY9SDX7SDY16_2020-06-04_23-54-34.BMP,1,1,0,0.6,1
1378,Y510Y_HC_PL_MEAS_FIB_{MEASURE2}_P001_DX9DY14SDX8SDY17_2020-04-08_03-52-48.BMP,1,1,0,0.65,1
1379,4P0QU_HC_PL_MEAS_FIB_{MEASURE2}_P004_DX10DY9SDX7SDY15_2020-10-29_10-58-49.BMP,1,1,0,0.63,1
1380,4P0PU_HC_PL_MEAS_FIB_{MEASURE2}_P004_DX10DY9SDX7SDY15_2020-10-09_04-12-29.BMP,1,1,0,0.76,1
1381,6U0OG_HC_PL_MEAS_FIB_{MEASURE2}_P004_DX10DY9SDX7SDY16_2020-09-04_20-14-41.BMP,1,1,0,0.9,1
1382,7N0JE_HC_PL_MEAS_FIB_{MEASURE2}_P003_DX8DY11SDX8SDY17_2020-01-27_23-15-20.BMP,1,1,0,0.89,1
1383,Y50Q2_HC_PL_MEAS_FIB_{MEASURE2}_P003_DX8DY11SDX8SDY17_2020-07-02_09-29-40.BMP,1,1,1,0.85,1
1384,1W1B2_HC_PL_MEAS_FIB_{MEASURE2}_P001_DX9DY14SDX8SDY17_2020-11-29_16-51-43.BMP,1,1,1,0.75,1
1385,Y50RK_HC_PL_MEAS_FIB_{MEASURE2}_P004_DX12DY6SDX8SDY15_2020-11-24_08-22-44.BMP,1,1,0,0.92,1
1386,N9HKI_HC_PL_MEAS_FIB_{MEASURE2}_P005_DX7DY7SDX8SDY17_2020-07-18_15-47-21.BMP,1,1,0,0.56,1
1387,Y50XY_HC_PL_MEAS_FIB_{MEASURE2}_P003_DX8DY11SDX8SDY17_2020-08-06_17-28-39.BMP,1,1,1,0.51,1
1388,Y511G_HC_PL_MEAS_FIB_{MEASURE2}_P006_DX9DY4SDX8SDY17_2020-09-26_21-24-48.BMP,1,1,0,0.77,1
1389,8Y0KG_HC_PL_MEAS_FIB_{MEASURE2}_P003_DX8DY11SDX8SDY17_2020-02-19_04-57-29.BMP,1,1,0,0.54,1
1390,Y511C_HC_PL_MEAS_FIB_{MEASURE2}_P005_DX7DY7SDX8SDY17_2020-10-29_01-40-49.BMP,1,1,0,0.78,1
1391,6U0NY_HC_PL_MEAS_FIB_{MEASURE2}_P001_DX9DY14SDX8SDY14_2020-09-10_01-43-00.BMP,1,1,1,0.75,1
1392,1W1AS_HC_PL_MEAS_FIB_{MEASURE2}_P005_DX10DY9SDX4SDY22_2020-10-28_18-05-00.BMP,1,1,1,0.52,1
1393,S7016_HC_PL_MEAS_FIB_{MEASURE2}_P001_DX9DY14SDX8SDY17_2020-09-26_17-16-30.BMP,1,1,0,0.74,1
1394,8Y0KU_HC_PL_MEAS_FIB_{MEASURE2}_P006_DX9DY4SDX8SDY17_2020-04-15_14-27-21.BMP,1,1,0,0.6,1
1395,Y50XU_HC_PL_MEAS_FIB_{MEASURE2}_P002_DX12DY6SDX8SDY17_2020-06-12_03-36-12.BMP,1,1,0,0.43,1
1396,7N0L6_HC_PL_MEAS_FIB_{MEASURE2}_P001_DX9DY14SDX8SDY17_2020-01-01_07-37-13.BMP,1,1,0,0.52,1
1397,Y50RK_HC_PL_MEAS_FIB_{MEASURE2}_P003_DX8DY11SDX8SDY16_2020-11-20_23-24-55.BMP,1,1,1,0.54,1
1398,1W1AS_HC_PL_MEAS_FIB_{MEASURE2}_P006_DX8DY7SDX14SDY22_2020-10-28_00-53-46.BMP,1,1,0,0.49,1
1399,9A0SM_HC_PL_MEAS_FIB_{MEASURE2}_P003_DX8DY11SDX8SDY17_2020-02-06_22-35-29.BMP,1,1,0,0.76,1
1400,G1070_HC_PL_MEAS_FIB_{MEASURE2}_P001_DX9DY14SDX8SDY16_2020-01-28_11-30-05.BMP,1,1,0,0.74,1
1401,T10HM_HC_PL_MEAS_FIB_{MEASURE2}_P006_DX9DY4SDX8SDY17_2020-05-28_20-11-15.BMP,1,1,1,0.84,1
1402,7QI8O_HC_PL_MEAS_FIB_{MEASURE2}_P004_DX10DY9SDX7SDY16_2020-10-14_14-13-23.BMP,1,1,1,0.48,1
1403,Y50YC_HC_PL_MEAS_FIB_{MEASURE2}_P002_DX12DY6SDX8SDY17_2020-08-22_22-38-21.BMP,1,1,0,0.82,1
1404,8FJ40_HC_PL_MEAS_FIB_{MEASURE2}_P006_DX9DY4SDX8SDY17_2020-03-09_04-45-59.BMP,1,1,1,0.59,1
1405,8Y0KU_HC_PL_MEAS_FIB_{MEASURE2}_P003_DX8DY11SDX8SDY17_2020-04-15_14-27-21.BMP,1,1,1,0.71,1
1406,7N0M6_HC_PL_MEAS_FIB_{MEASURE2}_P004_DX10DY9SDX7SDY15_2020-03-04_20-52-05.BMP,1,1,1,0.45,1
1407,N9HKI_HC_PL_MEAS_FIB_{MEASURE2}_P003_DX8DY11SDX8SDY17_2020-07-18_15-47-21.BMP,1,1,0,0.82,1
1408,1W1B8_HC_PL_MEAS_FIB_{MEASURE2}_P004_DX10DY9SDX7SDY16_2020-10-13_02-25-35.BMP,1,1,1,0.56,1
1409,8Y0KQ_HC_PL_MEAS_FIB_{MEASURE2}_P005_DX7DY7SDX8SDY16_2020-02-04_19-41-16.BMP,1,1,0,0.85,1
1410,1W1AS_HC_PL_MEAS_FIB_{MEASURE2}_P003_DX12DY6SDX1SDY11_2020-10-28_00-53-46.BMP,1,1,1,0.8,1
1411,Y511Q_HC_PL_MEAS_FIB_{MEASURE2}_P001_DX9DY14SDX8SDY17_2020-05-19_05-18-50.BMP,1,1,1,0.83,1
1412,9A0S4_HC_PL_MEAS_FIB_{MEASURE2}_P006_DX9DY4SDX8SDY17_2020-02-04_12-34-55.BMP,1,1,0,0.8,1
1413,Y511C_HC_PL_MEAS_FIB_{MEASURE2}_P002_DX12DY6SDX8SDY17_2020-10-29_01-40-49.BMP,1,1,0,0.59,1
1414,T10GU_HC_PL_MEAS_FIB_{MEASURE2}_P002_DX12DY6SDX8SDY17_2020-07-12_09-00-28.BMP,1,1,0,0.49,1
1415,2CICS_HC_PL_MEAS_FIB_{MEASURE2}_P005_DX7DY7SDX8SDY17_2020-08-23_17-17-42.BMP,1,1,1,0.73,1
1416,9A0SK_HC_PL_MEAS_FIB_{MEASURE2}_P006_DX9DY4SDX8SDY17_2020-02-21_05-11-58.BMP,1,1,1,0.55,1
1417,N9HKA_HC_PL_MEAS_FIB_{MEASURE2}_P006_DX9DY4SDX8SDY17_2020-05-18_07-10-31.BMP,1,1,0,0.74,1
1418,2CICM_HC_PL_MEAS_FIB_{MEASURE2}_P002_DX12DY6SDX8SDY17_2020-07-07_01-48-39.BMP,1,1,0,0.52,1
1419,G106U_HC_PL_MEAS_FIB_{MEASURE2}_P005_DX7DY7SDX8SDY17_2020-05-25_07-10-30.BMP,1,1,0,0.79,1
1420,6U0OQ_HC_PL_MEAS_FIB_{MEASURE2}_P002_DX12DY6SDX8SDY17_2020-11-02_23-27-51.BMP,1,1,1,0.55,1
1421,9A0SC_HC_PL_MEAS_FIB_{MEASURE2}_P001_DX9DY14SDX8SDY17_2020-03-17_03-30-57.BMP,1,1,1,0.87,1
1422,4P0RM_HC_PL_MEAS_FIB_{MEASURE2}_P004_DX10DY9SDX7SDY15_2020-11-01_04-09-24.BMP,1,1,1,0.72,1
1423,Y50YU_HC_PL_MEAS_FIB_{MEASURE2}_P004_DX10DY9SDX7SDY16_2020-06-24_20-08-13.BMP,1,1,0,0.63,1
1424,1W1AS_HC_PL_MEAS_FIB_{MEASURE2}_P002_DX9DY14SDX2SDY11_2020-10-28_18-05-00.BMP,1,1,0,0.71,1
1425,N606E_HC_PL_MEAS_FIB_{MEASURE2}_P005_DX7DY7SDX8SDY17_2020-12-08_15-17-38.BMP,1,1,1,0.51,1
1426,Y50XE_HC_PL_MEAS_FIB_{MEASURE2}_P003_DX8DY11SDX8SDY17_2020-06-27_14-13-26.BMP,1,1,0,0.78,1
1427,8Y0K8_HC_PL_MEAS_FIB_{MEASURE2}_P003_DX12DY6SDX3SDY13_2020-10-23_16-43-58.BMP,1,1,1,0.79,1
1428,Y50WY_HC_PL_MEAS_FIB_{MEASURE2}_P001_DX9DY14SDX8SDY17_2020-06-04_05-57-27.BMP,1,1,1,0.44,1
1429,Y50YU_HC_PL_MEAS_FIB_{MEASURE2}_P003_DX8DY11SDX8SDY17_2020-06-24_20-08-13.BMP,1,1,1,0.4,1
1430,T10HQ_HC_PL_MEAS_FIB_{MEASURE2}_P004_DX10DY9SDX7SDY16_2020-05-28_20-11-59.BMP,1,1,0,0.87,1
1431,9A0SC_HC_PL_MEAS_FIB_{MEASURE2}_P002_DX12DY6SDX8SDY17_2020-03-17_03-30-57.BMP,1,1,0,0.84,1
1432,7N0M8_HC_PL_MEAS_FIB_{MEASURE2}_P006_DX9DY4SDX8SDY17_2020-03-01_08-36-38.BMP,1,1,0,0.58,1
1433,G1070_HC_PL_MEAS_FIB_{MEASURE2}_P002_DX9DY14SDX8SDY17_2020-01-28_07-42-25.BMP,1,1,1,0.61,1
1434,N9HK4_HC_PL_MEAS_FIB_{MEASURE2}_P004_DX10DY9SDX7SDY16_2020-03-31_22-27-28.BMP,1,1,0,0.46,1
1435,1W1AU_HC_PL_MEAS_FIB_{MEASURE2}_P004_DX10DY9SDX7SDY15_2020-08-09_01-01-12.BMP,1,1,0,0.83,1
1436,Y510I_HC_PL_MEAS_FIB_{MEASURE2}_P006_DX9DY4SDX8SDY17_2020-03-06_12-14-00.BMP,1,1,0,0.82,1
1437,7EIGQ_HC_PL_MEAS_FIB_{MEASURE2}_P002_DX12DY6SDX8SDY17_2020-11-10_13-52-40.BMP,1,1,0,0.4,1
1438,Y50Z2_HC_PL_MEAS_FIB_{MEASURE2}_P004_DX10DY9SDX7SDY16_2020-08-10_23-09-27.BMP,1,1,0,0.45,1
1439,Y511Q_HC_PL_MEAS_FIB_{MEASURE2}_P004_DX10DY9SDX7SDY16_2020-05-19_05-18-50.BMP,1,1,0,0.72,1
1440,G106Y_HC_PL_MEAS_FIB_{MEASURE2}_P006_DX9DY4SDX8SDY17_2020-05-26_12-35-19.BMP,1,1,0,0.76,1
1441,S702Q_HC_PL_MEAS_FIB_{MEASURE2}_P006_DX9DY4SDX8SDY17_2020-09-13_13-14-21.BMP,1,1,0,0.84,1
1442,7N0H0_HC_PL_MEAS_FIB_{MEASURE2}_P001_DX9DY14SDX8SDY17_2019-12-30_17-47-42.BMP,1,1,0,0.62,1
1443,S7012_HC_PL_MEAS_FIB_{MEASURE2}_P005_DX7DY7SDX6SDY17_2020-09-01_20-38-48.BMP,1,1,0,0.89,1
1444,6U0OO_HC_PL_MEAS_FIB_{MEASURE2}_P001_DX9DY14SDX8SDY17_2020-11-19_20-38-45.BMP,1,1,0,0.53,1
1445,Y50QQ_HC_PL_MEAS_FIB_{MEASURE2}_P004_DX8DY11SDX2SDY13_2020-11-25_11-17-09.BMP,1,1,0,0.63,1
1446,1W1AS_HC_PL_MEAS_FIB_{MEASURE2}_P004_DX9DY11SDX14SDY11_2020-10-28_00-53-46.BMP,1,1,0,0.9,1
1447,7N0LK_HC_PL_MEAS_FIB_{MEASURE2}_P003_DX8DY11SDX8SDY17_2020-02-05_23-38-46.BMP,1,1,1,0.91,1
1448,Y50ZC_HC_PL_MEAS_FIB_{MEASURE2}_P004_DX10DY9SDX7SDY16_2020-07-19_11-15-47.BMP,1,1,1,0.76,1
1449,7N0LG_HC_PL_MEAS_FIB_{MEASURE2}_P004_DX10DY9SDX7SDY16_2020-02-06_01-04-17.BMP,1,1,0,0.41,1
1450,T10HK_HC_PL_MEAS_FIB_{MEASURE2}_P001_DX9DY14SDX8SDY17_2020-08-16_14-47-16.BMP,1,1,0,0.68,1
1451,1W1B2_HC_PL_MEAS_FIB_{MEASURE2}_P003_DX8DY11SDX8SDY17_2020-11-29_16-51-43.BMP,1,1,0,0.82,1
1452,Y510Y_HC_PL_MEAS_FIB_{MEASURE2}_P003_DX8DY11SDX8SDY17_2020-04-08_03-52-48.BMP,1,1,0,0.7,1
1453,Y50ZI_HC_PL_MEAS_FIB_{MEASURE2}_P001_DX9DY14SDX8SDY17_2020-07-06_15-36-35.BMP,1,1,0,0.82,1
1454,8Y0K8_HC_PL_MEAS_FIB_{MEASURE2}_P007_DX9DY4SDX2SDY25_2020-10-23_13-24-28.BMP,1,1,0,0.54,1
1455,4P0RK_HC_PL_MEAS_FIB_{MEASURE2}_P001_DX9DY14SDX8SDY17_2020-10-11_03-41-57.BMP,1,1,1,0.57,1
1456,Y50R8_HC_PL_MEAS_FIB_{MEASURE2}_P003_DX8DY11SDX8SDY17_2020-06-10_00-42-42.BMP,1,1,1,0.42,1
1457,S700Q_HC_PL_MEAS_FIB_{MEASURE2}_P002_DX9DY14SDX8SDY17_2020-06-04_07-34-21.BMP,1,1,1,0.6,1
1458,Y50RI_HC_PL_MEAS_FIB_{MEASURE2}_P004_DX12DY6SDX8SDY16_2020-10-22_10-24-07.BMP,1,1,0,0.91,1
1459,7N0LK_HC_PL_MEAS_FIB_{MEASURE2}_P006_DX9DY4SDX8SDY16_2020-02-06_00-49-58.BMP,1,1,1,0.63,1
1460,4P0RM_HC_PL_MEAS_FIB_{MEASURE2}_P006_DX9DY4SDX8SDY17_2020-10-31_17-25-59.BMP,1,1,0,0.48,1
1461,Y50Q4_HC_PL_MEAS_FIB_{MEASURE2}_P005_DX7DY7SDX8SDY17_2020-06-01_21-06-26.BMP,1,1,0,0.89,1
1462,8Y0KW_HC_PL_MEAS_FIB_{MEASURE2}_P005_DX7DY7SDX8SDY17_2020-03-24_14-20-53.BMP,1,1,1,0.74,1
1463,7N0LY_HC_PL_MEAS_FIB_{MEASURE2}_P005_DX7DY7SDX8SDY17_2020-01-26_09-14-21.BMP,1,1,1,0.41,1
1464,Y50RK_HC_PL_MEAS_FIB_{MEASURE2}_P008_DX9DY4SDX8SDY15_2020-11-24_08-22-44.BMP,1,1,0,0.42,1
1465,L4HMW_HC_PL_MEAS_FIB_{MEASURE2}_P006_DX9DY4SDX8SDY17_2020-09-23_20-45-38.BMP,1,1,0,0.78,1
1466,Y50XW_HC_PL_MEAS_FIB_{MEASURE2}_P003_DX8DY11SDX8SDY16_2020-05-30_05-28-48.BMP,1,1,0,0.54,1
1467,F70KQ_HC_PL_MEAS_FIB_{MEASURE2}_P001_DX9DY14SDX8SDY17_2020-12-19_08-54-52.BMP,1,1,1,0.92,1
1468,7N0L6_HC_PL_MEAS_FIB_{MEASURE2}_P006_DX9DY4SDX8SDY17_2020-01-01_07-37-13.BMP,1,1,0,0.88,1
1469,4P0RY_HC_PL_MEAS_FIB_{MEASURE2}_P006_DX9DY4SDX8SDY17_2020-11-01_05-35-14.BMP,1,1,0,0.52,1
1470,W1HPM_HC_PL_MEAS_FIB_{MEASURE2}_P004_DX10DY9SDX7SDY16_2020-07-02_22-21-27.BMP,1,1,0,0.51,1
1471,7N0N6_HC_PL_MEAS_FIB_{MEASURE2}_P001_DX9DY14SDX8SDY17_2020-06-04_23-54-34.BMP,1,1,1,0.54,1
1472,Y510I_HC_PL_MEAS_FIB_{MEASURE2}_P005_DX7DY7SDX8SDY17_2020-03-06_12-14-00.BMP,1,1,1,0.4,1
1473,7N0LE_HC_PL_MEAS_FIB_{MEASURE2}_P004_DX10DY9SDX7SDY16_2020-02-06_02-47-29.BMP,1,1,1,0.67,1
1474,N9HK8_HC_PL_MEAS_FIB_{MEASURE2}_P001_DX9DY14SDX8SDY17_2020-04-04_14-55-38.BMP,1,1,0,0.84,1
1475,4P0SG_HC_PL_MEAS_FIB_{MEASURE2}_P002_DX12DY6SDX8SDY17_2020-09-15_03-04-47.BMP,1,1,0,0.41,1
1476,S700Q_HC_PL_MEAS_FIB_{MEASURE2}_P006_DX9DY4SDX8SDY17_2020-06-04_05-54-38.BMP,1,1,0,0.71,1
1477,1W1BA_HC_PL_MEAS_FIB_{MEASURE2}_P005_DX7DY7SDX8SDY17_2020-08-16_15-29-29.BMP,1,1,0,0.66,1
1478,1W1AS_HC_PL_MEAS_FIB_{MEASURE2}_P002_DX10DY14SDX14SDY11_2020-10-28_00-53-46.BMP,1,1,1,0.58,1
1479,9A0T6_HC_PL_MEAS_FIB_{MEASURE2}_P006_DX9DY4SDX8SDY17_2020-03-13_11-24-20.BMP,1,1,0,0.47,1
1480,6U0NY_HC_PL_MEAS_FIB_{MEASURE2}_P006_DX9DY4SDX8SDY17_2020-09-10_00-53-04.BMP,1,1,0,0.7,1
1481,1W1AS_HC_PL_MEAS_FIB_{MEASURE2}_P005_DX10DY9SDX4SDY23_2020-10-27_20-39-06.BMP,1,1,0,0.74,1
1482,8Y0KG_HC_PL_MEAS_FIB_{MEASURE2}_P005_DX7DY7SDX8SDY17_2020-02-19_04-57-29.BMP,1,1,0,0.46,1
1483,4P0SG_HC_PL_MEAS_FIB_{MEASURE2}_P003_DX8DY11SDX8SDY17_2020-09-15_03-04-47.BMP,1,1,0,0.52,1
1484,Y50ZE_HC_PL_MEAS_FIB_{MEASURE2}_P004_DX10DY9SDX7SDY16_2020-08-08_13-42-36.BMP,1,1,1,0.86,1
1485,Y50QQ_HC_PL_MEAS_FIB_{MEASURE2}_P003_DX12DY6SDX3SDY13_2020-11-25_11-17-09.BMP,1,1,0,0.61,1
1486,4P0QY_HC_PL_MEAS_FIB_{MEASURE2}_P004_DX10DY9SDX7SDY16_2020-10-23_11-58-38.BMP,1,1,0,0.94,1
1487,9A0T8_HC_PL_MEAS_FIB_{MEASURE2}_P006_DX9DY4SDX8SDY17_2020-03-13_05-32-04.BMP,1,1,0,0.45,1
1488,N9HKI_HC_PL_MEAS_FIB_{MEASURE2}_P001_DX9DY14SDX8SDY17_2020-07-18_15-47-21.BMP,1,1,0,0.53,1
1489,7N0MI_HC_PL_MEAS_FIB_{MEASURE2}_P005_DX7DY7SDX8SDY17_2020-02-06_01-50-52.BMP,1,1,0,0.87,1
1490,4P0PK_HC_PL_MEAS_FIB_{MEASURE2}_P001_DX9DY14SDX8SDY17_2020-10-11_03-47-54.BMP,1,1,0,0.92,1
1491,Y50X2_HC_PL_MEAS_FIB_{MEASURE2}_P002_DX12DY6SDX8SDY17_2020-06-04_05-58-57.BMP,1,1,0,0.5,1
1492,8Y0KU_HC_PL_MEAS_FIB_{MEASURE2}_P001_DX9DY14SDX8SDY17_2020-04-15_14-27-21.BMP,1,1,0,0.74,1
1493,S700I_HC_PL_MEAS_FIB_{MEASURE2}_P004_DX10DY9SDX7SDY16_2020-05-08_03-28-05.BMP,1,1,0,0.62,1
1494,6U0OG_HC_PL_MEAS_FIB_{MEASURE2}_P003_DX8DY11SDX8SDY17_2020-09-04_20-14-41.BMP,1,1,1,0.64,1
1495,8FJ42_HC_PL_MEAS_FIB_{MEASURE2}_P001_DX9DY14SDX8SDY17_2020-02-27_07-29-21.BMP,1,1,0,0.61,1
1496,9A0TE_HC_PL_MEAS_FIB_{MEASURE2}_P004_DX10DY9SDX7SDY16_2020-03-13_11-21-53.BMP,1,1,0,0.51,1
1497,W1HMV_HC_PL_MEAS_FIB_{MEASURE2}_P005_DX7DY7SDX8SDY17_2020-02-26_19-47-08.BMP,1,1,1,0.47,1
1498,4P0RW_HC_PL_MEAS_FIB_{MEASURE2}_P006_DX9DY4SDX8SDY17_2020-12-04_11-07-35.BMP,1,1,1,0.54,1
1499,Y50Z4_HC_PL_MEAS_FIB_{MEASURE2}_P005_DX7DY7SDX8SDY17_2020-06-10_08-10-42.BMP,1,1,1,0.4,1
1500,8Y0K8_HC_PL_MEAS_FIB_{MEASURE2}_P005_DX10DY9SDX4SDY25_2020-10-23_13-24-28.BMP,1,0,0,0.39,1
1501,G106Y_HC_PL_MEAS_FIB_{MEASURE2}_P003_DX8DY11SDX8SDY17_2020-05-26_12-35-19.BMP,1,0,0,0.49,1
1505,6U0NO_HC_PL_MEAS_FIB_{MEASURE2}_P006_DX9DY4SDX8SDY17_2020-09-24_01-39-29.BMP,1,1,0,0.82,1
1507,7N0N6_HC_PL_MEAS_FIB_{MEASURE2}_P006_DX9DY4SDX8SDY17_2020-06-04_23-54-34.BMP,1,1,1,0.72,1
1508,1W1AS_HC_PL_MEAS_FIB_{MEASURE2}_P001_DX9DY14SDX2SDY13_2020-10-25_01-53-36.BMP,1,0,0,0.19,1
1509,Y511A_HC_PL_MEAS_FIB_{MEASURE2}_P005_DX7DY7SDX8SDY17_2020-08-27_00-19-44.BMP,1,1,1,0.53,1
1510,N606A_HC_PL_MEAS_FIB_{MEASURE2}_P003_DX8DY11SDX8SDY17_2020-12-01_04-38-01.BMP,1,1,0,0.4,1
1511,5D0IK_HC_PL_MEAS_FIB_{MEASURE2}_P005_DX7DY7SDX8SDY17_2019-12-29_01-54-16.BMP,1,1,0,0.86,1
1513,Y50RI_HC_PL_MEAS_FIB_{MEASURE2}_P002_DX9DY14SDX8SDY15_2020-10-22_07-48-25.BMP,1,1,0,0.66,1
1514,Y511A_HC_PL_MEAS_FIB_{MEASURE2}_P006_DX9DY4SDX8SDY17_2020-08-27_00-19-44.BMP,1,1,1,0.7,1
1515,9A0T6_HC_PL_MEAS_FIB_{MEASURE2}_P002_DX12DY6SDX8SDY17_2020-03-13_11-24-20.BMP,1,1,0,0.81,1
1516,Y50WY_HC_PL_MEAS_FIB_{MEASURE2}_P004_DX10DY9SDX7SDY16_2020-06-04_08-37-48.BMP,1,0,0,0.36,1
1517,9A0SE_HC_PL_MEAS_FIB_{MEASURE2}_P001_DX9DY14SDX8SDY17_2020-04-22_15-45-32.BMP,1,0,0,0.19,1
1518,S700O_HC_PL_MEAS_FIB_{MEASURE2}_P002_DX12DY6SDX8SDY17_2020-05-30_03-27-42.BMP,1,1,1,0.6,1
1519,9UHJ2_HC_PL_MEAS_FIB_{MEASURE2}_P006_DX9DY4SDX8SDY17_2020-11-29_13-51-26.BMP,1,0,0,0.51,1
1521,7QI8K_HC_PL_MEAS_FIB_{MEASURE2}_P002_DX12DY6SDX8SDY17_2020-09-13_17-51-27.BMP,1,1,0,0.78,1
1522,Y511I_HC_PL_MEAS_FIB_{MEASURE2}_P001_DX9DY14SDX8SDY16_2020-09-03_08-01-40.BMP,1,0,0,0.49,1
1523,1W1B2_HC_PL_MEAS_FIB_{MEASURE2}_P004_DX10DY9SDX7SDY16_2020-11-29_16-51-43.BMP,1,0,0,0.28,1
1525,Y50Z8_HC_PL_MEAS_FIB_{MEASURE2}_P005_DX7DY7SDX8SDY17_2020-12-15_08-18-10.BMP,1,1,0,0.91,1
1526,G1070_HC_PL_MEAS_FIB_{MEASURE2}_P004_DX10DY9SDX7SDY15_2020-01-28_11-30-05.BMP,1,0,1,0.58,1
1527,4P0PK_HC_PL_MEAS_FIB_{MEASURE2}_P002_DX12DY6SDX8SDY17_2020-10-11_02-30-09.BMP,1,0,0,0.46,1
1528,Y512I_HC_PL_MEAS_FIB_{MEASURE2}_P005_DX8DY11SDX8SDY17_2020-10-23_04-14-19.BMP,1,0,0,0.13,1
1529,G106U_HC_PL_MEAS_FIB_{MEASURE2}_P002_DX12DY6SDX8SDY16_2020-05-25_11-23-10.BMP,1,1,1,0.77,1
1531,9A0V2_HC_PL_MEAS_FIB_{MEASURE2}_P003_DX8DY11SDX8SDY17_2020-07-20_20-56-02.BMP,1,1,1,0.69,1
1533,7N0KS_HC_PL_MEAS_FIB_{MEASURE2}_P001_DX9DY14SDX8SDY17_2020-02-04_19-25-06.BMP,1,0,0,0.2,1
1535,Y50ZG_HC_PL_MEAS_FIB_{MEASURE2}_P003_DX8DY11SDX8SDY17_2020-06-18_22-30-44.BMP,1,1,1,0.88,1
1536,G106Y_HC_PL_MEAS_FIB_{MEASURE2}_P001_DX9DY14SDX8SDY17_2020-05-26_12-35-19.BMP,1,0,0,0.23,1
1537,8Y0K8_HC_PL_MEAS_FIB_{MEASURE2}_P006_DX7DY7SDX2SDY24_2020-10-23_16-43-58.BMP,1,0,0,0.22,1
1538,3XI7G_HC_PL_MEAS_FIB_{MEASURE2}_P003_DX8DY11SDX8SDY16_2020-04-22_16-08-13.BMP,1,1,0,0.55,1
1540,6U0NY_HC_PL_MEAS_FIB_{MEASURE2}_P006_DX9DY4SDX8SDY14_2020-09-10_01-43-00.BMP,1,0,0,0.48,1
1541,6U0OG_HC_PL_MEAS_FIB_{MEASURE2}_P001_DX9DY14SDX8SDY17_2020-09-04_20-14-41.BMP,1,1,0,0.77,1
1543,Y50ZE_HC_PL_MEAS_FIB_{MEASURE2}_P005_DX7DY7SDX8SDY17_2020-08-08_13-42-36.BMP,1,1,0,0.72,1
1545,4P0R0_HC_PL_MEAS_FIB_{MEASURE2}_P001_DX9DY14SDX8SDY17_2020-11-18_07-32-13.BMP,1,0,0,0.18,1
1546,4P0RE_HC_PL_MEAS_FIB_{MEASURE2}_P004_DX10DY9SDX7SDY16_2020-11-24_01-38-03.BMP,1,1,1,0.43,1
1547,S7004_HC_PL_MEAS_FIB_{MEASURE2}_P004_DX10DY9SDX7SDY16_2020-08-07_02-41-43.BMP,1,0,0,0.54,1
1549,8Y0KW_HC_PL_MEAS_FIB_{MEASURE2}_P004_DX10DY9SDX7SDY16_2020-03-24_14-20-53.BMP,1,0,1,0.24,1
1550,4P0RM_HC_PL_MEAS_FIB_{MEASURE2}_P005_DX7DY7SDX8SDY17_2020-10-31_17-25-59.BMP,1,1,0,0.68,1
1551,Y511A_HC_PL_MEAS_FIB_{MEASURE2}_P004_DX10DY9SDX7SDY16_2020-08-27_00-19-44.BMP,1,1,0,0.51,1
1552,Y512I_HC_PL_MEAS_FIB_{MEASURE2}_P006_DX10DY9SDX7SDY16_2020-10-23_04-14-19.BMP,1,0,0,0.2,1
1555,8Y0KS_HC_PL_MEAS_FIB_{MEASURE2}_P005_DX7DY7SDX8SDY17_2020-02-18_19-08-31.BMP,1,0,0,0.37,1
1556,Y50X6_HC_PL_MEAS_FIB_{MEASURE2}_P001_DX9DY14SDX8SDY17_2020-06-06_04-51-17.BMP,1,0,0,0.43,1
1557,Y50ZM_HC_PL_MEAS_FIB_{MEASURE2}_P004_DX10DY9SDX7SDY16_2020-05-31_12-49-44.BMP,1,1,0,0.6,1
1558,Y511G_HC_PL_MEAS_FIB_{MEASURE2}_P004_DX10DY9SDX7SDY15_2020-09-27_02-34-41.BMP,1,0,1,0.54,1
1559,7N0H0_HC_PL_MEAS_FIB_{MEASURE2}_P004_DX10DY9SDX7SDY16_2019-12-30_17-47-42.BMP,1,0,0,0.51,1
1561,1W1AS_HC_PL_MEAS_FIB_{MEASURE2}_P002_DX9DY14SDX2SDY12_2020-10-27_20-39-06.BMP,1,0,1,0.3,1
1563,4P0P2_HC_PL_MEAS_FIB_{MEASURE2}_P001_DX9DY14SDX8SDY17_2020-09-22_05-24-10.BMP,1,0,1,0.51,1
1564,N606A_HC_PL_MEAS_FIB_{MEASURE2}_P005_DX7DY7SDX8SDY17_2020-12-01_04-38-01.BMP,1,1,0,0.83,1
1566,7N0M8_HC_PL_MEAS_FIB_{MEASURE2}_P001_DX9DY14SDX8SDY17_2020-03-01_08-36-38.BMP,1,0,1,0.39,1
1567,G1070_HC_PL_MEAS_FIB_{MEASURE2}_P006_DX9DY4SDX8SDY16_2020-01-28_11-30-05.BMP,1,0,0,0.55,1
1569,7N0N2_HC_PL_MEAS_FIB_{MEASURE2}_P004_DX10DY9SDX7SDY16_2020-06-06_05-03-32.BMP,1,1,0,0.56,1
1572,4P0QQ_HC_PL_MEAS_FIB_{MEASURE2}_P001_DX9DY14SDX8SDY17_2020-10-22_15-38-00.BMP,1,0,0,0.5,1
1573,N9HK6_HC_PL_MEAS_FIB_{MEASURE2}_P003_DX8DY11SDX8SDY16_2020-03-29_13-00-50.BMP,1,1,0,0.5,1
1574,S702Q_HC_PL_MEAS_FIB_{MEASURE2}_P004_DX10DY9SDX7SDY16_2020-09-13_13-14-21.BMP,1,1,0,0.76,1
1575,4P0P6_HC_PL_MEAS_FIB_{MEASURE2}_P004_DX10DY9SDX7SDY16_2020-09-19_19-34-01.BMP,1,0,0,0.55,1
1576,9A0SG_HC_PL_MEAS_FIB_{MEASURE2}_P004_DX10DY9SDX7SDY16_2020-04-15_01-42-25.BMP,1,1,0,0.44,1
1577,6U0OC_HC_PL_MEAS_FIB_{MEASURE2}_P004_DX10DY9SDX7SDY16_2020-09-13_12-07-37.BMP,1,1,0,0.71,1
1578,4P0R0_HC_PL_MEAS_FIB_{MEASURE2}_P006_DX9DY4SDX8SDY17_2020-11-18_07-32-13.BMP,1,0,0,0.5,1
1579,7N0N2_HC_PL_MEAS_FIB_{MEASURE2}_P002_DX12DY6SDX8SDY17_2020-06-06_05-03-32.BMP,1,1,1,0.56,1
1581,4P0R0_HC_PL_MEAS_FIB_{MEASURE2}_P004_DX10DY9SDX7SDY16_2020-11-18_07-32-13.BMP,1,1,0,0.75,1
1582,W1HPM_HC_PL_MEAS_FIB_{MEASURE2}_P002_DX12DY6SDX8SDY16_2020-07-02_22-21-27.BMP,1,1,0,0.67,1
1583,5D0IM_HC_PL_MEAS_FIB_{MEASURE2}_P002_DX12DY6SDX8SDY17_2020-02-07_01-06-55.BMP,1,0,1,0.45,1
1585,9A0SO_HC_PL_MEAS_FIB_{MEASURE2}_P002_DX12DY6SDX8SDY17_2020-02-18_15-52-18.BMP,1,0,0,0.54,1
1586,Y50Q2_HC_PL_MEAS_FIB_{MEASURE2}_P001_DX9DY14SDX8SDY15_2020-07-02_14-26-01.BMP,1,0,0,0.51,1
1588,N9HK6_HC_PL_MEAS_FIB_{MEASURE2}_P003_DX8DY11SDX8SDY15_2020-03-29_15-32-07.BMP,1,1,0,0.54,1
1590,S702W_HC_PL_MEAS_FIB_{MEASURE2}_P006_DX9DY4SDX8SDY17_2020-09-10_05-12-44.BMP,1,1,1,0.89,1
1592,5D0IK_HC_PL_MEAS_FIB_{MEASURE2}_P003_DX8DY11SDX8SDY17_2019-12-29_01-54-16.BMP,1,1,1,0.52,1
1597,9A0VU_HC_PL_MEAS_FIB_{MEASURE2}_P005_DX7DY7SDX8SDY17_2020-09-24_23-45-46.BMP,1,1,0,0.89,1
1598,7N0M6_HC_PL_MEAS_FIB_{MEASURE2}_P006_DX9DY4SDX8SDY16_2020-03-04_20-52-05.BMP,1,0,0,0.26,1
1599,Y50PU_HC_PL_MEAS_FIB_{MEASURE2}_P005_DX7DY7SDX8SDY17_2020-10-22_12-12-25.BMP,1,1,0,0.59,1
1600,1W1AU_HC_PL_MEAS_FIB_{MEASURE2}_P001_DX9DY14SDX8SDY16_2020-08-09_01-01-12.BMP,1,0,0,0.49,1
1602,S700Q_HC_PL_MEAS_FIB_{MEASURE2}_P006_DX9DY4SDX8SDY17_2020-06-04_07-34-21.BMP,1,0,0,0.55,1
1604,Y50PU_HC_PL_MEAS_FIB_{MEASURE2}_P008_DX9DY4SDX8SDY15_2020-10-23_06-54-10.BMP,1,0,0,0.18,1
1605,7N0JI_HC_PL_MEAS_FIB_{MEASURE2}_P001_DX9DY14SDX8SDY17_2020-02-04_19-19-27.BMP,1,0,0,0.59,1
1606,1W1AS_HC_PL_MEAS_FIB_{MEASURE2}_P003_DX12DY6SDX3SDY11_2020-10-28_18-05-00.BMP,1,0,0,0.49,1
1608,Y50X8_HC_PL_MEAS_FIB_{MEASURE2}_P004_DX10DY9SDX7SDY16_2020-06-14_20-59-21.BMP,1,0,0,0.17,1
1610,6U0NY_HC_PL_MEAS_FIB_{MEASURE2}_P004_DX10DY9SDX7SDY16_2020-09-10_00-53-04.BMP,1,1,0,0.58,1
1611,6U0OQ_HC_PL_MEAS_FIB_{MEASURE2}_P006_DX9DY4SDX8SDY17_2020-11-02_23-27-51.BMP,1,1,0,0.77,1
1612,4P0RE_HC_PL_MEAS_FIB_{MEASURE2}_P002_DX12DY6SDX8SDY17_2020-11-24_01-38-03.BMP,1,1,0,0.41,1
1614,Y50WY_HC_PL_MEAS_FIB_{MEASURE2}_P003_DX8DY11SDX8SDY17_2020-06-04_05-57-27.BMP,1,1,0,0.44,1
1615,6U0NY_HC_PL_MEAS_FIB_{MEASURE2}_P004_DX10DY9SDX7SDY13_2020-09-10_01-43-00.BMP,1,0,1,0.17,1
1617,7N0N8_HC_PL_MEAS_FIB_{MEASURE2}_P004_DX10DY9SDX7SDY16_2020-05-28_22-25-29.BMP,1,1,0,0.55,1
1618,7N0LK_HC_PL_MEAS_FIB_{MEASURE2}_P001_DX9DY14SDX8SDY17_2020-02-05_23-38-46.BMP,1,1,0,0.48,1
1619,Y50RI_HC_PL_MEAS_FIB_{MEASURE2}_P006_DX10DY9SDX7SDY15_2020-10-22_10-24-07.BMP,1,1,0,0.52,1
1622,8Y0K8_HC_PL_MEAS_FIB_{MEASURE2}_P003_DX12DY6SDX3SDY12_2020-10-29_10-14-27.BMP,1,0,1,0.43,1
1623,Y50WY_HC_PL_MEAS_FIB_{MEASURE2}_P003_DX8DY11SDX8SDY17_2020-06-04_08-37-48.BMP,1,0,0,0.4,1
1624,7QI8Q_HC_PL_MEAS_FIB_{MEASURE2}_P001_DX9DY14SDX8SDY17_2020-11-05_00-45-05.BMP,1,1,0,0.53,1
1625,Y50XO_HC_PL_MEAS_FIB_{MEASURE2}_P004_DX10DY9SDX7SDY16_2020-07-20_22-16-03.BMP,1,1,0,0.88,1
1626,Y50PU_HC_PL_MEAS_FIB_{MEASURE2}_P007_DX7DY7SDX8SDY16_2020-10-23_06-54-10.BMP,1,0,0,0.28,1
1627,T10HQ_HC_PL_MEAS_FIB_{MEASURE2}_P002_DX12DY6SDX8SDY17_2020-05-28_20-11-59.BMP,1,1,0,0.43,1
1628,Y50XW_HC_PL_MEAS_FIB_{MEASURE2}_P001_DX9DY14SDX8SDY16_2020-05-30_05-28-48.BMP,1,0,0,0.48,1
1629,Y512A_HC_PL_MEAS_FIB_{MEASURE2}_P004_DX10DY9SDX7SDY16_2020-05-19_04-56-49.BMP,1,1,1,0.61,1
1631,7N0LK_HC_PL_MEAS_FIB_{MEASURE2}_P004_DX10DY9SDX7SDY16_2020-02-05_23-38-46.BMP,1,1,0,0.74,1
1633,4P0SG_HC_PL_MEAS_FIB_{MEASURE2}_P005_DX7DY7SDX8SDY17_2020-09-15_03-04-47.BMP,1,1,0,0.85,1
1634,4P0RE_HC_PL_MEAS_FIB_{MEASURE2}_P005_DX7DY7SDX8SDY17_2020-11-24_01-38-03.BMP,1,1,0,0.63,1
1635,5D0IK_HC_PL_MEAS_FIB_{MEASURE2}_P001_DX9DY14SDX8SDY17_2019-12-29_01-54-16.BMP,1,0,1,0.33,1
1636,8Y0K8_HC_PL_MEAS_FIB_{MEASURE2}_P004_DX8DY11SDX2SDY14_2020-10-23_13-24-28.BMP,1,0,0,0.6,1
1637,9A0T8_HC_PL_MEAS_FIB_{MEASURE2}_P005_DX7DY7SDX8SDY17_2020-03-13_05-32-04.BMP,1,1,0,0.73,1
1639,S7012_HC_PL_MEAS_FIB_{MEASURE2}_P005_DX7DY7SDX8SDY16_2020-09-01_07-56-15.BMP,1,1,1,0.47,1
1641,T10H2_HC_PL_MEAS_FIB_{MEASURE2}_P003_DX8DY11SDX8SDY17_2020-04-28_03-34-16.BMP,1,1,0,0.94,1
1642,7N0LK_HC_PL_MEAS_FIB_{MEASURE2}_P002_DX12DY6SDX8SDY17_2020-02-05_23-38-46.BMP,1,1,0,0.77,1
1643,T10H2_HC_PL_MEAS_FIB_{MEASURE2}_P004_DX10DY9SDX7SDY16_2020-04-28_03-34-16.BMP,1,0,0,0.28,1
1644,T10FU_HC_PL_MEAS_FIB_{MEASURE2}_P005_DX7DY7SDX8SDY17_2020-04-16_07-48-16.BMP,1,1,0,0.42,1
1646,G1070_HC_PL_MEAS_FIB_{MEASURE2}_P005_DX7DY7SDX8SDY17_2020-01-26_08-00-01.BMP,1,1,0,0.77,1
1648,Y50X4_HC_PL_MEAS_FIB_{MEASURE2}_P005_DX7DY7SDX6SDY17_2020-10-22_02-32-02.BMP,1,0,0,0.14,1
1649,G106U_HC_PL_MEAS_FIB_{MEASURE2}_P003_DX8DY11SDX8SDY16_2020-05-25_11-23-10.BMP,1,0,0,0.48,1
1650,T10GA_HC_PL_MEAS_FIB_{MEASURE2}_P001_DX9DY14SDX8SDY17_2020-04-16_07-46-52.BMP,1,0,0,0.35,1
1651,9A0VM_HC_PL_MEAS_FIB_{MEASURE2}_P001_DX9DY14SDX8SDY17_2020-09-17_18-06-38.BMP,1,1,0,0.56,1
1652,7N0M8_HC_PL_MEAS_FIB_{MEASURE2}_P003_DX8DY11SDX8SDY17_2020-03-01_08-36-38.BMP,1,0,1,0.29,1
1654,3XI7A_HC_PL_MEAS_FIB_{MEASURE2}_P002_DX12DY6SDX8SDY16_2020-04-03_15-21-31.BMP,1,1,0,0.88,1
1655,1W1AS_HC_PL_MEAS_FIB_{MEASURE2}_P007_DX9DY4SDX2SDY22_2020-10-28_18-05-00.BMP,1,0,1,0.39,1
1656,S700K_HC_PL_MEAS_FIB_{MEASURE2}_P001_DX9DY14SDX8SDY17_2020-05-30_06-53-48.BMP,1,0,0,0.28,1
1657,Y50YI_HC_PL_MEAS_FIB_{MEASURE2}_P004_DX10DY9SDX6SDY16_2020-07-13_20-40-35.BMP,1,1,0,0.47,1
1658,Y50RI_HC_PL_MEAS_FIB_{MEASURE2}_P005_DX8DY11SDX8SDY16_2020-10-22_10-24-07.BMP,1,1,1,0.61,1
1659,Y50X4_HC_PL_MEAS_FIB_{MEASURE2}_P002_DX12DY6SDX6SDY17_2020-10-22_02-32-02.BMP,1,0,0,0.59,1
1660,G106U_HC_PL_MEAS_FIB_{MEASURE2}_P003_DX8DY11SDX8SDY17_2020-05-25_07-10-30.BMP,1,0,0,0.6,1
1661,Y511C_HC_PL_MEAS_FIB_{MEASURE2}_P006_DX9DY4SDX8SDY17_2020-10-29_01-40-49.BMP,1,1,1,0.4,1
