,file name,label,vanti,train \ test,score,vanti with context data
11346,S510E_WP2_CM_MEAS_FIB_{MEASURE}_P007_DX17DY6SDX6SDY29_2020-11-17_02-02-22.BMP,1,1,0,0.53,1
11347,6GJ82_WP2_CM_MEAS_FIB_{MEASURE}_P002_DX11DY14SDX6SDY30_2020-11-22_15-47-35.BMP,1,1,0,0.91,1
11348,U4HR4_WP2_CM_MEAS_FIB_{MEASURE}_P006_DX17DY6SDX6SDY31_2020-12-05_18-22-46.BMP,1,1,0,0.4,1
11349,J7V4S_WP2_CM_MEAS_FIB_{MEASURE}_P005_DX11DY9SDX6SDY29_2020-12-30_19-15-23.BMP,1,1,1,0.41,1
11350,2RLM0_WP2_CM_MEAS_FIB_{MEASURE}_P003_DX14DY10SDX6SDY31_2020-11-03_10-29-27.BMP,1,1,0,0.56,1
11351,V928U_WP2_CM_MEAS_FIB_{MEASURE}_P003_DX3DY12SDX6SDY30_2020-12-21_11-12-46.BMP,1,1,1,0.75,1
11352,J3HOW_WP2_CM_MEAS_FIB_{MEASURE}_P007_DX17DY6SDX6SDY30_2020-11-02_11-37-54.BMP,1,1,0,0.89,1
11353,U4HSK_WP2_CM_MEAS_FIB_{MEASURE}_P005_DX8DY7SDX6SDY31_2020-11-23_08-46-15.BMP,1,1,0,0.54,1
11354,6GJG4_WP2_CM_MEAS_FIB_{MEASURE}_P004_DX14DY10SDX6SDY30_2020-12-30_23-54-25.BMP,1,1,0,0.61,1
11355,2RLQA_WP2_CM_MEAS_FIB_{MEASURE}_P001_DX3DY12SDX6SDY31_2020-11-05_22-13-01.BMP,1,1,0,0.65,1
11356,U8MQE_WP2_CM_MEAS_FIB_{MEASURE}_P002_DX11DY14SDX6SDY30_2020-11-20_14-16-27.BMP,1,1,0,0.82,1
11357,6GJLQ_WP2_CM_MEAS_FIB_{MEASURE}_P003_DX3DY12SDX6SDY30_2020-12-30_22-03-14.BMP,1,1,0,0.9,1
11358,I6V4A_WP2_CM_MEAS_FIB_{MEASURE}_P005_DX8DY7SDX6SDY31_2020-12-13_19-19-41.BMP,1,1,1,0.73,1
11359,U4HS6_WP2_CM_MEAS_FIB_{MEASURE}_P005_DX8DY7SDX6SDY31_2020-12-05_17-20-06.BMP,1,1,0,0.49,1
11360,U4HTW_WP2_CM_MEAS_FIB_{MEASURE}_P001_DX3DY12SDX6SDY31_2020-11-15_12-51-27.BMP,1,1,0,0.61,1
11361,U8LK4_WP2_CM_MEAS_FIB_{MEASURE}_P003_DX3DY12SDX6SDY30_2020-12-27_23-12-05.BMP,1,1,0,0.87,1
11362,W406W_WP2_CM_MEAS_FIB_{MEASURE}_P005_DX11DY9SDX6SDY30_2020-11-30_23-55-50.BMP,1,1,1,0.64,1
11363,A70OU_WP2_CM_MEAS_FIB_{MEASURE}_P006_DX8DY7SDX6SDY28_2020-12-30_20-01-52.BMP,1,1,0,0.7,1
11364,V928I_WP2_CM_MEAS_FIB_{MEASURE}_P004_DX11DY11SDX6SDY27_2020-12-27_20-27-46.BMP,1,1,0,0.73,1
11365,L5M34_WP2_CM_MEAS_FIB_{MEASURE}_P004_DX14DY10SDX6SDY29_2020-12-28_00-39-41.BMP,1,1,0,0.8,1
11366,V9256_WP2_CM_MEAS_FIB_{MEASURE}_P002_DX11DY14SDX6SDY29_2020-11-30_09-32-07.BMP,1,1,0,0.75,1
11367,I6UX2_WP2_CM_MEAS_FIB_{MEASURE}_P001_DX3DY12SDX6SDY31_2020-11-13_23-40-22.BMP,1,1,0,0.76,1
11368,2RLPW_WP2_CM_MEAS_FIB_{MEASURE}_P010_DX10DY8SDX6SDY31_2020-11-12_20-51-31.BMP,1,1,0,0.86,1
11369,1PIM4_WP2_CM_MEAS_FIB_{MEASURE}_P006_DX8DY7SDX6SDY27_2020-12-06_07-43-28.BMP,1,1,0,0.5,1
11370,2RLO0_WP2_CM_MEAS_FIB_{MEASURE}_P004_DX11DY9SDX6SDY31_2020-11-02_01-17-54.BMP,1,1,0,0.5,1
11371,U4HSK_WP2_CM_MEAS_FIB_{MEASURE}_P005_DX9DY6SDX6SDY31_2020-11-23_13-26-21.BMP,1,1,1,0.42,1
11372,U8MN0_WP2_CM_MEAS_FIB_{MEASURE}_P006_DX8DY7SDX6SDY30_2020-12-28_03-22-20.BMP,1,1,0,0.68,1
11373,J7V1G_WP2_CM_MEAS_FIB_{MEASURE}_P002_DX11DY14SDX6SDY30_2020-12-29_07-12-41.BMP,1,1,1,0.68,1
11374,U4HMQ_WP2_CM_MEAS_FIB_{MEASURE}_P009_DX10DY8SDX6SDY31_2020-11-17_18-25-48.BMP,1,1,1,0.61,1
11375,H51F2_WP2_CM_MEAS_FIB_{MEASURE}_P003_DX3DY12SDX6SDY30_2020-11-29_03-45-39.BMP,1,1,0,0.76,1
11376,U4HOS_WP2_CM_MEAS_FIB_{MEASURE}_P002_DX11DY14SDX6SDY31_2020-11-08_13-08-50.BMP,1,1,1,0.87,1
11377,J3HNK_WP2_CM_MEAS_FIB_{MEASURE}_P006_DX8DY7SDX6SDY30_2020-11-29_16-18-36.BMP,1,1,1,0.59,1
11378,A70QY_WP2_CM_MEAS_FIB_{MEASURE}_P004_DX11DY11SDX6SDY30_2020-12-21_14-57-37.BMP,1,1,1,0.7,1
11379,U4HN4_WP2_CM_MEAS_FIB_{MEASURE}_P005_DX8DY7SDX6SDY31_2020-11-07_22-33-43.BMP,1,1,0,0.71,1
11380,L5LNO_WP2_CM_MEAS_FIB_{MEASURE}_P006_DX8DY7SDX6SDY30_2020-12-27_22-01-01.BMP,1,1,0,0.73,1
11381,U8MDY_WP2_CM_MEAS_FIB_{MEASURE}_P003_DX3DY12SDX6SDY30_2020-12-01_21-49-34.BMP,1,1,1,0.9,1
11382,1PIM4_WP2_CM_MEAS_FIB_{MEASURE}_P007_DX17DY6SDX6SDY27_2020-12-06_07-43-28.BMP,1,1,1,0.84,1
11383,J7V1G_WP2_CM_MEAS_FIB_{MEASURE}_P006_DX8DY7SDX6SDY30_2020-12-29_07-12-41.BMP,1,1,0,0.69,1
11384,1A1DA_WP2_CM_MEAS_FIB_{MEASURE}_P005_DX11DY9SDX6SDY29_2020-12-07_08-11-51.BMP,1,1,1,0.59,1
11385,U8KP8_WP2_CM_MEAS_FIB_{MEASURE}_P018_DX4DY12SDX6SDY31_2020-11-24_14-14-54.BMP,1,1,0,0.74,1
11386,I6V4I_WP2_CM_MEAS_FIB_{MEASURE}_P004_DX11DY9SDX6SDY31_2020-11-09_05-46-39.BMP,1,1,0,0.52,1
11387,J7V1G_WP2_CM_MEAS_FIB_{MEASURE}_P004_DX14DY10SDX6SDY30_2020-12-29_07-12-41.BMP,1,1,0,0.41,1
11388,U8LMU_WP2_CM_MEAS_FIB_{MEASURE}_P002_DX11DY14SDX6SDY30_2020-12-29_17-45-43.BMP,1,1,0,0.66,1
11389,6GIN0_WP2_CM_MEAS_FIB_{MEASURE}_P003_DX3DY12SDX6SDY29_2020-11-03_04-44-06.BMP,1,1,1,0.49,1
11390,U8MQE_WP2_CM_MEAS_FIB_{MEASURE}_P004_DX14DY10SDX6SDY30_2020-11-20_14-16-27.BMP,1,1,0,0.43,1
11391,6GJ4K_WP2_CM_MEAS_FIB_{MEASURE}_P010_DX10DY8SDX6SDY31_2020-11-18_22-45-44.BMP,1,1,0,0.61,1
11392,I6UYM_WP2_CM_MEAS_FIB_{MEASURE}_P001_DX3DY12SDX6SDY31_2020-11-19_20-43-20.BMP,1,1,0,0.57,1
11393,3AJFE_WP2_CM_MEAS_FIB_{MEASURE}_P007_DX17DY6SDX6SDY29_2020-11-19_21-58-07.BMP,1,1,0,0.64,1
11394,I6V6M_WP2_CM_MEAS_FIB_{MEASURE}_P005_DX8DY7SDX6SDY31_2020-11-20_07-34-00.BMP,1,1,0,0.9,1
11395,U8MMQ_WP2_CM_MEAS_FIB_{MEASURE}_P007_DX17DY6SDX6SDY30_2020-11-20_02-48-21.BMP,1,1,0,0.46,1
11396,U4HR0_WP2_CM_MEAS_FIB_{MEASURE}_P001_DX3DY12SDX6SDY31_2020-11-10_12-48-28.BMP,1,1,0,0.65,1
11397,I6V6C_WP2_CM_MEAS_FIB_{MEASURE}_P002_DX11DY14SDX6SDY31_2020-11-20_02-46-58.BMP,1,1,0,0.92,1
11398,J7VOW_WP2_CM_MEAS_FIB_{MEASURE}_P005_DX11DY9SDX6SDY30_2020-12-17_21-06-45.BMP,1,1,0,0.43,1
11399,1A1RY_WP2_CM_MEAS_FIB_{MEASURE}_P006_DX8DY7SDX6SDY30_2020-11-16_04-37-35.BMP,1,1,0,0.58,1
11400,2RLJQ_WP2_CM_MEAS_FIB_{MEASURE}_P005_DX8DY7SDX6SDY30_2020-11-28_00-16-42.BMP,1,1,0,0.84,1
11401,U8MDY_WP2_CM_MEAS_FIB_{MEASURE}_P005_DX11DY9SDX6SDY30_2020-12-01_21-49-34.BMP,1,1,0,0.65,1
11402,2RLN8_WP2_CM_MEAS_FIB_{MEASURE}_P006_DX17DY6SDX6SDY31_2020-11-01_08-45-49.BMP,1,1,1,0.53,1
11403,2RLPW_WP2_CM_MEAS_FIB_{MEASURE}_P008_DX7DY7SDX6SDY31_2020-11-12_20-51-31.BMP,1,1,0,0.56,1
11404,U4HO8_WP2_CM_MEAS_FIB_{MEASURE}_P002_DX11DY14SDX6SDY31_2020-11-15_22-12-08.BMP,1,1,0,0.66,1
11405,J7V16_WP2_CM_MEAS_FIB_{MEASURE}_P006_DX8DY7SDX6SDY30_2020-12-17_15-50-16.BMP,1,1,1,0.94,1
11406,6GJKK_WP2_CM_MEAS_FIB_{MEASURE}_P004_DX14DY10SDX6SDY30_2020-12-30_10-11-20.BMP,1,1,1,0.79,1
11407,I6UYO_WP2_CM_MEAS_FIB_{MEASURE}_P006_DX17DY6SDX6SDY31_2020-11-10_18-16-41.BMP,1,1,0,0.53,1
11408,6GJTO_WP2_CM_MEAS_FIB_{MEASURE}_P003_DX3DY12SDX6SDY29_2020-12-30_11-51-53.BMP,1,1,0,0.8,1
11409,6GJHC_WP2_CM_MEAS_FIB_{MEASURE}_P007_DX17DY6SDX6SDY30_2020-12-19_21-58-43.BMP,1,1,1,0.74,1
11410,I6V6C_WP2_CM_MEAS_FIB_{MEASURE}_P004_DX11DY9SDX6SDY31_2020-11-20_02-46-58.BMP,1,1,0,0.59,1
11411,6GJSQ_WP2_CM_MEAS_FIB_{MEASURE}_P003_DX3DY12SDX6SDY30_2020-12-20_00-35-56.BMP,1,1,0,0.79,1
11412,8XJCY_WP2_CM_MEAS_FIB_{MEASURE}_P003_DX3DY12SDX6SDY30_2020-11-12_06-15-58.BMP,1,1,0,0.86,1
11413,2RLVO_WP2_CM_MEAS_FIB_{MEASURE}_P005_DX8DY7SDX6SDY31_2020-11-23_01-10-38.BMP,1,1,0,0.69,1
11414,2RLTG_WP2_CM_MEAS_FIB_{MEASURE}_P006_DX17DY6SDX6SDY31_2020-12-23_19-21-36.BMP,1,1,1,0.44,1
11415,U4HTE_WP2_CM_MEAS_FIB_{MEASURE}_P005_DX8DY7SDX6SDY31_2020-11-28_18-32-07.BMP,1,1,0,0.86,1
11416,6GJDE_WP2_CM_MEAS_FIB_{MEASURE}_P004_DX14DY10SDX6SDY30_2020-12-06_14-51-36.BMP,1,1,0,0.89,1
11417,U8MH8_WP2_CM_MEAS_FIB_{MEASURE}_P002_DX11DY14SDX6SDY30_2020-11-29_06-14-15.BMP,1,1,0,0.6,1
11418,I6UZW_WP2_CM_MEAS_FIB_{MEASURE}_P005_DX8DY7SDX6SDY31_2020-11-19_19-53-38.BMP,1,1,0,0.9,1
11419,2RM06_WP2_CM_MEAS_FIB_{MEASURE}_P001_DX3DY12SDX6SDY31_2020-12-16_22-47-03.BMP,1,1,1,0.66,1
11420,U4HP0_WP2_CM_MEAS_FIB_{MEASURE}_P004_DX11DY9SDX6SDY31_2020-11-08_16-19-49.BMP,1,1,0,0.75,1
11421,U8MN8_WP2_CM_MEAS_FIB_{MEASURE}_P005_DX11DY9SDX6SDY30_2020-12-14_04-12-46.BMP,1,1,0,0.73,1
11422,U8M8S_WP2_CM_MEAS_FIB_{MEASURE}_P003_DX3DY12SDX6SDY30_2020-12-22_01-49-06.BMP,1,1,0,0.6,1
11423,J305G_WP2_CM_MEAS_FIB_{MEASURE}_P002_DX11DY14SDX6SDY30_2020-12-01_03-55-04.BMP,1,1,0,0.67,1
11424,I6UU6_WP2_CM_MEAS_FIB_{MEASURE}_P001_DX3DY12SDX6SDY31_2020-11-11_07-20-41.BMP,1,1,0,0.75,1
11425,W406W_WP2_CM_MEAS_FIB_{MEASURE}_P007_DX17DY6SDX6SDY30_2020-11-30_23-55-50.BMP,1,1,1,0.88,1
11426,2RLOG_WP2_CM_MEAS_FIB_{MEASURE}_P001_DX3DY12SDX6SDY31_2020-11-08_19-48-33.BMP,1,1,0,0.43,1
11427,U8ML6_WP2_CM_MEAS_FIB_{MEASURE}_P004_DX14DY10SDX6SDY30_2020-12-28_03-10-19.BMP,1,1,0,0.9,1
11428,I6V2Y_WP2_CM_MEAS_FIB_{MEASURE}_P005_DX8DY7SDX6SDY31_2020-11-24_19-32-03.BMP,1,1,0,0.41,1
11429,2RM00_WP2_CM_MEAS_FIB_{MEASURE}_P015_DX9DY10SDX6SDY31_2020-12-19_20-35-03.BMP,1,1,0,0.48,1
11430,2RLQ4_WP2_CM_MEAS_FIB_{MEASURE}_P003_DX14DY10SDX6SDY31_2020-11-09_11-27-24.BMP,1,1,1,0.88,1
11431,I6V0A_WP2_CM_MEAS_FIB_{MEASURE}_P004_DX11DY9SDX6SDY31_2020-11-10_05-21-03.BMP,1,1,0,0.43,1
11432,U4HSQ_WP2_CM_MEAS_FIB_{MEASURE}_P001_DX3DY12SDX6SDY31_2020-12-03_04-39-52.BMP,1,1,0,0.41,1
11433,I6V5S_WP2_CM_MEAS_FIB_{MEASURE}_P005_DX8DY7SDX6SDY31_2020-11-24_23-29-10.BMP,1,1,1,0.59,1
11434,U4HNY_WP2_CM_MEAS_FIB_{MEASURE}_P001_DX3DY12SDX6SDY31_2020-11-12_05-30-25.BMP,1,1,0,0.78,1
11435,U8MQ6_WP2_CM_MEAS_FIB_{MEASURE}_P007_DX17DY6SDX6SDY30_2020-11-04_19-16-02.BMP,1,1,1,0.61,1
11436,2RLO8_WP2_CM_MEAS_FIB_{MEASURE}_P003_DX14DY10SDX6SDY31_2020-11-23_14-13-52.BMP,1,1,0,0.4,1
11437,2RLQW_WP2_CM_MEAS_FIB_{MEASURE}_P003_DX14DY10SDX6SDY31_2020-11-24_22-26-04.BMP,1,1,1,0.83,1
11438,3AJSI_WP2_CM_MEAS_FIB_{MEASURE}_P003_DX3DY12SDX6SDY30_2020-12-30_10-53-24.BMP,1,1,0,0.85,1
11439,I6V5E_WP2_CM_MEAS_FIB_{MEASURE}_P001_DX3DY12SDX6SDY31_2020-12-24_10-07-57.BMP,1,1,0,0.7,1
11440,2RLWO_WP2_CM_MEAS_FIB_{MEASURE}_P006_DX17DY6SDX6SDY31_2020-12-04_00-19-23.BMP,1,1,0,0.66,1
11441,I6V4K_WP2_CM_MEAS_FIB_{MEASURE}_P006_DX17DY6SDX6SDY31_2020-12-13_04-49-54.BMP,1,1,0,0.62,1
11442,U4HU8_WP2_CM_MEAS_FIB_{MEASURE}_P001_DX3DY12SDX6SDY31_2020-11-12_01-19-14.BMP,1,1,1,0.74,1
11443,2RLOY_WP2_CM_MEAS_FIB_{MEASURE}_P005_DX8DY7SDX6SDY31_2020-11-12_00-24-15.BMP,1,1,0,0.85,1
11444,6GJSQ_WP2_CM_MEAS_FIB_{MEASURE}_P002_DX11DY14SDX6SDY29_2020-12-20_02-23-52.BMP,1,1,0,0.62,1
11445,W405K_WP2_CM_MEAS_FIB_{MEASURE}_P002_DX11DY14SDX6SDY30_2020-12-01_12-11-50.BMP,1,1,1,0.82,1
11446,3JOUA_WP2_CM_MEAS_FIB_{MEASURE}_P007_DX17DY6SDX6SDY29_2020-11-19_10-43-10.BMP,1,1,1,0.91,1
11447,1P3CO_WP2_CM_MEAS_FIB_{MEASURE}_P004_DX11DY11SDX6SDY29_2020-12-10_08-59-46.BMP,1,1,0,0.92,1
11448,U8M6Q_WP2_CM_MEAS_FIB_{MEASURE}_P004_DX14DY10SDX6SDY30_2020-12-27_23-49-57.BMP,1,1,0,0.9,1
11449,I6V1I_WP2_CM_MEAS_FIB_{MEASURE}_P001_DX3DY12SDX6SDY31_2020-11-10_14-13-59.BMP,1,1,1,0.67,1
11450,U8MFW_WP2_CM_MEAS_FIB_{MEASURE}_P004_DX14DY10SDX6SDY30_2020-12-02_08-51-09.BMP,1,1,1,0.45,1
11451,2RLR4_WP2_CM_MEAS_FIB_{MEASURE}_P006_DX17DY6SDX6SDY30_2020-11-28_20-12-41.BMP,1,1,0,0.91,1
11452,6GJSQ_WP2_CM_MEAS_FIB_{MEASURE}_P006_DX8DY7SDX6SDY30_2020-12-20_00-35-56.BMP,1,1,0,0.46,1
11453,V91LC_WP2_CM_MEAS_FIB_{MEASURE}_P006_DX8DY7SDX6SDY29_2020-11-22_09-53-19.BMP,1,1,1,0.54,1
11454,1A1CG_WP2_CM_MEAS_FIB_{MEASURE}_P007_DX17DY6SDX6SDY30_2020-11-15_05-39-05.BMP,1,1,0,0.4,1
11455,I6V06_WP2_CM_MEAS_FIB_{MEASURE}_P005_DX8DY7SDX6SDY31_2020-11-19_13-44-47.BMP,1,1,0,0.78,1
11456,2RLOU_WP2_CM_MEAS_FIB_{MEASURE}_P001_DX3DY12SDX6SDY31_2020-11-21_21-02-51.BMP,1,1,0,0.67,1
11457,5X6VS_WP2_CM_MEAS_FIB_{MEASURE}_P003_DX3DY12SDX6SDY27_2020-11-29_02-19-57.BMP,1,1,1,0.66,1
11458,2RLW0_WP2_CM_MEAS_FIB_{MEASURE}_P006_DX17DY6SDX6SDY31_2020-11-12_07-23-04.BMP,1,1,0,0.56,1
11459,U4HSY_WP2_CM_MEAS_FIB_{MEASURE}_P003_DX14DY10SDX6SDY31_2020-12-24_07-52-58.BMP,1,1,0,0.48,1
11460,6GJAY_WP2_CM_MEAS_FIB_{MEASURE}_P005_DX11DY9SDX6SDY30_2020-12-12_12-29-20.BMP,1,1,1,0.64,1
11461,5X6W4_WP2_CM_MEAS_FIB_{MEASURE}_P007_DX17DY6SDX6SDY30_2020-11-19_22-59-54.BMP,1,1,1,0.88,1
11462,V9HPO_WP2_CM_MEAS_FIB_{MEASURE}_P004_DX14DY10SDX6SDY30_2020-12-30_21-02-37.BMP,1,1,0,0.66,1
11463,U4HNK_WP2_CM_MEAS_FIB_{MEASURE}_P001_DX3DY12SDX6SDY31_2020-11-08_14-46-13.BMP,1,1,0,0.62,1
11464,3AJSI_WP2_CM_MEAS_FIB_{MEASURE}_P002_DX11DY14SDX6SDY30_2020-12-30_10-53-24.BMP,1,1,1,0.72,1
11465,I6V12_WP2_CM_MEAS_FIB_{MEASURE}_P004_DX11DY9SDX6SDY31_2020-11-04_14-02-19.BMP,1,1,1,0.44,1
11466,I6UXI_WP2_CM_MEAS_FIB_{MEASURE}_P005_DX8DY7SDX6SDY31_2020-11-05_09-01-01.BMP,1,1,0,0.42,1
11467,U8LK4_WP2_CM_MEAS_FIB_{MEASURE}_P006_DX8DY7SDX6SDY30_2020-12-27_23-12-05.BMP,1,1,0,0.49,1
11468,I6V8W_WP2_CM_MEAS_FIB_{MEASURE}_P002_DX11DY14SDX6SDY31_2020-12-04_16-48-09.BMP,1,1,0,0.41,1
11469,A70QY_WP2_CM_MEAS_FIB_{MEASURE}_P006_DX8DY7SDX6SDY30_2020-12-21_14-57-37.BMP,1,1,1,0.83,1
11470,2RLU8_WP2_CM_MEAS_FIB_{MEASURE}_P004_DX11DY9SDX6SDY31_2020-11-25_04-32-17.BMP,1,1,1,0.65,1
11471,2RLY4_WP2_CM_MEAS_FIB_{MEASURE}_P015_DX9DY10SDX6SDY31_2020-12-16_17-03-21.BMP,1,1,0,0.55,1
11472,S5132_WP2_CM_MEAS_FIB_{MEASURE}_P007_DX17DY6SDX6SDY30_2020-12-20_02-50-05.BMP,1,1,1,0.79,1
11473,I6V22_WP2_CM_MEAS_FIB_{MEASURE}_P004_DX11DY9SDX6SDY31_2020-11-24_00-03-44.BMP,1,1,0,0.75,1
11474,1A1DA_WP2_CM_MEAS_FIB_{MEASURE}_P003_DX3DY12SDX6SDY29_2020-12-07_08-11-51.BMP,1,1,0,0.72,1
11475,V92D6_WP2_CM_MEAS_FIB_{MEASURE}_P005_DX11DY9SDX6SDY30_2020-12-29_18-53-25.BMP,1,1,0,0.59,1
11476,I6V3W_WP2_CM_MEAS_FIB_{MEASURE}_P005_DX8DY7SDX6SDY31_2020-11-06_06-41-17.BMP,1,1,1,0.74,1
11477,8XJFO_WP2_CM_MEAS_FIB_{MEASURE}_P002_DX11DY14SDX6SDY30_2020-11-14_12-21-10.BMP,1,1,0,0.78,1
11478,U4HMQ_WP2_CM_MEAS_FIB_{MEASURE}_P012_DX12DY9SDX6SDY31_2020-11-17_18-25-48.BMP,1,1,0,0.52,1
11479,I6V12_WP2_CM_MEAS_FIB_{MEASURE}_P005_DX8DY7SDX6SDY31_2020-11-04_14-02-19.BMP,1,1,0,0.74,1
11480,V92D6_WP2_CM_MEAS_FIB_{MEASURE}_P006_DX8DY7SDX6SDY30_2020-12-29_18-53-25.BMP,1,1,0,0.63,1
11481,3AJLM_WP2_CM_MEAS_FIB_{MEASURE}_P003_DX3DY12SDX6SDY30_2020-12-01_12-00-36.BMP,1,1,0,0.83,1
11482,J7V4S_WP2_CM_MEAS_FIB_{MEASURE}_P002_DX11DY14SDX6SDY30_2020-12-30_16-07-26.BMP,1,1,0,0.72,1
11483,I6V2Y_WP2_CM_MEAS_FIB_{MEASURE}_P004_DX11DY9SDX6SDY31_2020-11-24_19-32-03.BMP,1,1,0,0.73,1
11484,2RLQ6_WP2_CM_MEAS_FIB_{MEASURE}_P001_DX3DY12SDX6SDY31_2020-11-20_23-00-28.BMP,1,1,1,0.69,1
11485,I6UX6_WP2_CM_MEAS_FIB_{MEASURE}_P005_DX8DY7SDX6SDY31_2020-11-05_08-31-17.BMP,1,1,1,0.73,1
11486,U4HPM_WP2_CM_MEAS_FIB_{MEASURE}_P001_DX3DY12SDX6SDY31_2020-11-20_20-30-48.BMP,1,1,1,0.4,1
11487,I6V40_WP2_CM_MEAS_FIB_{MEASURE}_P001_DX3DY12SDX6SDY30_2020-12-03_00-35-02.BMP,1,1,1,0.49,1
11488,I6V40_WP2_CM_MEAS_FIB_{MEASURE}_P004_DX11DY9SDX6SDY30_2020-12-03_00-35-02.BMP,1,1,0,0.52,1
11489,U8LEI_WP2_CM_MEAS_FIB_{MEASURE}_P004_DX14DY10SDX6SDY30_2020-11-24_20-43-41.BMP,1,1,0,0.47,1
11490,I6V2E_WP2_CM_MEAS_FIB_{MEASURE}_P004_DX11DY9SDX6SDY31_2020-12-12_12-26-47.BMP,1,1,0,0.45,1
11491,U4HSK_WP2_CM_MEAS_FIB_{MEASURE}_P001_DX3DY12SDX6SDY31_2020-11-23_08-46-15.BMP,1,1,0,0.47,1
11492,U4HSK_WP2_CM_MEAS_FIB_{MEASURE}_P016_DX7DY11SDX6SDY31_2020-11-23_13-26-21.BMP,1,1,0,0.89,1
11493,1A1DA_WP2_CM_MEAS_FIB_{MEASURE}_P004_DX11DY11SDX6SDY30_2020-12-07_07-02-28.BMP,1,1,1,0.72,1
11494,U4HN6_WP2_CM_MEAS_FIB_{MEASURE}_P006_DX17DY6SDX6SDY31_2020-11-02_00-48-33.BMP,1,1,1,0.49,1
11495,U4HTS_WP2_CM_MEAS_FIB_{MEASURE}_P005_DX8DY7SDX6SDY31_2020-12-13_19-44-00.BMP,1,1,0,0.67,1
11496,S51HQ_WP2_CM_MEAS_FIB_{MEASURE}_P003_DX3DY12SDX6SDY30_2020-12-01_05-42-54.BMP,1,1,0,0.72,1
11497,1P3FK_WP2_CM_MEAS_FIB_{MEASURE}_P007_DX17DY6SDX6SDY30_2020-12-29_13-13-26.BMP,1,1,0,0.55,1
11498,U4HSI_WP2_CM_MEAS_FIB_{MEASURE}_P002_DX11DY14SDX6SDY31_2020-11-12_16-14-26.BMP,1,1,0,0.86,1
11499,3AJSI_WP2_CM_MEAS_FIB_{MEASURE}_P005_DX11DY9SDX6SDY30_2020-12-30_10-53-24.BMP,1,1,1,0.82,1
11500,L5M3Q_WP2_CM_MEAS_FIB_{MEASURE}_P003_DX3DY12SDX6SDY30_2020-12-08_16-33-34.BMP,1,1,0,0.74,1
11501,2RLRA_WP2_CM_MEAS_FIB_{MEASURE}_P004_DX11DY9SDX6SDY31_2020-11-15_03-45-44.BMP,1,1,0,0.94,1
11502,U8MKQ_WP2_CM_MEAS_FIB_{MEASURE}_P006_DX8DY7SDX6SDY30_2020-12-29_21-40-21.BMP,1,1,0,0.85,1
11503,A70OG_WP2_CM_MEAS_FIB_{MEASURE}_P007_DX17DY6SDX6SDY28_2020-12-01_06-00-21.BMP,1,1,0,0.54,1
11504,2RLOE_WP2_CM_MEAS_FIB_{MEASURE}_P004_DX11DY9SDX6SDY31_2020-11-01_08-34-20.BMP,1,1,0,0.81,1
11505,2RLNG_WP2_CM_MEAS_FIB_{MEASURE}_P005_DX8DY7SDX6SDY31_2020-11-11_21-32-02.BMP,1,1,0,0.69,1
11506,U4HSK_WP2_CM_MEAS_FIB_{MEASURE}_P007_DX7DY7SDX6SDY31_2020-11-23_13-26-21.BMP,1,1,1,0.66,1
11507,I6V8W_WP2_CM_MEAS_FIB_{MEASURE}_P005_DX8DY7SDX6SDY31_2020-12-04_16-48-09.BMP,1,1,1,0.45,1
11508,J3HPO_WP2_CM_MEAS_FIB_{MEASURE}_P007_DX17DY6SDX6SDY30_2020-11-16_15-38-56.BMP,1,1,0,0.52,1
11509,U8LLU_WP2_CM_MEAS_FIB_{MEASURE}_P006_DX8DY7SDX6SDY30_2020-12-14_12-57-07.BMP,1,1,0,0.88,1
11510,2RLO2_WP2_CM_MEAS_FIB_{MEASURE}_P002_DX7DY3SDX6SDY31_2020-11-01_04-03-37.BMP,1,1,0,0.79,1
11511,U8MP6_WP2_CM_MEAS_FIB_{MEASURE}_P007_DX17DY6SDX6SDY30_2020-12-10_00-20-05.BMP,1,1,0,0.64,1
11512,2RLVW_WP2_CM_MEAS_FIB_{MEASURE}_P001_DX3DY12SDX6SDY31_2020-12-17_03-28-10.BMP,1,1,0,0.81,1
11513,U8MN0_WP2_CM_MEAS_FIB_{MEASURE}_P003_DX3DY12SDX6SDY30_2020-12-28_03-22-20.BMP,1,1,0,0.4,1
11514,3AJDC_WP2_CM_MEAS_FIB_{MEASURE}_P002_DX11DY14SDX6SDY30_2020-12-30_13-47-33.BMP,1,1,1,0.47,1
11515,I6UGS_WP2_CM_MEAS_FIB_{MEASURE}_P005_DX8DY7SDX6SDY31_2020-11-23_22-38-12.BMP,1,1,1,0.44,1
11516,S510U_WP2_CM_MEAS_FIB_{MEASURE}_P003_DX3DY12SDX6SDY30_2020-11-28_21-25-23.BMP,1,1,0,0.49,1
11517,U4HN2_WP2_CM_MEAS_FIB_{MEASURE}_P006_DX17DY6SDX6SDY30_2020-11-01_07-28-55.BMP,1,1,0,0.41,1
11518,U4HOW_WP2_CM_MEAS_FIB_{MEASURE}_P001_DX3DY12SDX6SDY31_2020-11-15_03-52-06.BMP,1,1,0,0.75,1
11519,U8KP8_WP2_CM_MEAS_FIB_{MEASURE}_P002_DX11DY14SDX6SDY30_2020-11-23_14-02-36.BMP,1,1,0,0.64,1
11520,I6V3S_WP2_CM_MEAS_FIB_{MEASURE}_P004_DX11DY9SDX6SDY31_2020-12-13_00-56-19.BMP,1,1,1,0.57,1
11521,U4HSY_WP2_CM_MEAS_FIB_{MEASURE}_P001_DX3DY12SDX6SDY31_2020-12-24_07-52-58.BMP,1,1,0,0.74,1
11522,U4HRQ_WP2_CM_MEAS_FIB_{MEASURE}_P005_DX8DY7SDX6SDY31_2020-11-01_23-53-48.BMP,1,1,0,0.87,1
11523,5X6W8_WP2_CM_MEAS_FIB_{MEASURE}_P007_DX17DY6SDX6SDY29_2020-12-15_16-56-52.BMP,1,1,1,0.78,1
11524,U8KP8_WP2_CM_MEAS_FIB_{MEASURE}_P004_DX14DY10SDX6SDY29_2020-11-23_15-11-50.BMP,1,1,1,0.6,1
11525,1A1RG_WP2_CM_MEAS_FIB_{MEASURE}_P003_DX3DY12SDX6SDY30_2020-12-06_14-51-13.BMP,1,1,0,0.84,1
11526,U8MIO_WP2_CM_MEAS_FIB_{MEASURE}_P007_DX17DY6SDX6SDY29_2020-11-20_20-39-51.BMP,1,1,0,0.42,1
11527,1P39E_WP2_CM_MEAS_FIB_{MEASURE}_P006_DX8DY7SDX6SDY28_2020-11-13_19-55-28.BMP,1,1,0,0.59,1
11528,I6UYS_WP2_CM_MEAS_FIB_{MEASURE}_P005_DX8DY7SDX6SDY31_2020-11-05_08-53-34.BMP,1,1,1,0.87,1
11529,I6UZW_WP2_CM_MEAS_FIB_{MEASURE}_P004_DX11DY9SDX6SDY31_2020-11-19_19-53-38.BMP,1,1,0,0.52,1
11530,I6V3C_WP2_CM_MEAS_FIB_{MEASURE}_P006_DX17DY6SDX6SDY31_2020-12-19_08-57-38.BMP,1,1,0,0.66,1
11531,1A1EU_WP2_CM_MEAS_FIB_{MEASURE}_P005_DX11DY9SDX6SDY29_2020-12-12_23-23-40.BMP,1,1,1,0.87,1
11532,2RLQG_WP2_CM_MEAS_FIB_{MEASURE}_P003_DX14DY10SDX6SDY31_2020-11-28_21-19-02.BMP,1,1,0,0.9,1
11533,I6V5Y_WP2_CM_MEAS_FIB_{MEASURE}_P006_DX17DY6SDX6SDY31_2020-12-12_18-29-24.BMP,1,1,1,0.87,1
11534,2RLXS_WP2_CM_MEAS_FIB_{MEASURE}_P004_DX11DY9SDX6SDY30_2020-12-06_10-49-08.BMP,1,1,0,0.54,1
11535,3JOTM_WP2_CM_MEAS_FIB_{MEASURE}_P003_DX3DY12SDX6SDY30_2020-11-04_00-59-59.BMP,1,1,0,0.8,1
11536,2RLOG_WP2_CM_MEAS_FIB_{MEASURE}_P006_DX17DY6SDX6SDY31_2020-11-08_19-48-33.BMP,1,1,0,0.6,1
11537,I6V4I_WP2_CM_MEAS_FIB_{MEASURE}_P001_DX3DY12SDX6SDY31_2020-11-09_05-46-39.BMP,1,1,1,0.78,1
11538,2RL9A_WP2_CM_MEAS_FIB_{MEASURE}_P005_DX8DY7SDX6SDY31_2020-11-18_14-06-51.BMP,1,1,0,0.56,1
11539,I6V52_WP2_CM_MEAS_FIB_{MEASURE}_P001_DX3DY12SDX6SDY31_2020-12-05_15-32-57.BMP,1,1,0,0.64,1
11540,S510E_WP2_CM_MEAS_FIB_{MEASURE}_P007_DX17DY6SDX6SDY28_2020-11-18_03-57-02.BMP,1,1,0,0.44,1
11541,U8KP8_WP2_CM_MEAS_FIB_{MEASURE}_P006_DX8DY7SDX6SDY29_2020-11-23_15-11-50.BMP,1,1,1,0.78,1
11542,V9HJ6_WP2_CM_MEAS_FIB_{MEASURE}_P004_DX14DY10SDX6SDY29_2020-12-07_16-22-11.BMP,1,1,0,0.82,1
11543,I6UYO_WP2_CM_MEAS_FIB_{MEASURE}_P005_DX8DY7SDX6SDY31_2020-11-10_18-16-41.BMP,1,1,0,0.9,1
11544,2RLMW_WP2_CM_MEAS_FIB_{MEASURE}_P005_DX8DY7SDX6SDY31_2020-11-08_16-24-28.BMP,1,1,0,0.62,1
11545,U4HSQ_WP2_CM_MEAS_FIB_{MEASURE}_P001_DX3DY12SDX6SDY30_2020-12-03_07-22-45.BMP,1,1,0,0.55,1
11546,2RLZE_WP2_CM_MEAS_FIB_{MEASURE}_P001_DX3DY12SDX6SDY31_2020-12-11_16-58-45.BMP,1,1,0,0.51,1
11547,I6UYU_WP2_CM_MEAS_FIB_{MEASURE}_P004_DX11DY9SDX6SDY31_2020-12-01_00-57-43.BMP,1,1,1,0.75,1
11548,U8KP8_WP2_CM_MEAS_FIB_{MEASURE}_P006_DX9DY6SDX6SDY31_2020-11-24_14-14-54.BMP,1,1,0,0.76,1
11549,8XJG6_WP2_CM_MEAS_FIB_{MEASURE}_P003_DX3DY12SDX6SDY30_2020-11-04_23-48-33.BMP,1,1,0,0.91,1
11550,W406S_WP2_CM_MEAS_FIB_{MEASURE}_P004_DX11DY11SDX6SDY29_2020-12-18_01-59-14.BMP,1,1,1,0.55,1
11551,A70PQ_WP2_CM_MEAS_FIB_{MEASURE}_P004_DX11DY11SDX6SDY30_2020-12-01_12-34-41.BMP,1,1,0,0.74,1
11552,1A1R6_WP2_CM_MEAS_FIB_{MEASURE}_P007_DX17DY6SDX6SDY30_2020-11-17_16-59-50.BMP,1,1,1,0.41,1
11553,I6UT8_WP2_CM_MEAS_FIB_{MEASURE}_P001_DX3DY12SDX6SDY31_2020-11-13_17-49-11.BMP,1,1,0,0.84,1
11554,J7V1G_WP2_CM_MEAS_FIB_{MEASURE}_P005_DX11DY9SDX6SDY30_2020-12-29_07-12-41.BMP,1,1,1,0.76,1
11555,V92D6_WP2_CM_MEAS_FIB_{MEASURE}_P004_DX11DY11SDX6SDY30_2020-12-29_18-53-25.BMP,1,1,0,0.59,1
11556,1A1FO_WP2_CM_MEAS_FIB_{MEASURE}_P007_DX17DY6SDX6SDY30_2020-11-30_15-16-39.BMP,1,1,1,0.6,1
11557,2RLR4_WP2_CM_MEAS_FIB_{MEASURE}_P001_DX3DY12SDX6SDY31_2020-11-28_11-56-23.BMP,1,1,0,0.68,1
11558,U4HMM_WP2_CM_MEAS_FIB_{MEASURE}_P005_DX8DY7SDX6SDY31_2020-11-12_06-09-20.BMP,1,1,1,0.8,1
11559,U8KP8_WP2_CM_MEAS_FIB_{MEASURE}_P008_DX7DY7SDX6SDY31_2020-11-24_14-14-54.BMP,1,1,0,0.45,1
11560,U4HU8_WP2_CM_MEAS_FIB_{MEASURE}_P002_DX11DY14SDX6SDY31_2020-11-12_01-19-14.BMP,1,1,0,0.82,1
11561,U4HPY_WP2_CM_MEAS_FIB_{MEASURE}_P001_DX3DY12SDX6SDY31_2020-11-09_17-26-35.BMP,1,1,0,0.48,1
11562,J305G_WP2_CM_MEAS_FIB_{MEASURE}_P007_DX17DY6SDX6SDY30_2020-12-01_03-55-04.BMP,1,1,1,0.93,1
11563,1A19G_WP2_CM_MEAS_FIB_{MEASURE}_P007_DX17DY6SDX6SDY27_2020-12-29_10-39-44.BMP,1,1,0,0.87,1
11564,I6U96_WP2_CM_MEAS_FIB_{MEASURE}_P005_DX8DY7SDX6SDY31_2020-11-14_06-24-34.BMP,1,1,0,0.81,1
11565,I6V3W_WP2_CM_MEAS_FIB_{MEASURE}_P002_DX11DY14SDX6SDY31_2020-11-06_06-41-17.BMP,1,1,1,0.74,1
11566,2RLVM_WP2_CM_MEAS_FIB_{MEASURE}_P006_DX17DY6SDX6SDY31_2020-12-01_11-14-09.BMP,1,1,1,0.45,1
11567,8XJEC_WP2_CM_MEAS_FIB_{MEASURE}_P007_DX17DY6SDX6SDY30_2020-12-29_18-03-10.BMP,1,1,0,0.79,1
11568,U4HNU_WP2_CM_MEAS_FIB_{MEASURE}_P002_DX11DY14SDX6SDY31_2020-11-12_16-54-21.BMP,1,1,0,0.71,1
11569,2RLO2_WP2_CM_MEAS_FIB_{MEASURE}_P006_DX9DY6SDX6SDY31_2020-11-01_04-03-37.BMP,1,1,0,0.71,1
11570,L5M3Q_WP2_CM_MEAS_FIB_{MEASURE}_P005_DX11DY9SDX6SDY30_2020-12-08_16-33-34.BMP,1,1,0,0.74,1
11571,S51HQ_WP2_CM_MEAS_FIB_{MEASURE}_P006_DX8DY7SDX6SDY30_2020-12-01_05-42-54.BMP,1,1,0,0.75,1
11572,U4HOC_WP2_CM_MEAS_FIB_{MEASURE}_P006_DX17DY6SDX6SDY31_2020-11-02_05-07-03.BMP,1,1,0,0.44,1
11573,6S3S2_WP2_CM_MEAS_FIB_{MEASURE}_P007_DX17DY6SDX6SDY30_2020-12-11_03-03-37.BMP,1,1,1,0.69,1
11574,1A1AC_WP2_CM_MEAS_FIB_{MEASURE}_P006_DX8DY7SDX6SDY30_2020-11-30_13-30-00.BMP,1,1,0,0.5,1
11575,J7V4S_WP2_CM_MEAS_FIB_{MEASURE}_P007_DX17DY6SDX6SDY30_2020-12-30_16-07-26.BMP,1,1,1,0.89,1
11576,V928K_WP2_CM_MEAS_FIB_{MEASURE}_P004_DX11DY11SDX6SDY30_2020-11-05_09-54-45.BMP,1,1,1,0.86,1
11577,U4HPS_WP2_CM_MEAS_FIB_{MEASURE}_P004_DX11DY9SDX6SDY31_2020-11-20_22-59-38.BMP,1,1,0,0.55,1
11578,2RLTO_WP2_CM_MEAS_FIB_{MEASURE}_P006_DX17DY6SDX6SDY31_2020-12-11_17-10-18.BMP,1,1,0,0.85,1
11579,J7V1G_WP2_CM_MEAS_FIB_{MEASURE}_P005_DX11DY9SDX6SDY29_2020-12-29_08-06-33.BMP,1,1,0,0.68,1
11580,2RLNG_WP2_CM_MEAS_FIB_{MEASURE}_P004_DX11DY9SDX6SDY31_2020-11-11_21-32-02.BMP,1,1,1,0.82,1
11581,1P2W8_WP2_CM_MEAS_FIB_{MEASURE}_P007_DX17DY6SDX6SDY30_2020-11-18_22-55-11.BMP,1,1,0,0.46,1
11582,2RLWG_WP2_CM_MEAS_FIB_{MEASURE}_P006_DX17DY6SDX6SDY31_2020-12-11_14-31-43.BMP,1,1,0,0.49,1
11583,I6UXM_WP2_CM_MEAS_FIB_{MEASURE}_P006_DX17DY6SDX6SDY31_2020-11-14_00-43-35.BMP,1,1,1,0.75,1
11584,2RLPW_WP2_CM_MEAS_FIB_{MEASURE}_P021_DX13DY14SDX6SDY31_2020-11-12_20-51-31.BMP,1,1,0,0.55,1
11585,2RLPQ_WP2_CM_MEAS_FIB_{MEASURE}_P001_DX3DY12SDX6SDY31_2020-11-30_12-13-04.BMP,1,1,1,0.93,1
11586,2RLOY_WP2_CM_MEAS_FIB_{MEASURE}_P004_DX11DY9SDX6SDY31_2020-11-12_00-24-15.BMP,1,1,1,0.41,1
11587,8XJFQ_WP2_CM_MEAS_FIB_{MEASURE}_P003_DX3DY12SDX6SDY30_2020-11-12_08-18-39.BMP,1,1,0,0.77,1
11588,U4HO8_WP2_CM_MEAS_FIB_{MEASURE}_P001_DX3DY12SDX6SDY31_2020-11-15_22-12-08.BMP,1,1,1,0.82,1
11589,2RLV2_WP2_CM_MEAS_FIB_{MEASURE}_P001_DX3DY12SDX6SDY31_2020-12-22_05-07-10.BMP,1,1,0,0.6,1
11590,U4HN6_WP2_CM_MEAS_FIB_{MEASURE}_P005_DX8DY7SDX6SDY31_2020-11-02_00-48-33.BMP,1,1,0,0.47,1
11591,2RLSS_WP2_CM_MEAS_FIB_{MEASURE}_P001_DX3DY12SDX6SDY31_2020-11-23_08-25-44.BMP,1,1,1,0.59,1
11592,S51HO_WP2_CM_MEAS_FIB_{MEASURE}_P007_DX17DY6SDX6SDY30_2020-12-01_15-50-48.BMP,1,1,0,0.4,1
11593,L5M3Q_WP2_CM_MEAS_FIB_{MEASURE}_P010_DX10DY8SDX6SDY31_2020-12-09_00-06-27.BMP,1,1,0,0.69,1
11594,J3HPM_WP2_CM_MEAS_FIB_{MEASURE}_P007_DX17DY6SDX6SDY29_2020-11-17_02-17-06.BMP,1,1,0,0.81,1
11595,L5M34_WP2_CM_MEAS_FIB_{MEASURE}_P005_DX11DY9SDX6SDY29_2020-12-28_00-39-41.BMP,1,1,0,0.59,1
11596,U4HOM_WP2_CM_MEAS_FIB_{MEASURE}_P001_DX3DY12SDX6SDY31_2020-11-09_16-06-04.BMP,1,1,0,0.68,1
11597,1A1AC_WP2_CM_MEAS_FIB_{MEASURE}_P005_DX11DY9SDX6SDY30_2020-11-30_13-30-00.BMP,1,1,1,0.67,1
11598,U8MSW_WP2_CM_MEAS_FIB_{MEASURE}_P007_DX17DY6SDX6SDY30_2020-12-19_18-11-39.BMP,1,1,0,0.64,1
11599,U4HSQ_WP2_CM_MEAS_FIB_{MEASURE}_P005_DX8DY7SDX6SDY31_2020-12-03_04-39-52.BMP,1,1,0,0.5,1
11600,U4HMQ_WP2_CM_MEAS_FIB_{MEASURE}_P004_DX11DY9SDX6SDY31_2020-11-17_13-45-34.BMP,1,1,0,0.61,1
11601,I6UYU_WP2_CM_MEAS_FIB_{MEASURE}_P002_DX11DY14SDX6SDY31_2020-12-01_00-57-43.BMP,1,1,0,0.74,1
11602,U4HSW_WP2_CM_MEAS_FIB_{MEASURE}_P001_DX3DY12SDX6SDY31_2020-11-29_13-42-15.BMP,1,1,1,0.61,1
11603,6GJ4K_WP2_CM_MEAS_FIB_{MEASURE}_P009_DX4DY8SDX6SDY31_2020-11-18_22-45-44.BMP,1,1,0,0.48,1
11604,I6UYQ_WP2_CM_MEAS_FIB_{MEASURE}_P001_DX3DY12SDX6SDY31_2020-11-14_00-23-58.BMP,1,1,0,0.83,1
11605,U8KP8_WP2_CM_MEAS_FIB_{MEASURE}_P015_DX9DY10SDX6SDY31_2020-11-24_14-14-54.BMP,1,1,0,0.47,1
11606,J7V4S_WP2_CM_MEAS_FIB_{MEASURE}_P006_DX8DY7SDX6SDY29_2020-12-30_19-15-23.BMP,1,1,1,0.92,1
11607,I6V56_WP2_CM_MEAS_FIB_{MEASURE}_P004_DX11DY9SDX6SDY31_2020-12-29_04-08-00.BMP,1,1,0,0.83,1
11608,U8MM2_WP2_CM_MEAS_FIB_{MEASURE}_P007_DX17DY6SDX6SDY30_2020-12-09_21-02-10.BMP,1,1,0,0.5,1
11609,U4HSK_WP2_CM_MEAS_FIB_{MEASURE}_P014_DX9DY10SDX6SDY31_2020-11-23_13-26-21.BMP,1,1,0,0.71,1
11610,I6V60_WP2_CM_MEAS_FIB_{MEASURE}_P001_DX3DY12SDX6SDY30_2020-11-14_05-30-50.BMP,1,1,0,0.55,1
11611,I6V3W_WP2_CM_MEAS_FIB_{MEASURE}_P004_DX11DY9SDX6SDY31_2020-11-06_06-41-17.BMP,1,1,0,0.47,1
11612,2RLOS_WP2_CM_MEAS_FIB_{MEASURE}_P005_DX8DY7SDX6SDY31_2020-11-11_20-24-38.BMP,1,1,0,0.51,1
11613,U8MDY_WP2_CM_MEAS_FIB_{MEASURE}_P007_DX17DY6SDX6SDY30_2020-12-01_21-49-34.BMP,1,1,1,0.43,1
11614,I6V5E_WP2_CM_MEAS_FIB_{MEASURE}_P005_DX8DY7SDX6SDY31_2020-12-24_10-07-57.BMP,1,1,1,0.49,1
11615,U4HSK_WP2_CM_MEAS_FIB_{MEASURE}_P004_DX11DY9SDX6SDY31_2020-11-23_08-46-15.BMP,1,1,0,0.74,1
11616,2RLPC_WP2_CM_MEAS_FIB_{MEASURE}_P001_DX3DY12SDX6SDY29_2020-11-06_11-56-27.BMP,1,1,0,0.62,1
11617,U8KP8_WP2_CM_MEAS_FIB_{MEASURE}_P007_DX17DY6SDX6SDY29_2020-11-23_15-11-50.BMP,1,1,0,0.45,1
11618,I6UXM_WP2_CM_MEAS_FIB_{MEASURE}_P002_DX11DY14SDX6SDY31_2020-11-14_00-43-35.BMP,1,1,1,0.8,1
11619,2RLP6_WP2_CM_MEAS_FIB_{MEASURE}_P004_DX11DY9SDX6SDY31_2020-11-15_01-56-21.BMP,1,1,0,0.7,1
11620,I6V4I_WP2_CM_MEAS_FIB_{MEASURE}_P002_DX11DY14SDX6SDY31_2020-11-09_05-46-39.BMP,1,1,0,0.73,1
11621,I6V60_WP2_CM_MEAS_FIB_{MEASURE}_P005_DX8DY7SDX6SDY30_2020-11-14_05-30-50.BMP,1,1,1,0.4,1
11622,J7VPG_WP2_CM_MEAS_FIB_{MEASURE}_P002_DX11DY14SDX6SDY30_2020-12-28_12-52-04.BMP,1,1,0,0.54,1
11623,U4HS4_WP2_CM_MEAS_FIB_{MEASURE}_P006_DX17DY6SDX6SDY30_2020-11-11_21-07-34.BMP,1,1,0,0.61,1
11624,U8KXO_WP2_CM_MEAS_FIB_{MEASURE}_P007_DX17DY6SDX6SDY30_2020-11-20_01-59-15.BMP,1,1,0,0.6,1
11625,U4HOS_WP2_CM_MEAS_FIB_{MEASURE}_P001_DX3DY12SDX6SDY31_2020-11-08_13-08-50.BMP,1,1,1,0.59,1
11626,U4HSY_WP2_CM_MEAS_FIB_{MEASURE}_P002_DX11DY14SDX6SDY31_2020-12-24_07-52-58.BMP,1,1,0,0.63,1
11627,I6V4K_WP2_CM_MEAS_FIB_{MEASURE}_P004_DX11DY9SDX6SDY31_2020-12-13_04-49-54.BMP,1,1,1,0.53,1
11628,L5M3Q_WP2_CM_MEAS_FIB_{MEASURE}_P004_DX17DY5SDX6SDY31_2020-12-09_00-06-27.BMP,1,1,0,0.92,1
11629,2RLJQ_WP2_CM_MEAS_FIB_{MEASURE}_P001_DX3DY12SDX6SDY30_2020-11-28_00-16-42.BMP,1,1,0,0.4,1
11630,2RLRA_WP2_CM_MEAS_FIB_{MEASURE}_P005_DX8DY7SDX6SDY31_2020-11-15_03-45-44.BMP,1,1,0,0.88,1
11631,I6V5E_WP2_CM_MEAS_FIB_{MEASURE}_P004_DX11DY9SDX6SDY30_2020-12-27_20-55-02.BMP,1,1,1,0.62,1
11632,L5LNO_WP2_CM_MEAS_FIB_{MEASURE}_P007_DX17DY6SDX6SDY30_2020-12-27_22-01-01.BMP,1,1,0,0.75,1
11633,6S3RI_WP2_CM_MEAS_FIB_{MEASURE}_P002_DX11DY14SDX6SDY30_2020-11-18_22-57-44.BMP,1,1,0,0.76,1
11634,W4J6C_WP2_CM_MEAS_FIB_{MEASURE}_P006_DX8DY7SDX6SDY30_2020-12-29_06-02-47.BMP,1,1,0,0.75,1
11635,1P3CU_WP2_CM_MEAS_FIB_{MEASURE}_P002_DX11DY14SDX6SDY29_2020-11-29_01-38-24.BMP,1,1,0,0.86,1
11636,I6V3I_WP2_CM_MEAS_FIB_{MEASURE}_P001_DX3DY12SDX6SDY31_2020-12-16_04-58-49.BMP,1,1,1,0.6,1
11637,2RLRM_WP2_CM_MEAS_FIB_{MEASURE}_P003_DX14DY10SDX6SDY31_2020-12-03_07-25-50.BMP,1,1,1,0.87,1
11638,I6V5S_WP2_CM_MEAS_FIB_{MEASURE}_P004_DX11DY9SDX6SDY31_2020-11-24_23-29-10.BMP,1,1,0,0.41,1
11639,U8ML8_WP2_CM_MEAS_FIB_{MEASURE}_P007_DX17DY6SDX6SDY30_2020-11-29_18-29-22.BMP,1,1,0,0.88,1
11640,2RLQG_WP2_CM_MEAS_FIB_{MEASURE}_P004_DX11DY9SDX6SDY31_2020-11-28_21-19-02.BMP,1,1,0,0.47,1
11641,1A1AC_WP2_CM_MEAS_FIB_{MEASURE}_P003_DX3DY12SDX6SDY30_2020-11-30_13-30-00.BMP,1,1,1,0.88,1
11642,S510M_WP2_CM_MEAS_FIB_{MEASURE}_P005_DX11DY9SDX6SDY30_2020-11-03_20-15-59.BMP,1,1,0,0.9,1
11643,I6V20_WP2_CM_MEAS_FIB_{MEASURE}_P004_DX11DY9SDX6SDY31_2020-11-19_19-55-35.BMP,1,1,1,0.66,1
11644,U4HMS_WP2_CM_MEAS_FIB_{MEASURE}_P006_DX17DY6SDX6SDY31_2020-11-02_17-33-37.BMP,1,1,0,0.64,1
11645,2RLNW_WP2_CM_MEAS_FIB_{MEASURE}_P004_DX11DY9SDX6SDY31_2020-11-08_16-22-04.BMP,1,1,0,0.49,1
11646,6GJ4K_WP2_CM_MEAS_FIB_{MEASURE}_P005_DX5DY6SDX6SDY31_2020-11-18_22-45-44.BMP,1,1,0,0.73,1
11647,1A1S4_WP2_CM_MEAS_FIB_{MEASURE}_P007_DX17DY6SDX6SDY30_2020-11-15_06-50-07.BMP,1,1,1,0.42,1
11648,I6UX6_WP2_CM_MEAS_FIB_{MEASURE}_P004_DX11DY9SDX6SDY31_2020-11-05_08-31-17.BMP,1,1,1,0.92,1
11649,V92D6_WP2_CM_MEAS_FIB_{MEASURE}_P003_DX3DY12SDX6SDY30_2020-12-29_18-53-25.BMP,1,1,0,0.48,1
11650,L5M3Q_WP2_CM_MEAS_FIB_{MEASURE}_P006_DX8DY7SDX6SDY30_2020-12-08_16-33-34.BMP,1,1,0,0.71,1
11651,2RLO2_WP2_CM_MEAS_FIB_{MEASURE}_P008_DX7DY7SDX6SDY31_2020-11-01_04-03-37.BMP,1,1,0,0.63,1
11652,W406W_WP2_CM_MEAS_FIB_{MEASURE}_P002_DX11DY14SDX6SDY28_2020-12-01_08-41-51.BMP,1,1,0,0.83,1
11653,2RLY4_WP2_CM_MEAS_FIB_{MEASURE}_P002_DX7DY3SDX6SDY31_2020-12-16_17-03-21.BMP,1,1,0,0.58,1
11654,L5LVK_WP2_CM_MEAS_FIB_{MEASURE}_P002_DX11DY14SDX6SDY30_2020-11-04_16-39-33.BMP,1,1,0,0.93,1
11655,I6V42_WP2_CM_MEAS_FIB_{MEASURE}_P001_DX3DY12SDX6SDY31_2020-11-10_20-06-34.BMP,1,1,0,0.69,1
11656,J7VPK_WP2_CM_MEAS_FIB_{MEASURE}_P003_DX3DY12SDX6SDY30_2020-12-09_05-20-19.BMP,1,1,0,0.72,1
11657,6GJ4K_WP2_CM_MEAS_FIB_{MEASURE}_P002_DX7DY3SDX6SDY31_2020-11-18_22-45-44.BMP,1,1,1,0.59,1
11658,2RLR0_WP2_CM_MEAS_FIB_{MEASURE}_P005_DX8DY7SDX6SDY31_2020-11-12_05-29-58.BMP,1,1,0,0.71,1
11659,I6UC8_WP2_CM_MEAS_FIB_{MEASURE}_P005_DX8DY7SDX6SDY31_2020-11-14_12-12-04.BMP,1,1,0,0.47,1
11660,U8MNQ_WP2_CM_MEAS_FIB_{MEASURE}_P007_DX17DY6SDX6SDY30_2020-12-19_16-55-38.BMP,1,1,0,0.9,1
11661,U8KP8_WP2_CM_MEAS_FIB_{MEASURE}_P007_DX13DY6SDX6SDY31_2020-11-24_14-14-54.BMP,1,1,1,0.53,1
11662,2RLMW_WP2_CM_MEAS_FIB_{MEASURE}_P001_DX3DY12SDX6SDY31_2020-11-08_16-24-28.BMP,1,1,1,0.59,1
11663,8XJGY_WP2_CM_MEAS_FIB_{MEASURE}_P007_DX17DY6SDX6SDY30_2020-11-04_17-58-59.BMP,1,1,0,0.52,1
11664,2RLPC_WP2_CM_MEAS_FIB_{MEASURE}_P001_DX3DY12SDX6SDY30_2020-11-06_08-04-08.BMP,1,1,0,0.81,1
11665,U4HPM_WP2_CM_MEAS_FIB_{MEASURE}_P006_DX17DY6SDX6SDY30_2020-11-20_21-49-56.BMP,1,1,1,0.46,1
11666,L5M34_WP2_CM_MEAS_FIB_{MEASURE}_P005_DX11DY9SDX6SDY30_2020-12-27_23-18-51.BMP,1,1,0,0.6,1
11667,2RLO2_WP2_CM_MEAS_FIB_{MEASURE}_P002_DX11DY14SDX6SDY31_2020-11-01_01-57-10.BMP,1,1,0,0.56,1
11668,3AJ8Q_WP2_CM_MEAS_FIB_{MEASURE}_P003_DX3DY12SDX6SDY28_2020-11-09_21-10-14.BMP,1,1,1,0.51,1
11669,U4HO0_WP2_CM_MEAS_FIB_{MEASURE}_P006_DX17DY6SDX6SDY31_2020-11-09_22-43-40.BMP,1,1,1,0.93,1
11670,S513U_WP2_CM_MEAS_FIB_{MEASURE}_P003_DX3DY12SDX6SDY30_2020-12-29_14-16-16.BMP,1,1,0,0.48,1
11671,U4HTE_WP2_CM_MEAS_FIB_{MEASURE}_P005_DX8DY7SDX6SDY30_2020-11-29_04-48-52.BMP,1,1,0,0.68,1
11672,1A1D0_WP2_CM_MEAS_FIB_{MEASURE}_P007_DX17DY6SDX6SDY29_2020-12-11_06-54-49.BMP,1,1,0,0.7,1
11673,J7V6Y_WP2_CM_MEAS_FIB_{MEASURE}_P007_DX17DY6SDX6SDY30_2020-12-09_14-55-01.BMP,1,1,0,0.58,1
11674,U4HPQ_WP2_CM_MEAS_FIB_{MEASURE}_P001_DX3DY12SDX6SDY30_2020-11-23_19-17-24.BMP,1,1,1,0.94,1
11675,I6V2E_WP2_CM_MEAS_FIB_{MEASURE}_P005_DX8DY7SDX6SDY31_2020-12-12_12-26-47.BMP,1,1,0,0.56,1
11676,I6V2C_WP2_CM_MEAS_FIB_{MEASURE}_P004_DX11DY9SDX6SDY31_2020-11-12_10-07-33.BMP,1,1,0,0.61,1
11677,U4HPC_WP2_CM_MEAS_FIB_{MEASURE}_P001_DX3DY12SDX6SDY31_2020-11-14_15-14-26.BMP,1,1,0,0.43,1
11678,U8KP8_WP2_CM_MEAS_FIB_{MEASURE}_P002_DX7DY3SDX6SDY31_2020-11-24_14-14-54.BMP,1,1,1,0.92,1
11679,2RLPW_WP2_CM_MEAS_FIB_{MEASURE}_P006_DX17DY6SDX6SDY31_2020-11-12_17-37-56.BMP,1,1,0,0.49,1
11680,U8LZ2_WP2_CM_MEAS_FIB_{MEASURE}_P004_DX14DY10SDX6SDY30_2020-12-28_23-56-52.BMP,1,1,0,0.6,1
11681,U4HQC_WP2_CM_MEAS_FIB_{MEASURE}_P005_DX8DY7SDX6SDY31_2020-11-21_00-18-25.BMP,1,1,0,0.57,1
11682,S51HQ_WP2_CM_MEAS_FIB_{MEASURE}_P005_DX11DY9SDX6SDY30_2020-12-01_05-42-54.BMP,1,1,1,0.46,1
11683,2RLO4_WP2_CM_MEAS_FIB_{MEASURE}_P006_DX17DY6SDX6SDY31_2020-11-10_17-41-06.BMP,1,1,0,0.72,1
11684,V92D6_WP2_CM_MEAS_FIB_{MEASURE}_P005_DX11DY9SDX6SDY29_2020-12-29_21-03-07.BMP,1,1,0,0.92,1
11685,S513U_WP2_CM_MEAS_FIB_{MEASURE}_P005_DX11DY9SDX6SDY29_2020-12-29_17-41-03.BMP,1,1,0,0.83,1
11686,W405I_WP2_CM_MEAS_FIB_{MEASURE}_P005_DX11DY9SDX6SDY30_2020-12-27_07-00-53.BMP,1,1,1,0.84,1
11687,S51H0_WP2_CM_MEAS_FIB_{MEASURE}_P007_DX17DY6SDX6SDY30_2020-11-29_01-20-47.BMP,1,1,0,0.57,1
11688,J7V0I_WP2_CM_MEAS_FIB_{MEASURE}_P007_DX17DY6SDX6SDY30_2020-12-15_16-36-19.BMP,1,1,1,0.93,1
11689,8XJBO_WP2_CM_MEAS_FIB_{MEASURE}_P003_DX3DY12SDX6SDY30_2020-11-04_03-57-36.BMP,1,1,0,0.61,1
11690,6GJSQ_WP2_CM_MEAS_FIB_{MEASURE}_P005_DX11DY9SDX6SDY29_2020-12-20_02-23-52.BMP,1,1,0,0.67,1
11691,J7VPG_WP2_CM_MEAS_FIB_{MEASURE}_P005_DX11DY9SDX6SDY30_2020-12-28_12-52-04.BMP,1,1,0,0.68,1
11692,2RLO8_WP2_CM_MEAS_FIB_{MEASURE}_P001_DX3DY12SDX6SDY31_2020-11-23_14-13-52.BMP,1,1,0,0.46,1
11693,S51HQ_WP2_CM_MEAS_FIB_{MEASURE}_P007_DX17DY6SDX6SDY30_2020-12-01_05-42-54.BMP,1,1,1,0.5,1
11694,2RLVW_WP2_CM_MEAS_FIB_{MEASURE}_P004_DX11DY9SDX6SDY31_2020-12-17_03-28-10.BMP,1,1,1,0.89,1
11695,2RL5O_WP2_CM_MEAS_FIB_{MEASURE}_P001_DX3DY12SDX6SDY31_2020-11-23_16-28-11.BMP,1,1,1,0.57,1
11696,I6UXM_WP2_CM_MEAS_FIB_{MEASURE}_P001_DX3DY12SDX6SDY31_2020-11-14_00-43-35.BMP,1,1,0,0.66,1
11697,I6UEQ_WP2_CM_MEAS_FIB_{MEASURE}_P001_DX3DY12SDX6SDY31_2020-12-13_05-22-52.BMP,1,1,1,0.56,1
11698,J305G_WP2_CM_MEAS_FIB_{MEASURE}_P003_DX3DY12SDX6SDY30_2020-12-01_03-55-04.BMP,1,1,0,0.51,1
11699,I6V56_WP2_CM_MEAS_FIB_{MEASURE}_P005_DX8DY7SDX6SDY31_2020-12-29_04-08-00.BMP,1,1,1,0.47,1
11700,U8MNE_WP2_CM_MEAS_FIB_{MEASURE}_P007_DX17DY6SDX6SDY30_2020-12-16_07-37-43.BMP,1,1,0,0.86,1
11701,3AJSI_WP2_CM_MEAS_FIB_{MEASURE}_P007_DX17DY6SDX6SDY30_2020-12-30_10-53-24.BMP,1,1,0,0.9,1
11702,U4HMQ_WP2_CM_MEAS_FIB_{MEASURE}_P001_DX3DY12SDX6SDY31_2020-11-17_13-45-34.BMP,1,1,0,0.7,1
11703,2RLQ4_WP2_CM_MEAS_FIB_{MEASURE}_P002_DX11DY14SDX6SDY31_2020-11-09_11-27-24.BMP,1,1,0,0.7,1
11704,U4HO0_WP2_CM_MEAS_FIB_{MEASURE}_P001_DX3DY12SDX6SDY30_2020-11-10_09-18-18.BMP,1,1,0,0.66,1
11705,J7V4S_WP2_CM_MEAS_FIB_{MEASURE}_P007_DX17DY6SDX6SDY29_2020-12-30_19-15-23.BMP,1,1,1,0.84,1
11706,U4HUQ_WP2_CM_MEAS_FIB_{MEASURE}_P003_DX14DY10SDX6SDY31_2020-12-13_22-33-09.BMP,1,1,0,0.58,1
11707,J305G_WP2_CM_MEAS_FIB_{MEASURE}_P005_DX11DY9SDX6SDY30_2020-12-01_03-55-04.BMP,1,1,1,0.65,1
11708,I6UXA_WP2_CM_MEAS_FIB_{MEASURE}_P004_DX11DY9SDX6SDY31_2020-11-09_16-50-25.BMP,1,1,0,0.55,1
11709,2RLQ8_WP2_CM_MEAS_FIB_{MEASURE}_P006_DX17DY6SDX6SDY31_2020-11-27_00-50-46.BMP,1,1,1,0.86,1
11710,U4HSY_WP2_CM_MEAS_FIB_{MEASURE}_P003_DX14DY10SDX6SDY30_2020-12-24_13-40-22.BMP,1,1,0,0.79,1
11711,U8KP8_WP2_CM_MEAS_FIB_{MEASURE}_P004_DX14DY10SDX6SDY30_2020-11-23_14-02-36.BMP,1,1,0,0.5,1
11712,U4HPS_WP2_CM_MEAS_FIB_{MEASURE}_P001_DX3DY12SDX6SDY31_2020-11-20_22-59-38.BMP,1,1,0,0.91,1
11713,U8KP8_WP2_CM_MEAS_FIB_{MEASURE}_P014_DX17DY9SDX6SDY31_2020-11-24_14-14-54.BMP,1,1,1,0.58,1
11714,1A1DA_WP2_CM_MEAS_FIB_{MEASURE}_P004_DX11DY11SDX6SDY29_2020-12-07_08-11-51.BMP,1,1,1,0.71,1
11715,I6V42_WP2_CM_MEAS_FIB_{MEASURE}_P006_DX17DY6SDX6SDY31_2020-11-10_20-06-34.BMP,1,1,1,0.69,1
11716,I6V5M_WP2_CM_MEAS_FIB_{MEASURE}_P001_DX3DY12SDX6SDY31_2020-12-30_19-30-38.BMP,1,1,0,0.49,1
11717,2RLR0_WP2_CM_MEAS_FIB_{MEASURE}_P004_DX11DY9SDX6SDY31_2020-11-12_05-29-58.BMP,1,1,0,0.74,1
11718,6GJTO_WP2_CM_MEAS_FIB_{MEASURE}_P002_DX11DY14SDX6SDY29_2020-12-30_11-51-53.BMP,1,1,0,0.78,1
11719,I6V4S_WP2_CM_MEAS_FIB_{MEASURE}_P004_DX11DY9SDX6SDY31_2020-11-23_03-39-52.BMP,1,1,0,0.89,1
11720,U4HSK_WP2_CM_MEAS_FIB_{MEASURE}_P015_DX13DY10SDX6SDY31_2020-11-23_13-26-21.BMP,1,1,0,0.59,1
11721,I6UY4_WP2_CM_MEAS_FIB_{MEASURE}_P001_DX3DY12SDX6SDY31_2020-11-10_01-01-58.BMP,1,1,0,0.77,1
11722,U4HUA_WP2_CM_MEAS_FIB_{MEASURE}_P006_DX17DY6SDX6SDY31_2020-11-10_16-55-33.BMP,1,1,0,0.43,1
11723,V92D6_WP2_CM_MEAS_FIB_{MEASURE}_P007_DX17DY6SDX6SDY29_2020-12-29_21-03-07.BMP,1,1,1,0.46,1
11724,U8MNS_WP2_CM_MEAS_FIB_{MEASURE}_P007_DX17DY6SDX6SDY30_2020-12-10_00-39-28.BMP,1,1,1,0.92,1
11725,U4HR2_WP2_CM_MEAS_FIB_{MEASURE}_P006_DX17DY6SDX6SDY31_2020-12-08_13-46-43.BMP,1,1,1,0.9,1
11726,3AJ8O_WP2_CM_MEAS_FIB_{MEASURE}_P002_DX11DY14SDX6SDY30_2020-12-06_03-46-54.BMP,1,1,0,0.62,1
11727,U4HOU_WP2_CM_MEAS_FIB_{MEASURE}_P006_DX17DY6SDX6SDY31_2020-11-04_12-31-44.BMP,1,1,0,0.67,1
11728,I6V2O_WP2_CM_MEAS_FIB_{MEASURE}_P004_DX11DY9SDX6SDY31_2020-11-17_22-55-20.BMP,1,1,1,0.8,1
11729,I6UVO_WP2_CM_MEAS_FIB_{MEASURE}_P004_DX11DY9SDX6SDY31_2020-11-13_18-31-40.BMP,1,1,0,0.76,1
11730,2RLPW_WP2_CM_MEAS_FIB_{MEASURE}_P016_DX13DY10SDX6SDY31_2020-11-12_20-51-31.BMP,1,1,1,0.56,1
11731,8XJGY_WP2_CM_MEAS_FIB_{MEASURE}_P003_DX3DY12SDX6SDY30_2020-11-04_17-58-59.BMP,1,1,1,0.53,1
11732,8XJFQ_WP2_CM_MEAS_FIB_{MEASURE}_P004_DX14DY10SDX6SDY30_2020-11-12_08-18-39.BMP,1,1,0,0.76,1
11733,6GJ7Q_WP2_CM_MEAS_FIB_{MEASURE}_P005_DX11DY9SDX6SDY30_2020-11-29_10-45-00.BMP,1,1,0,0.71,1
11734,L5LM6_WP2_CM_MEAS_FIB_{MEASURE}_P005_DX11DY9SDX6SDY30_2020-12-08_16-39-49.BMP,1,1,0,0.86,1
11735,I6V4K_WP2_CM_MEAS_FIB_{MEASURE}_P001_DX3DY12SDX6SDY31_2020-12-13_04-49-54.BMP,1,1,0,0.66,1
11736,U8MN0_WP2_CM_MEAS_FIB_{MEASURE}_P007_DX17DY6SDX6SDY30_2020-12-28_03-22-20.BMP,1,1,1,0.78,1
11737,6GJEW_WP2_CM_MEAS_FIB_{MEASURE}_P002_DX11DY14SDX6SDY30_2020-12-04_14-18-25.BMP,1,1,0,0.49,1
11738,I6V42_WP2_CM_MEAS_FIB_{MEASURE}_P002_DX11DY14SDX6SDY31_2020-11-10_20-06-34.BMP,1,1,0,0.54,1
11739,I6V00_WP2_CM_MEAS_FIB_{MEASURE}_P001_DX3DY12SDX6SDY31_2020-11-09_17-38-21.BMP,1,1,0,0.46,1
11740,2RLQ8_WP2_CM_MEAS_FIB_{MEASURE}_P001_DX3DY12SDX6SDY31_2020-11-27_00-50-46.BMP,1,1,1,0.6,1
11741,3AJDC_WP2_CM_MEAS_FIB_{MEASURE}_P004_DX14DY10SDX6SDY30_2020-12-30_13-47-33.BMP,1,1,0,0.62,1
11742,U8MDM_WP2_CM_MEAS_FIB_{MEASURE}_P007_DX17DY6SDX6SDY30_2020-11-20_01-59-49.BMP,1,1,1,0.48,1
11743,U4HPU_WP2_CM_MEAS_FIB_{MEASURE}_P006_DX17DY6SDX6SDY31_2020-11-09_19-20-28.BMP,1,1,0,0.71,1
11744,U4HPU_WP2_CM_MEAS_FIB_{MEASURE}_P001_DX3DY12SDX6SDY31_2020-11-09_19-20-28.BMP,1,1,0,0.61,1
11745,I6V3Q_WP2_CM_MEAS_FIB_{MEASURE}_P004_DX11DY9SDX6SDY31_2020-11-10_19-13-26.BMP,1,1,0,0.83,1
11746,V928K_WP2_CM_MEAS_FIB_{MEASURE}_P002_DX11DY14SDX6SDY30_2020-11-05_09-54-45.BMP,1,1,1,0.64,1
11747,6GJ2Q_WP2_CM_MEAS_FIB_{MEASURE}_P005_DX11DY9SDX6SDY29_2020-12-01_21-51-26.BMP,1,1,0,0.47,1
11748,2RLNG_WP2_CM_MEAS_FIB_{MEASURE}_P001_DX3DY12SDX6SDY31_2020-11-11_21-32-02.BMP,1,1,0,0.85,1
11749,W406W_WP2_CM_MEAS_FIB_{MEASURE}_P006_DX8DY7SDX6SDY30_2020-11-30_23-55-50.BMP,1,1,1,0.51,1
11750,1A1DA_WP2_CM_MEAS_FIB_{MEASURE}_P003_DX3DY12SDX6SDY30_2020-12-07_07-02-28.BMP,1,1,0,0.84,1
11751,3JP0G_WP2_CM_MEAS_FIB_{MEASURE}_P007_DX17DY6SDX6SDY30_2020-12-21_01-04-47.BMP,1,1,0,0.53,1
11752,I6UX2_WP2_CM_MEAS_FIB_{MEASURE}_P004_DX11DY9SDX6SDY31_2020-11-13_23-40-22.BMP,1,1,0,0.81,1
11753,W4034_WP2_CM_MEAS_FIB_{MEASURE}_P002_DX11DY14SDX6SDY29_2020-12-07_07-49-44.BMP,1,1,0,0.42,1
11754,2RLXC_WP2_CM_MEAS_FIB_{MEASURE}_P005_DX8DY7SDX6SDY31_2020-11-30_05-57-23.BMP,1,1,1,0.63,1
11755,U4HTS_WP2_CM_MEAS_FIB_{MEASURE}_P001_DX3DY12SDX6SDY31_2020-12-13_19-44-00.BMP,1,1,1,0.51,1
11756,I6V1E_WP2_CM_MEAS_FIB_{MEASURE}_P005_DX8DY7SDX6SDY31_2020-11-10_15-57-16.BMP,1,1,0,0.56,1
11757,V92D6_WP2_CM_MEAS_FIB_{MEASURE}_P006_DX8DY7SDX6SDY29_2020-12-29_21-03-07.BMP,1,1,0,0.93,1
11758,V928K_WP2_CM_MEAS_FIB_{MEASURE}_P003_DX3DY12SDX6SDY30_2020-11-05_09-54-45.BMP,1,1,0,0.62,1
11759,1A1S2_WP2_CM_MEAS_FIB_{MEASURE}_P007_DX17DY6SDX6SDY30_2020-12-06_14-55-29.BMP,1,1,0,0.93,1
11760,I6UWS_WP2_CM_MEAS_FIB_{MEASURE}_P006_DX17DY6SDX6SDY31_2020-11-21_11-30-37.BMP,1,1,0,0.6,1
11761,I6V3W_WP2_CM_MEAS_FIB_{MEASURE}_P003_DX14DY10SDX6SDY31_2020-11-06_06-41-17.BMP,1,1,0,0.51,1
11762,S51HQ_WP2_CM_MEAS_FIB_{MEASURE}_P007_DX17DY6SDX6SDY28_2020-12-01_09-10-30.BMP,1,1,0,0.42,1
11763,I6V4G_WP2_CM_MEAS_FIB_{MEASURE}_P006_DX17DY6SDX6SDY31_2020-12-18_21-44-24.BMP,1,1,0,0.44,1
11764,I6V5M_WP2_CM_MEAS_FIB_{MEASURE}_P005_DX8DY7SDX6SDY31_2020-12-30_19-30-38.BMP,1,1,0,0.75,1
11765,U4HSK_WP2_CM_MEAS_FIB_{MEASURE}_P012_DX12DY9SDX6SDY31_2020-11-23_13-26-21.BMP,1,1,0,0.71,1
11766,I6V8W_WP2_CM_MEAS_FIB_{MEASURE}_P001_DX3DY12SDX6SDY31_2020-12-04_16-48-09.BMP,1,1,0,0.78,1
11767,U4HQO_WP2_CM_MEAS_FIB_{MEASURE}_P004_DX11DY9SDX6SDY31_2020-12-03_02-58-22.BMP,1,1,0,0.83,1
11768,U4HPA_WP2_CM_MEAS_FIB_{MEASURE}_P001_DX3DY12SDX6SDY31_2020-11-02_10-08-00.BMP,1,1,1,0.76,1
11769,U8MKQ_WP2_CM_MEAS_FIB_{MEASURE}_P004_DX14DY10SDX6SDY30_2020-12-29_21-40-21.BMP,1,1,0,0.69,1
11770,L5LVK_WP2_CM_MEAS_FIB_{MEASURE}_P005_DX11DY9SDX6SDY30_2020-11-04_16-39-33.BMP,1,1,0,0.52,1
11771,2RLY4_WP2_CM_MEAS_FIB_{MEASURE}_P008_DX7DY7SDX6SDY31_2020-12-16_17-03-21.BMP,1,1,1,0.47,1
11772,8XJES_WP2_CM_MEAS_FIB_{MEASURE}_P003_DX3DY12SDX6SDY30_2020-11-14_06-25-07.BMP,1,1,0,0.84,1
11773,2RLXA_WP2_CM_MEAS_FIB_{MEASURE}_P001_DX3DY12SDX6SDY31_2020-12-11_19-40-07.BMP,1,1,1,0.81,1
11774,6GJEY_WP2_CM_MEAS_FIB_{MEASURE}_P003_DX3DY12SDX6SDY30_2020-12-30_09-59-34.BMP,1,1,0,0.43,1
11775,U8KP8_WP2_CM_MEAS_FIB_{MEASURE}_P003_DX3DY12SDX6SDY29_2020-11-23_15-11-50.BMP,1,1,1,0.6,1
11776,2RLVC_WP2_CM_MEAS_FIB_{MEASURE}_P005_DX8DY7SDX6SDY31_2020-11-14_07-56-57.BMP,1,1,0,0.87,1
11777,U4HR6_WP2_CM_MEAS_FIB_{MEASURE}_P005_DX8DY7SDX6SDY31_2020-12-01_19-58-26.BMP,1,1,0,0.57,1
11778,5X6VS_WP2_CM_MEAS_FIB_{MEASURE}_P009_DX3DY12SDX4SDY27_2020-11-29_02-19-57.BMP,1,1,0,0.64,1
11779,1A1AC_WP2_CM_MEAS_FIB_{MEASURE}_P007_DX17DY6SDX6SDY30_2020-11-30_13-30-00.BMP,1,1,0,0.4,1
11780,2RLVS_WP2_CM_MEAS_FIB_{MEASURE}_P001_DX3DY12SDX6SDY31_2020-11-27_14-22-59.BMP,1,1,1,0.56,1
11781,I6V28_WP2_CM_MEAS_FIB_{MEASURE}_P001_DX3DY12SDX6SDY31_2020-11-10_08-54-14.BMP,1,1,0,0.54,1
11782,J7V1G_WP2_CM_MEAS_FIB_{MEASURE}_P004_DX14DY10SDX6SDY29_2020-12-29_08-06-33.BMP,1,1,0,0.56,1
11783,I6SIM_WP2_CM_MEAS_FIB_{MEASURE}_P001_DX3DY12SDX6SDY30_2020-12-16_08-59-38.BMP,1,1,0,0.62,1
11784,2RLPM_WP2_CM_MEAS_FIB_{MEASURE}_P006_DX17DY6SDX6SDY31_2020-11-22_04-16-59.BMP,1,1,1,0.52,1
11785,J7V4S_WP2_CM_MEAS_FIB_{MEASURE}_P004_DX14DY10SDX6SDY30_2020-12-30_16-07-26.BMP,1,1,1,0.53,1
11786,I6UZY_WP2_CM_MEAS_FIB_{MEASURE}_P004_DX11DY9SDX6SDY31_2020-11-10_03-06-48.BMP,1,1,0,0.85,1
11787,I6V4S_WP2_CM_MEAS_FIB_{MEASURE}_P001_DX3DY12SDX6SDY31_2020-11-23_03-39-52.BMP,1,1,0,0.81,1
11788,U4HRQ_WP2_CM_MEAS_FIB_{MEASURE}_P006_DX17DY6SDX6SDY31_2020-11-01_23-53-48.BMP,1,1,0,0.52,1
11789,U8KP8_WP2_CM_MEAS_FIB_{MEASURE}_P004_DX17DY5SDX6SDY31_2020-11-24_14-14-54.BMP,1,1,1,0.71,1
11790,6GJTO_WP2_CM_MEAS_FIB_{MEASURE}_P003_DX3DY12SDX6SDY30_2020-12-30_09-35-19.BMP,1,1,0,0.91,1
11791,6GJA6_WP2_CM_MEAS_FIB_{MEASURE}_P006_DX8DY7SDX6SDY30_2020-12-05_08-43-33.BMP,1,1,1,0.77,1
11792,U8MQE_WP2_CM_MEAS_FIB_{MEASURE}_P005_DX11DY9SDX6SDY30_2020-11-20_14-16-27.BMP,1,1,0,0.9,1
11793,6GJG4_WP2_CM_MEAS_FIB_{MEASURE}_P007_DX17DY6SDX6SDY30_2020-12-30_23-54-25.BMP,1,1,0,0.71,1
11794,J7V3A_WP2_CM_MEAS_FIB_{MEASURE}_P006_DX8DY7SDX6SDY30_2020-12-29_06-22-59.BMP,1,1,0,0.87,1
11795,I6V40_WP2_CM_MEAS_FIB_{MEASURE}_P005_DX8DY7SDX6SDY30_2020-12-03_00-35-02.BMP,1,1,0,0.93,1
11796,2RLW0_WP2_CM_MEAS_FIB_{MEASURE}_P001_DX3DY12SDX6SDY31_2020-11-12_07-23-04.BMP,1,1,0,0.55,1
11797,6GJGK_WP2_CM_MEAS_FIB_{MEASURE}_P003_DX3DY12SDX6SDY29_2020-11-15_06-03-34.BMP,1,1,0,0.73,1
11798,U4HQA_WP2_CM_MEAS_FIB_{MEASURE}_P006_DX17DY6SDX6SDY31_2020-12-02_14-39-53.BMP,1,1,0,0.78,1
11799,U8MJW_WP2_CM_MEAS_FIB_{MEASURE}_P005_DX11DY9SDX6SDY30_2020-12-14_10-36-34.BMP,1,1,0,0.53,1
11800,I6UZU_WP2_CM_MEAS_FIB_{MEASURE}_P001_DX3DY12SDX6SDY31_2020-11-17_01-06-30.BMP,1,1,0,0.51,1
11801,8XJG8_WP2_CM_MEAS_FIB_{MEASURE}_P003_DX3DY12SDX6SDY30_2020-11-08_00-30-59.BMP,1,1,1,0.72,1
11802,2RLPS_WP2_CM_MEAS_FIB_{MEASURE}_P005_DX8DY7SDX6SDY31_2020-11-23_16-26-10.BMP,1,1,0,0.77,1
11803,6S3QQ_WP2_CM_MEAS_FIB_{MEASURE}_P002_DX11DY14SDX6SDY29_2020-11-13_20-02-42.BMP,1,1,1,0.54,1
11804,6GJHA_WP2_CM_MEAS_FIB_{MEASURE}_P003_DX3DY12SDX6SDY30_2020-11-15_19-50-45.BMP,1,1,0,0.57,1
11805,J7V4S_WP2_CM_MEAS_FIB_{MEASURE}_P006_DX8DY7SDX6SDY30_2020-12-30_16-07-26.BMP,1,1,0,0.49,1
11806,U8KP8_WP2_CM_MEAS_FIB_{MEASURE}_P006_DX8DY7SDX6SDY30_2020-11-23_14-02-36.BMP,1,1,0,0.71,1
11807,8XJLO_WP2_CM_MEAS_FIB_{MEASURE}_P003_DX3DY12SDX6SDY30_2020-11-05_00-06-58.BMP,1,1,0,0.63,1
11808,U4HOG_WP2_CM_MEAS_FIB_{MEASURE}_P001_DX3DY12SDX6SDY31_2020-11-08_15-34-25.BMP,1,1,0,0.69,1
11809,I6V78_WP2_CM_MEAS_FIB_{MEASURE}_P001_DX3DY12SDX6SDY31_2020-12-22_00-51-44.BMP,1,1,0,0.91,1
11810,2RLXS_WP2_CM_MEAS_FIB_{MEASURE}_P005_DX8DY7SDX6SDY31_2020-12-06_05-57-01.BMP,1,1,1,0.49,1
11811,I6V2Y_WP2_CM_MEAS_FIB_{MEASURE}_P001_DX3DY12SDX6SDY31_2020-11-24_19-32-03.BMP,1,1,0,0.79,1
11812,U4HS4_WP2_CM_MEAS_FIB_{MEASURE}_P001_DX3DY12SDX6SDY31_2020-11-11_19-29-59.BMP,1,1,0,0.83,1
11813,J7V3A_WP2_CM_MEAS_FIB_{MEASURE}_P007_DX17DY6SDX6SDY30_2020-12-29_06-22-59.BMP,1,1,1,0.51,1
11814,U8KP8_WP2_CM_MEAS_FIB_{MEASURE}_P019_DX10DY12SDX6SDY31_2020-11-24_14-14-54.BMP,1,1,0,0.45,1
11815,J7V5K_WP2_CM_MEAS_FIB_{MEASURE}_P006_DX8DY7SDX6SDY30_2020-12-14_19-46-14.BMP,1,1,0,0.89,1
11816,I6UZS_WP2_CM_MEAS_FIB_{MEASURE}_P004_DX11DY9SDX6SDY31_2020-11-10_00-32-49.BMP,1,1,0,0.73,1
11817,I6V2O_WP2_CM_MEAS_FIB_{MEASURE}_P005_DX8DY7SDX6SDY31_2020-11-17_22-55-20.BMP,1,1,0,0.52,1
11818,U8MN0_WP2_CM_MEAS_FIB_{MEASURE}_P004_DX14DY10SDX6SDY30_2020-12-28_03-22-20.BMP,1,1,0,0.61,1
11819,J7V4S_WP2_CM_MEAS_FIB_{MEASURE}_P005_DX11DY9SDX6SDY30_2020-12-30_16-07-26.BMP,1,1,1,0.86,1
11820,L5M34_WP2_CM_MEAS_FIB_{MEASURE}_P004_DX14DY10SDX6SDY30_2020-12-27_23-18-51.BMP,1,1,1,0.85,1
11821,U4HR0_WP2_CM_MEAS_FIB_{MEASURE}_P002_DX11DY14SDX6SDY31_2020-11-10_12-48-28.BMP,1,1,0,0.89,1
11822,U4HMQ_WP2_CM_MEAS_FIB_{MEASURE}_P001_DX7DY3SDX6SDY31_2020-11-17_18-25-48.BMP,1,1,1,0.5,1
11823,I6V0A_WP2_CM_MEAS_FIB_{MEASURE}_P005_DX8DY7SDX6SDY31_2020-11-10_05-21-03.BMP,1,1,0,0.65,1
11824,J7V4S_WP2_CM_MEAS_FIB_{MEASURE}_P003_DX3DY12SDX6SDY30_2020-12-30_16-07-26.BMP,1,1,1,0.62,1
11825,U8MN0_WP2_CM_MEAS_FIB_{MEASURE}_P002_DX11DY14SDX6SDY30_2020-12-28_03-22-20.BMP,1,1,0,0.67,1
11826,U8KP8_WP2_CM_MEAS_FIB_{MEASURE}_P005_DX5DY6SDX6SDY31_2020-11-24_14-14-54.BMP,1,1,0,0.94,1
11827,6S3QQ_WP2_CM_MEAS_FIB_{MEASURE}_P007_DX17DY6SDX6SDY30_2020-11-12_04-51-38.BMP,1,1,0,0.58,1
11828,I6UU2_WP2_CM_MEAS_FIB_{MEASURE}_P001_DX3DY12SDX6SDY31_2020-12-29_08-32-25.BMP,1,1,0,0.52,1
11829,2RLTM_WP2_CM_MEAS_FIB_{MEASURE}_P001_DX3DY12SDX6SDY31_2020-12-05_09-50-06.BMP,1,1,0,0.74,1
11830,U8KP8_WP2_CM_MEAS_FIB_{MEASURE}_P012_DX5DY9SDX6SDY31_2020-11-24_14-14-54.BMP,1,1,0,0.43,1
11831,I6V1M_WP2_CM_MEAS_FIB_{MEASURE}_P005_DX8DY7SDX6SDY31_2020-11-30_08-20-08.BMP,1,1,1,0.46,1
11832,I6V5M_WP2_CM_MEAS_FIB_{MEASURE}_P006_DX17DY6SDX6SDY31_2020-12-30_19-30-38.BMP,1,1,0,0.6,1
11833,I6V2O_WP2_CM_MEAS_FIB_{MEASURE}_P003_DX14DY10SDX6SDY31_2020-11-17_22-55-20.BMP,1,1,0,0.89,1
11834,2RLVG_WP2_CM_MEAS_FIB_{MEASURE}_P006_DX17DY6SDX6SDY31_2020-11-28_14-43-11.BMP,1,1,0,0.89,1
11835,1A1DO_WP2_CM_MEAS_FIB_{MEASURE}_P002_DX11DY14SDX6SDY29_2020-11-22_09-52-31.BMP,1,1,0,0.64,1
11836,I6UEQ_WP2_CM_MEAS_FIB_{MEASURE}_P002_DX11DY14SDX6SDY31_2020-12-13_05-22-52.BMP,1,1,0,0.43,1
11837,I6V6M_WP2_CM_MEAS_FIB_{MEASURE}_P004_DX11DY9SDX6SDY31_2020-11-20_07-34-00.BMP,1,1,0,0.71,1
11838,2RLV8_WP2_CM_MEAS_FIB_{MEASURE}_P005_DX8DY7SDX6SDY31_2020-11-16_01-19-51.BMP,1,1,0,0.91,1
11839,2RL9O_WP2_CM_MEAS_FIB_{MEASURE}_P003_DX14DY10SDX6SDY31_2020-11-02_05-08-32.BMP,1,1,0,0.8,1
11840,2RLVM_WP2_CM_MEAS_FIB_{MEASURE}_P001_DX3DY12SDX6SDY31_2020-12-01_11-14-09.BMP,1,1,0,0.66,1
11841,V9HPO_WP2_CM_MEAS_FIB_{MEASURE}_P007_DX17DY6SDX6SDY30_2020-12-30_21-02-37.BMP,1,1,0,0.6,1
11842,J7V1G_WP2_CM_MEAS_FIB_{MEASURE}_P003_DX3DY12SDX6SDY30_2020-12-29_07-12-41.BMP,1,1,0,0.92,1
11843,6GJ3E_WP2_CM_MEAS_FIB_{MEASURE}_P002_DX11DY14SDX6SDY30_2020-11-03_14-54-57.BMP,1,1,0,0.48,1
11844,J304S_WP2_CM_MEAS_FIB_{MEASURE}_P004_DX11DY11SDX6SDY29_2020-11-20_15-37-36.BMP,1,1,0,0.46,1
11845,U4HSY_WP2_CM_MEAS_FIB_{MEASURE}_P004_DX11DY9SDX6SDY30_2020-12-24_13-40-22.BMP,1,1,0,0.61,1
11846,U4HUQ_WP2_CM_MEAS_FIB_{MEASURE}_P001_DX3DY12SDX6SDY31_2020-12-13_22-33-09.BMP,1,1,0,0.79,1
11847,U4HOU_WP2_CM_MEAS_FIB_{MEASURE}_P001_DX3DY12SDX6SDY31_2020-11-04_12-31-44.BMP,1,1,0,0.87,1
11848,1PIM4_WP2_CM_MEAS_FIB_{MEASURE}_P005_DX11DY9SDX6SDY29_2020-12-04_14-12-39.BMP,1,1,0,0.56,1
11849,1PIM4_WP2_CM_MEAS_FIB_{MEASURE}_P006_DX8DY7SDX6SDY29_2020-12-04_14-12-39.BMP,1,1,0,0.64,1
11850,U8KP8_WP2_CM_MEAS_FIB_{MEASURE}_P003_DX3DY12SDX6SDY30_2020-11-23_14-02-36.BMP,1,1,0,0.89,1
11851,U4HOE_WP2_CM_MEAS_FIB_{MEASURE}_P006_DX17DY6SDX6SDY31_2020-11-03_21-15-04.BMP,1,1,0,0.88,1
11852,U8MDY_WP2_CM_MEAS_FIB_{MEASURE}_P006_DX8DY7SDX6SDY30_2020-12-01_21-49-34.BMP,1,1,1,0.94,1
11853,I6V4S_WP2_CM_MEAS_FIB_{MEASURE}_P002_DX11DY14SDX6SDY31_2020-11-23_03-39-52.BMP,1,1,0,0.66,1
11854,U4HRQ_WP2_CM_MEAS_FIB_{MEASURE}_P004_DX11DY9SDX6SDY31_2020-11-01_23-53-48.BMP,1,1,1,0.6,1
11855,2RLQW_WP2_CM_MEAS_FIB_{MEASURE}_P006_DX17DY6SDX6SDY31_2020-11-24_22-26-04.BMP,1,1,0,0.66,1
11856,U8KP8_WP2_CM_MEAS_FIB_{MEASURE}_P009_DX4DY8SDX6SDY31_2020-11-24_14-14-54.BMP,1,1,0,0.47,1
11857,U4HQ8_WP2_CM_MEAS_FIB_{MEASURE}_P001_DX3DY12SDX6SDY31_2020-11-11_07-38-19.BMP,1,1,0,0.92,1
11858,V928K_WP2_CM_MEAS_FIB_{MEASURE}_P005_DX11DY9SDX6SDY30_2020-11-05_09-54-45.BMP,1,1,0,0.55,1
11859,I6V38_WP2_CM_MEAS_FIB_{MEASURE}_P006_DX17DY6SDX6SDY31_2020-12-05_09-33-38.BMP,1,1,0,0.41,1
11860,U4HMQ_WP2_CM_MEAS_FIB_{MEASURE}_P006_DX13DY6SDX6SDY31_2020-11-17_18-25-48.BMP,1,1,0,0.47,1
11861,8XJHA_WP2_CM_MEAS_FIB_{MEASURE}_P007_DX17DY6SDX6SDY30_2020-11-11_19-53-47.BMP,1,1,0,0.51,1
11862,2RLY4_WP2_CM_MEAS_FIB_{MEASURE}_P016_DX13DY10SDX6SDY31_2020-12-16_17-03-21.BMP,1,1,1,0.66,1
11863,U8MNK_WP2_CM_MEAS_FIB_{MEASURE}_P006_DX8DY7SDX6SDY30_2020-12-10_05-40-42.BMP,1,1,0,0.69,1
11864,U4HMQ_WP2_CM_MEAS_FIB_{MEASURE}_P005_DX9DY6SDX6SDY31_2020-11-17_18-25-48.BMP,1,1,0,0.48,1
11865,I6V0G_WP2_CM_MEAS_FIB_{MEASURE}_P001_DX3DY12SDX6SDY31_2020-11-10_14-43-59.BMP,1,1,0,0.45,1
11866,5X6W8_WP2_CM_MEAS_FIB_{MEASURE}_P003_DX3DY12SDX6SDY29_2020-12-15_16-56-52.BMP,1,1,0,0.73,1
11867,I6V3Q_WP2_CM_MEAS_FIB_{MEASURE}_P002_DX11DY14SDX6SDY31_2020-11-10_19-13-26.BMP,1,1,0,0.47,1
11868,I6V46_WP2_CM_MEAS_FIB_{MEASURE}_P004_DX11DY9SDX6SDY31_2020-12-12_20-00-27.BMP,1,1,0,0.6,1
11869,U4HOQ_WP2_CM_MEAS_FIB_{MEASURE}_P001_DX3DY12SDX6SDY31_2020-11-09_11-55-04.BMP,1,1,0,0.85,1
11870,6GJFK_WP2_CM_MEAS_FIB_{MEASURE}_P007_DX17DY6SDX6SDY29_2020-11-18_20-27-23.BMP,1,1,0,0.55,1
11871,2RLQ4_WP2_CM_MEAS_FIB_{MEASURE}_P006_DX17DY6SDX6SDY31_2020-11-09_11-27-24.BMP,1,1,0,0.73,1
11872,A70PC_WP2_CM_MEAS_FIB_{MEASURE}_P004_DX11DY11SDX6SDY30_2020-12-01_15-12-08.BMP,1,1,1,0.62,1
11873,I6V3Q_WP2_CM_MEAS_FIB_{MEASURE}_P005_DX8DY7SDX6SDY31_2020-11-10_19-13-26.BMP,1,1,1,0.53,1
11874,2RLVC_WP2_CM_MEAS_FIB_{MEASURE}_P004_DX11DY9SDX6SDY31_2020-11-14_07-56-57.BMP,1,1,0,0.71,1
11875,U8KP8_WP2_CM_MEAS_FIB_{MEASURE}_P011_DX16DY8SDX6SDY31_2020-11-24_14-14-54.BMP,1,1,1,0.8,1
11876,2RLWW_WP2_CM_MEAS_FIB_{MEASURE}_P006_DX17DY6SDX6SDY30_2020-11-17_01-12-18.BMP,1,1,0,0.66,1
11877,5X6W6_WP2_CM_MEAS_FIB_{MEASURE}_P007_DX17DY6SDX6SDY30_2020-12-03_17-36-09.BMP,1,1,0,0.62,1
11878,2RLQ6_WP2_CM_MEAS_FIB_{MEASURE}_P004_DX11DY9SDX6SDY31_2020-11-20_23-00-28.BMP,1,1,0,0.91,1
11879,5X6W8_WP2_CM_MEAS_FIB_{MEASURE}_P003_DX3DY12SDX6SDY30_2020-12-15_14-48-49.BMP,1,1,0,0.65,1
11880,U8MIO_WP2_CM_MEAS_FIB_{MEASURE}_P004_DX14DY10SDX6SDY30_2020-11-19_17-33-25.BMP,1,1,0,0.44,1
11881,I6U96_WP2_CM_MEAS_FIB_{MEASURE}_P001_DX3DY12SDX6SDY31_2020-11-14_06-24-34.BMP,1,1,1,0.44,1
11882,J7V06_WP2_CM_MEAS_FIB_{MEASURE}_P007_DX17DY6SDX6SDY30_2020-12-15_06-34-56.BMP,1,1,0,0.7,1
11883,I6V3W_WP2_CM_MEAS_FIB_{MEASURE}_P001_DX3DY12SDX6SDY31_2020-11-06_06-41-17.BMP,1,1,0,0.89,1
11884,I6V42_WP2_CM_MEAS_FIB_{MEASURE}_P005_DX8DY7SDX6SDY31_2020-11-10_20-06-34.BMP,1,1,0,0.52,1
11885,U4HRS_WP2_CM_MEAS_FIB_{MEASURE}_P001_DX3DY12SDX6SDY31_2020-11-18_14-43-30.BMP,1,1,0,0.56,1
11886,I6V34_WP2_CM_MEAS_FIB_{MEASURE}_P004_DX11DY9SDX6SDY31_2020-11-13_23-39-29.BMP,1,1,0,0.68,1
11887,1P3CW_WP2_CM_MEAS_FIB_{MEASURE}_P003_DX3DY12SDX6SDY29_2020-12-09_07-47-09.BMP,1,1,1,0.6,1
11888,I6UU6_WP2_CM_MEAS_FIB_{MEASURE}_P004_DX11DY9SDX6SDY31_2020-11-11_07-20-41.BMP,1,1,0,0.66,1
11889,U8M8S_WP2_CM_MEAS_FIB_{MEASURE}_P005_DX11DY9SDX6SDY30_2020-12-22_01-49-06.BMP,1,1,0,0.7,1
11890,A70QY_WP2_CM_MEAS_FIB_{MEASURE}_P005_DX11DY9SDX6SDY30_2020-12-21_14-57-37.BMP,1,1,0,0.91,1
11891,2RLRI_WP2_CM_MEAS_FIB_{MEASURE}_P006_DX17DY6SDX6SDY31_2020-11-27_01-18-03.BMP,1,1,0,0.74,1
11892,2RLXA_WP2_CM_MEAS_FIB_{MEASURE}_P006_DX17DY6SDX6SDY31_2020-12-11_19-40-07.BMP,1,1,1,0.63,1
11893,1PIM4_WP2_CM_MEAS_FIB_{MEASURE}_P005_DX11DY9SDX6SDY28_2020-12-05_09-52-53.BMP,1,1,0,0.8,1
11894,3AJDC_WP2_CM_MEAS_FIB_{MEASURE}_P007_DX17DY6SDX6SDY30_2020-12-30_13-47-33.BMP,1,1,1,0.88,1
11895,L5M34_WP2_CM_MEAS_FIB_{MEASURE}_P003_DX3DY12SDX6SDY30_2020-12-27_23-18-51.BMP,1,1,0,0.78,1
11896,U4HSQ_WP2_CM_MEAS_FIB_{MEASURE}_P006_DX17DY6SDX6SDY31_2020-12-03_04-39-52.BMP,1,1,0,0.54,1
11897,U4HMQ_WP2_CM_MEAS_FIB_{MEASURE}_P007_DX7DY7SDX6SDY31_2020-11-17_18-25-48.BMP,1,1,1,0.54,1
11898,U8KP8_WP2_CM_MEAS_FIB_{MEASURE}_P021_DX13DY14SDX6SDY31_2020-11-24_14-14-54.BMP,1,1,1,0.89,1
11899,1A1DA_WP2_CM_MEAS_FIB_{MEASURE}_P005_DX11DY9SDX6SDY30_2020-12-07_07-02-28.BMP,1,1,1,0.68,1
11900,I6V4S_WP2_CM_MEAS_FIB_{MEASURE}_P003_DX14DY10SDX6SDY31_2020-11-23_03-39-52.BMP,1,1,1,0.7,1
11901,2RLPC_WP2_CM_MEAS_FIB_{MEASURE}_P001_DX3DY12SDX6SDY28_2020-11-07_07-33-14.BMP,1,1,0,0.91,1
11902,U4HSI_WP2_CM_MEAS_FIB_{MEASURE}_P001_DX3DY12SDX6SDY31_2020-11-12_16-14-26.BMP,1,1,0,0.62,1
11903,I6UU6_WP2_CM_MEAS_FIB_{MEASURE}_P002_DX11DY14SDX6SDY31_2020-11-11_07-20-41.BMP,1,1,0,0.47,1
11904,U4HSY_WP2_CM_MEAS_FIB_{MEASURE}_P004_DX11DY9SDX6SDY31_2020-12-24_07-52-58.BMP,1,1,0,0.67,1
11905,2RLR2_WP2_CM_MEAS_FIB_{MEASURE}_P006_DX17DY6SDX6SDY31_2020-12-28_17-36-13.BMP,1,1,1,0.63,1
11906,6GJKK_WP2_CM_MEAS_FIB_{MEASURE}_P002_DX11DY14SDX6SDY30_2020-12-30_10-11-20.BMP,1,1,1,0.48,1
11907,1PIM4_WP2_CM_MEAS_FIB_{MEASURE}_P006_DX8DY7SDX6SDY26_2020-12-06_19-14-31.BMP,1,1,1,0.77,1
11908,V928K_WP2_CM_MEAS_FIB_{MEASURE}_P007_DX17DY6SDX6SDY30_2020-11-05_09-54-45.BMP,1,1,1,0.52,1
11909,I6V1U_WP2_CM_MEAS_FIB_{MEASURE}_P006_DX17DY6SDX6SDY30_2020-12-16_10-12-43.BMP,1,1,1,0.57,1
11910,U8MN0_WP2_CM_MEAS_FIB_{MEASURE}_P005_DX11DY9SDX6SDY30_2020-12-28_03-22-20.BMP,1,1,0,0.8,1
11911,1P38C_WP2_CM_MEAS_FIB_{MEASURE}_P007_DX17DY6SDX6SDY30_2020-11-15_06-53-12.BMP,1,1,0,0.41,1
11912,2RLJQ_WP2_CM_MEAS_FIB_{MEASURE}_P001_DX3DY12SDX6SDY31_2020-11-27_13-42-59.BMP,1,1,1,0.86,1
11913,I6V5E_WP2_CM_MEAS_FIB_{MEASURE}_P001_DX3DY12SDX6SDY30_2020-12-27_20-55-02.BMP,1,1,0,0.59,1
11914,5X6VS_WP2_CM_MEAS_FIB_{MEASURE}_P004_DX11DY11SDX6SDY28_2020-11-28_14-57-07.BMP,1,1,0,0.83,1
11915,S51HQ_WP2_CM_MEAS_FIB_{MEASURE}_P004_DX11DY11SDX6SDY30_2020-12-01_05-42-54.BMP,1,1,1,0.87,1
11916,6GJTO_WP2_CM_MEAS_FIB_{MEASURE}_P002_DX11DY14SDX6SDY30_2020-12-30_09-35-19.BMP,1,1,1,0.58,1
11917,U4HMQ_WP2_CM_MEAS_FIB_{MEASURE}_P005_DX8DY7SDX6SDY31_2020-11-17_13-45-34.BMP,1,1,0,0.52,1
11918,U4HOE_WP2_CM_MEAS_FIB_{MEASURE}_P001_DX3DY12SDX6SDY31_2020-11-03_21-15-04.BMP,1,1,0,0.48,1
11919,2RLXC_WP2_CM_MEAS_FIB_{MEASURE}_P004_DX11DY9SDX6SDY31_2020-11-30_05-57-23.BMP,1,1,0,0.74,1
11920,6GJTO_WP2_CM_MEAS_FIB_{MEASURE}_P004_DX14DY10SDX6SDY29_2020-12-30_11-51-53.BMP,1,1,1,0.72,1
11921,I6V5E_WP2_CM_MEAS_FIB_{MEASURE}_P004_DX11DY9SDX6SDY31_2020-12-24_10-07-57.BMP,1,1,0,0.81,1
11922,J7VLI_WP2_CM_MEAS_FIB_{MEASURE}_P007_DX17DY6SDX6SDY30_2020-11-14_15-36-24.BMP,1,1,0,0.59,1
11923,I6V4I_WP2_CM_MEAS_FIB_{MEASURE}_P005_DX8DY7SDX6SDY31_2020-11-09_05-46-39.BMP,1,1,0,0.73,1
11924,A70OU_WP2_CM_MEAS_FIB_{MEASURE}_P005_DX11DY9SDX6SDY28_2020-12-30_20-01-52.BMP,1,1,1,0.45,1
11925,2RLKS_WP2_CM_MEAS_FIB_{MEASURE}_P006_DX17DY6SDX6SDY31_2020-11-12_00-21-00.BMP,1,1,0,0.84,1
11926,6GJ4K_WP2_CM_MEAS_FIB_{MEASURE}_P012_DX5DY9SDX6SDY31_2020-11-18_22-45-44.BMP,1,1,0,0.48,1
11927,6S3QQ_WP2_CM_MEAS_FIB_{MEASURE}_P004_DX11DY11SDX6SDY29_2020-11-13_20-02-42.BMP,1,1,1,0.52,1
11928,I6UXI_WP2_CM_MEAS_FIB_{MEASURE}_P004_DX11DY9SDX6SDY31_2020-11-05_09-01-01.BMP,1,1,0,0.94,1
11929,6GJAY_WP2_CM_MEAS_FIB_{MEASURE}_P004_DX14DY10SDX6SDY30_2020-12-12_12-29-20.BMP,1,1,0,0.46,1
11930,2RLQK_WP2_CM_MEAS_FIB_{MEASURE}_P008_DX7DY7SDX6SDY31_2020-12-17_14-57-53.BMP,1,1,0,0.4,1
11931,J305G_WP2_CM_MEAS_FIB_{MEASURE}_P006_DX8DY7SDX6SDY30_2020-12-01_03-55-04.BMP,1,1,0,0.86,1
11932,2RLQK_WP2_CM_MEAS_FIB_{MEASURE}_P003_DX12DY5SDX6SDY31_2020-12-17_14-57-53.BMP,1,1,0,0.76,1
11933,I6UEQ_WP2_CM_MEAS_FIB_{MEASURE}_P005_DX8DY7SDX6SDY31_2020-12-13_05-22-52.BMP,1,1,0,0.63,1
11934,8XJFO_WP2_CM_MEAS_FIB_{MEASURE}_P004_DX14DY10SDX6SDY30_2020-11-14_12-21-10.BMP,1,1,0,0.72,1
11935,I6UY4_WP2_CM_MEAS_FIB_{MEASURE}_P005_DX8DY7SDX6SDY31_2020-11-10_01-01-58.BMP,1,1,1,0.54,1
11936,1PIJE_WP2_CM_MEAS_FIB_{MEASURE}_P007_DX17DY6SDX6SDY30_2020-11-04_21-53-12.BMP,1,1,0,0.47,1
11937,I6U96_WP2_CM_MEAS_FIB_{MEASURE}_P006_DX17DY6SDX6SDY31_2020-11-14_06-24-34.BMP,1,1,0,0.53,1
11938,I6V2C_WP2_CM_MEAS_FIB_{MEASURE}_P005_DX8DY7SDX6SDY31_2020-11-12_10-07-33.BMP,1,1,0,0.82,1
11939,U4HNU_WP2_CM_MEAS_FIB_{MEASURE}_P001_DX3DY12SDX6SDY31_2020-11-12_16-54-21.BMP,1,1,0,0.6,1
11940,I6UYU_WP2_CM_MEAS_FIB_{MEASURE}_P005_DX8DY7SDX6SDY31_2020-12-01_00-57-43.BMP,1,1,1,0.76,1
11941,3AJSI_WP2_CM_MEAS_FIB_{MEASURE}_P004_DX14DY10SDX6SDY30_2020-12-30_10-53-24.BMP,1,1,1,0.4,1
11942,I6UWY_WP2_CM_MEAS_FIB_{MEASURE}_P006_DX17DY6SDX6SDY31_2020-11-13_18-22-43.BMP,1,1,1,0.9,1
11943,I6UYO_WP2_CM_MEAS_FIB_{MEASURE}_P004_DX11DY9SDX6SDY31_2020-11-10_18-16-41.BMP,1,1,0,0.67,1
11944,I6V46_WP2_CM_MEAS_FIB_{MEASURE}_P002_DX11DY14SDX6SDY31_2020-12-12_20-00-27.BMP,1,1,0,0.61,1
11945,J7V5K_WP2_CM_MEAS_FIB_{MEASURE}_P007_DX17DY6SDX6SDY30_2020-12-14_19-46-14.BMP,1,1,0,0.87,1
11946,L5M3Q_WP2_CM_MEAS_FIB_{MEASURE}_P013_DX12DY9SDX6SDY31_2020-12-09_00-06-27.BMP,1,1,0,0.4,1
11947,U8MIC_WP2_CM_MEAS_FIB_{MEASURE}_P007_DX17DY6SDX6SDY30_2020-11-19_12-42-03.BMP,1,1,1,0.87,1
11948,I6UXI_WP2_CM_MEAS_FIB_{MEASURE}_P001_DX3DY12SDX6SDY31_2020-11-05_09-01-01.BMP,1,1,0,0.56,1
11949,1PIM4_WP2_CM_MEAS_FIB_{MEASURE}_P004_DX14DY10SDX6SDY26_2020-12-06_19-14-31.BMP,1,1,0,0.51,1
11950,I6UV2_WP2_CM_MEAS_FIB_{MEASURE}_P005_DX8DY7SDX6SDY31_2020-11-13_17-15-36.BMP,1,1,0,0.5,1
11951,2RLUA_WP2_CM_MEAS_FIB_{MEASURE}_P001_DX3DY12SDX6SDY31_2020-11-18_13-42-32.BMP,1,1,0,0.84,1
11952,6GJ4K_WP2_CM_MEAS_FIB_{MEASURE}_P008_DX7DY7SDX6SDY31_2020-11-18_22-45-44.BMP,1,1,0,0.55,1
11953,U4HS2_WP2_CM_MEAS_FIB_{MEASURE}_P006_DX17DY6SDX6SDY30_2020-12-07_12-09-58.BMP,1,1,0,0.46,1
11954,2RLTO_WP2_CM_MEAS_FIB_{MEASURE}_P001_DX3DY12SDX6SDY31_2020-12-11_17-10-18.BMP,1,1,0,0.86,1
11955,V9HPO_WP2_CM_MEAS_FIB_{MEASURE}_P005_DX11DY9SDX6SDY30_2020-12-30_21-02-37.BMP,1,1,1,0.83,1
11956,I6UYK_WP2_CM_MEAS_FIB_{MEASURE}_P001_DX3DY12SDX6SDY31_2020-11-11_00-25-39.BMP,1,1,0,0.64,1
11957,1A1DA_WP2_CM_MEAS_FIB_{MEASURE}_P002_DX11DY14SDX6SDY29_2020-12-07_08-11-51.BMP,1,1,1,0.63,1
11958,8XJD2_WP2_CM_MEAS_FIB_{MEASURE}_P003_DX3DY12SDX6SDY30_2020-12-09_20-26-44.BMP,1,1,0,0.41,1
11959,2RM00_WP2_CM_MEAS_FIB_{MEASURE}_P010_DX10DY8SDX6SDY31_2020-12-19_20-35-03.BMP,1,1,1,0.59,1
11960,I6UYO_WP2_CM_MEAS_FIB_{MEASURE}_P002_DX11DY14SDX6SDY31_2020-11-10_18-16-41.BMP,1,1,0,0.87,1
11961,8XJFO_WP2_CM_MEAS_FIB_{MEASURE}_P003_DX3DY12SDX6SDY30_2020-11-14_12-21-10.BMP,1,1,0,0.6,1
11962,U8MQE_WP2_CM_MEAS_FIB_{MEASURE}_P006_DX8DY7SDX6SDY30_2020-11-20_14-16-27.BMP,1,1,0,0.4,1
11963,J305G_WP2_CM_MEAS_FIB_{MEASURE}_P004_DX11DY11SDX6SDY30_2020-12-01_03-55-04.BMP,1,1,0,0.78,1
11964,5X6W8_WP2_CM_MEAS_FIB_{MEASURE}_P009_DX3DY12SDX4SDY29_2020-12-15_16-56-52.BMP,1,1,0,0.55,1
11965,2RLWO_WP2_CM_MEAS_FIB_{MEASURE}_P001_DX3DY12SDX6SDY31_2020-12-04_00-19-23.BMP,1,1,1,0.67,1
11966,2RLV0_WP2_CM_MEAS_FIB_{MEASURE}_P005_DX8DY7SDX6SDY31_2020-11-09_22-41-53.BMP,1,1,1,0.57,1
11967,2RLRI_WP2_CM_MEAS_FIB_{MEASURE}_P003_DX14DY10SDX6SDY31_2020-11-27_01-18-03.BMP,1,1,1,0.53,1
11968,5X6W6_WP2_CM_MEAS_FIB_{MEASURE}_P009_DX3DY12SDX4SDY29_2020-12-03_21-52-41.BMP,1,1,1,0.8,1
11969,I6V3W_WP2_CM_MEAS_FIB_{MEASURE}_P006_DX17DY6SDX6SDY31_2020-11-06_06-41-17.BMP,1,1,0,0.89,1
11970,1A1QY_WP2_CM_MEAS_FIB_{MEASURE}_P007_DX17DY6SDX6SDY30_2020-11-21_06-59-22.BMP,1,1,1,0.64,1
11971,6S3QQ_WP2_CM_MEAS_FIB_{MEASURE}_P002_DX11DY14SDX6SDY30_2020-11-12_04-51-38.BMP,1,1,0,0.71,1
11972,J7VPG_WP2_CM_MEAS_FIB_{MEASURE}_P007_DX17DY6SDX6SDY30_2020-12-28_12-52-04.BMP,1,1,0,0.84,1
11973,I6V42_WP2_CM_MEAS_FIB_{MEASURE}_P004_DX11DY9SDX6SDY31_2020-11-10_20-06-34.BMP,1,1,0,0.63,1
11974,2RLR4_WP2_CM_MEAS_FIB_{MEASURE}_P001_DX3DY12SDX6SDY30_2020-11-28_20-12-41.BMP,1,1,0,0.42,1
11975,2RLRM_WP2_CM_MEAS_FIB_{MEASURE}_P006_DX17DY6SDX6SDY31_2020-12-03_07-25-50.BMP,1,1,0,0.7,1
11976,2RLSU_WP2_CM_MEAS_FIB_{MEASURE}_P001_DX3DY12SDX6SDY30_2020-11-28_05-26-56.BMP,1,1,0,0.54,1
11977,U8KP8_WP2_CM_MEAS_FIB_{MEASURE}_P003_DX12DY5SDX6SDY31_2020-11-24_14-14-54.BMP,1,1,0,0.82,1
11978,6S3QQ_WP2_CM_MEAS_FIB_{MEASURE}_P006_DX8DY7SDX6SDY30_2020-11-12_04-51-38.BMP,1,1,0,0.63,1
11979,2RLXS_WP2_CM_MEAS_FIB_{MEASURE}_P004_DX11DY9SDX6SDY31_2020-12-06_05-57-01.BMP,1,1,0,0.68,1
11980,I6V1A_WP2_CM_MEAS_FIB_{MEASURE}_P001_DX3DY12SDX6SDY31_2020-11-10_07-42-37.BMP,1,1,0,0.4,1
11981,6GJAS_WP2_CM_MEAS_FIB_{MEASURE}_P003_DX3DY12SDX6SDY30_2020-12-12_12-24-27.BMP,1,1,1,0.73,1
11982,1A19G_WP2_CM_MEAS_FIB_{MEASURE}_P005_DX11DY9SDX6SDY27_2020-12-29_10-39-44.BMP,1,1,0,0.77,1
11983,2RLO0_WP2_CM_MEAS_FIB_{MEASURE}_P005_DX8DY7SDX6SDY31_2020-11-02_01-17-54.BMP,1,1,0,0.89,1
11984,5X6W8_WP2_CM_MEAS_FIB_{MEASURE}_P007_DX17DY6SDX6SDY30_2020-12-15_14-48-49.BMP,1,1,0,0.8,1
11985,5X6W6_WP2_CM_MEAS_FIB_{MEASURE}_P003_DX3DY12SDX6SDY29_2020-12-03_21-52-41.BMP,1,0,0,0.45,1
11986,U4HUQ_WP2_CM_MEAS_FIB_{MEASURE}_P006_DX17DY6SDX6SDY31_2020-12-13_22-33-09.BMP,1,1,1,0.66,1
11987,U8KP8_WP2_CM_MEAS_FIB_{MEASURE}_P017_DX7DY11SDX6SDY31_2020-11-24_14-14-54.BMP,1,0,0,0.34,1
11990,2RLVG_WP2_CM_MEAS_FIB_{MEASURE}_P001_DX3DY12SDX6SDY31_2020-11-28_14-43-11.BMP,1,1,0,0.82,1
11991,J7V5K_WP2_CM_MEAS_FIB_{MEASURE}_P004_DX14DY10SDX6SDY30_2020-12-14_19-46-14.BMP,1,0,0,0.28,1
11992,2RLUY_WP2_CM_MEAS_FIB_{MEASURE}_P003_DX14DY10SDX6SDY30_2020-12-10_07-21-40.BMP,1,1,0,0.72,1
11993,I6UWY_WP2_CM_MEAS_FIB_{MEASURE}_P001_DX3DY12SDX6SDY31_2020-11-13_18-22-43.BMP,1,1,1,0.93,1
11994,I6V64_WP2_CM_MEAS_FIB_{MEASURE}_P002_DX11DY14SDX6SDY31_2020-12-29_08-05-18.BMP,1,1,1,0.75,1
11995,I6UBG_WP2_CM_MEAS_FIB_{MEASURE}_P001_DX3DY12SDX6SDY31_2020-11-10_07-38-38.BMP,1,1,0,0.53,1
11998,2RLQ6_WP2_CM_MEAS_FIB_{MEASURE}_P005_DX8DY7SDX6SDY31_2020-11-20_23-00-28.BMP,1,1,1,0.45,1
11999,I6U96_WP2_CM_MEAS_FIB_{MEASURE}_P004_DX11DY9SDX6SDY31_2020-11-14_06-24-34.BMP,1,1,0,0.85,1
12000,2RLN8_WP2_CM_MEAS_FIB_{MEASURE}_P003_DX14DY10SDX6SDY31_2020-11-01_08-45-49.BMP,1,1,0,0.64,1
12002,U8M74_WP2_CM_MEAS_FIB_{MEASURE}_P003_DX3DY12SDX6SDY30_2020-12-29_03-27-39.BMP,1,0,1,0.47,1
12003,I6V3E_WP2_CM_MEAS_FIB_{MEASURE}_P006_DX17DY6SDX6SDY31_2020-12-21_00-52-14.BMP,1,1,0,0.79,1
12004,1P38M_WP2_CM_MEAS_FIB_{MEASURE}_P007_DX17DY6SDX6SDY29_2020-12-07_11-12-48.BMP,1,0,1,0.21,1
12006,W407K_WP2_CM_MEAS_FIB_{MEASURE}_P003_DX3DY12SDX6SDY30_2020-12-04_06-41-45.BMP,1,0,1,0.15,1
12007,2RLXI_WP2_CM_MEAS_FIB_{MEASURE}_P005_DX8DY7SDX6SDY30_2020-11-20_21-35-16.BMP,1,1,0,0.94,1
12008,U4HMQ_WP2_CM_MEAS_FIB_{MEASURE}_P017_DX4DY12SDX6SDY31_2020-11-17_18-25-48.BMP,1,1,1,0.64,1
12009,U4HN4_WP2_CM_MEAS_FIB_{MEASURE}_P004_DX11DY9SDX6SDY31_2020-11-07_22-33-43.BMP,1,1,0,0.46,1
12010,U4HS4_WP2_CM_MEAS_FIB_{MEASURE}_P002_DX11DY14SDX6SDY30_2020-11-11_21-07-34.BMP,1,1,1,0.84,1
12011,I6V1M_WP2_CM_MEAS_FIB_{MEASURE}_P001_DX3DY12SDX6SDY31_2020-11-30_08-20-08.BMP,1,1,0,0.47,1
12013,2RLP6_WP2_CM_MEAS_FIB_{MEASURE}_P001_DX3DY12SDX6SDY31_2020-11-15_01-56-21.BMP,1,1,0,0.63,1
12014,8XJCO_WP2_CM_MEAS_FIB_{MEASURE}_P004_DX14DY10SDX6SDY30_2020-11-12_08-10-30.BMP,1,0,0,0.38,1
12015,U4HSY_WP2_CM_MEAS_FIB_{MEASURE}_P006_DX17DY6SDX6SDY30_2020-12-24_13-40-22.BMP,1,1,0,0.65,1
12016,A70PQ_WP2_CM_MEAS_FIB_{MEASURE}_P005_DX11DY9SDX6SDY30_2020-12-01_12-34-41.BMP,1,1,1,0.57,1
12017,U4HPU_WP2_CM_MEAS_FIB_{MEASURE}_P001_DX3DY12SDX6SDY30_2020-11-09_21-33-05.BMP,1,1,1,0.5,1
12019,I6UVC_WP2_CM_MEAS_FIB_{MEASURE}_P001_DX3DY12SDX6SDY31_2020-11-05_04-02-00.BMP,1,1,0,0.81,1
12020,U4HSK_WP2_CM_MEAS_FIB_{MEASURE}_P009_DX10DY8SDX6SDY31_2020-11-23_13-26-21.BMP,1,1,1,0.86,1
12023,U8KP8_WP2_CM_MEAS_FIB_{MEASURE}_P005_DX11DY9SDX6SDY30_2020-11-23_14-02-36.BMP,1,0,1,0.4,1
12024,2RLO8_WP2_CM_MEAS_FIB_{MEASURE}_P006_DX17DY6SDX6SDY31_2020-11-23_14-13-52.BMP,1,1,0,0.76,1
12025,I6V1U_WP2_CM_MEAS_FIB_{MEASURE}_P006_DX17DY6SDX6SDY31_2020-12-16_08-38-50.BMP,1,1,1,0.62,1
12027,I6V22_WP2_CM_MEAS_FIB_{MEASURE}_P005_DX8DY7SDX6SDY31_2020-11-24_00-03-44.BMP,1,1,0,0.71,1
12028,2RLZ2_WP2_CM_MEAS_FIB_{MEASURE}_P001_DX3DY12SDX6SDY31_2020-12-11_09-34-16.BMP,1,1,0,0.8,1
12029,U4HOC_WP2_CM_MEAS_FIB_{MEASURE}_P001_DX3DY12SDX6SDY30_2020-11-02_06-29-34.BMP,1,1,0,0.9,1
12032,U4HOC_WP2_CM_MEAS_FIB_{MEASURE}_P006_DX17DY6SDX6SDY30_2020-11-02_06-29-34.BMP,1,1,0,0.4,1
12033,I6UUK_WP2_CM_MEAS_FIB_{MEASURE}_P005_DX8DY7SDX6SDY31_2020-11-04_14-18-03.BMP,1,1,0,0.84,1
12034,S51H0_WP2_CM_MEAS_FIB_{MEASURE}_P007_DX17DY6SDX6SDY29_2020-11-29_06-55-45.BMP,1,0,1,0.4,1
12035,U8MQE_WP2_CM_MEAS_FIB_{MEASURE}_P007_DX17DY6SDX6SDY30_2020-11-20_14-16-27.BMP,1,0,0,0.21,1
12037,2RLRA_WP2_CM_MEAS_FIB_{MEASURE}_P006_DX17DY6SDX6SDY31_2020-11-15_03-45-44.BMP,1,1,1,0.53,1
12038,2RL9O_WP2_CM_MEAS_FIB_{MEASURE}_P006_DX17DY6SDX6SDY31_2020-11-02_05-08-32.BMP,1,1,1,0.52,1
12039,2RL9A_WP2_CM_MEAS_FIB_{MEASURE}_P006_DX17DY6SDX6SDY31_2020-11-18_14-06-51.BMP,1,1,1,0.93,1
12040,2RLU0_WP2_CM_MEAS_FIB_{MEASURE}_P006_DX17DY6SDX6SDY31_2020-12-05_18-07-28.BMP,1,1,1,0.5,1
12041,2RLSU_WP2_CM_MEAS_FIB_{MEASURE}_P001_DX3DY12SDX6SDY31_2020-11-28_01-00-40.BMP,1,1,0,0.47,1
12042,U8M90_WP2_CM_MEAS_FIB_{MEASURE}_P004_DX3DY12SDX6SDY30_2020-11-14_18-18-28.BMP,1,0,0,0.24,1
12043,A70OG_WP2_CM_MEAS_FIB_{MEASURE}_P007_DX17DY6SDX6SDY30_2020-11-30_12-18-05.BMP,1,0,0,0.18,1
12044,I6V6C_WP2_CM_MEAS_FIB_{MEASURE}_P001_DX3DY12SDX6SDY31_2020-11-20_02-46-58.BMP,1,1,0,0.68,1
12045,I6V4S_WP2_CM_MEAS_FIB_{MEASURE}_P005_DX8DY7SDX6SDY31_2020-11-23_03-39-52.BMP,1,1,0,0.76,1
12046,I6V62_WP2_CM_MEAS_FIB_{MEASURE}_P001_DX3DY12SDX6SDY31_2020-12-29_09-22-20.BMP,1,1,0,0.63,1
12047,1P36W_WP2_CM_MEAS_FIB_{MEASURE}_P002_DX11DY14SDX6SDY30_2020-11-16_23-14-21.BMP,1,0,0,0.16,1
12048,L5M34_WP2_CM_MEAS_FIB_{MEASURE}_P002_DX11DY14SDX6SDY29_2020-12-28_00-39-41.BMP,1,0,1,0.28,1
12049,8XJG8_WP2_CM_MEAS_FIB_{MEASURE}_P002_DX11DY14SDX6SDY30_2020-11-08_00-30-59.BMP,1,0,0,0.28,1
12050,I6UZC_WP2_CM_MEAS_FIB_{MEASURE}_P001_DX3DY12SDX6SDY31_2020-11-20_12-18-36.BMP,1,1,1,0.75,1
12051,U4HMQ_WP2_CM_MEAS_FIB_{MEASURE}_P014_DX9DY10SDX6SDY31_2020-11-17_18-25-48.BMP,1,1,0,0.91,1
12052,2RLRA_WP2_CM_MEAS_FIB_{MEASURE}_P002_DX11DY14SDX6SDY31_2020-11-15_03-45-44.BMP,1,1,0,0.52,1
12053,I6V5E_WP2_CM_MEAS_FIB_{MEASURE}_P005_DX8DY7SDX6SDY30_2020-12-27_20-55-02.BMP,1,1,1,0.86,1
12055,2RLX0_WP2_CM_MEAS_FIB_{MEASURE}_P001_DX3DY12SDX6SDY31_2020-11-23_19-13-38.BMP,1,1,1,0.43,1
12056,U4HS4_WP2_CM_MEAS_FIB_{MEASURE}_P001_DX3DY12SDX6SDY30_2020-11-11_21-07-34.BMP,1,1,1,0.55,1
12058,2RLXM_WP2_CM_MEAS_FIB_{MEASURE}_P001_DX3DY12SDX6SDY30_2020-12-01_01-16-25.BMP,1,1,1,0.91,1
12059,2RLKY_WP2_CM_MEAS_FIB_{MEASURE}_P006_DX17DY6SDX6SDY31_2020-11-03_03-35-30.BMP,1,1,0,0.89,1
12060,I6UEQ_WP2_CM_MEAS_FIB_{MEASURE}_P004_DX11DY9SDX6SDY31_2020-12-13_05-22-52.BMP,1,1,1,0.63,1
12061,I6V2C_WP2_CM_MEAS_FIB_{MEASURE}_P001_DX3DY12SDX6SDY31_2020-11-12_10-07-33.BMP,1,1,0,0.4,1
12062,V928K_WP2_CM_MEAS_FIB_{MEASURE}_P006_DX8DY7SDX6SDY30_2020-11-05_09-54-45.BMP,1,0,0,0.46,1
12063,I6UX6_WP2_CM_MEAS_FIB_{MEASURE}_P001_DX3DY12SDX6SDY31_2020-11-05_08-31-17.BMP,1,1,1,0.4,1
12064,U8MNM_WP2_CM_MEAS_FIB_{MEASURE}_P007_DX17DY6SDX6SDY30_2020-12-07_14-42-08.BMP,1,0,0,0.38,1
12065,2RLO2_WP2_CM_MEAS_FIB_{MEASURE}_P006_DX17DY6SDX6SDY31_2020-11-01_01-57-10.BMP,1,1,0,0.85,1
12066,6S3QQ_WP2_CM_MEAS_FIB_{MEASURE}_P004_DX11DY11SDX6SDY30_2020-11-12_04-51-38.BMP,1,0,1,0.2,1
12071,U4HN2_WP2_CM_MEAS_FIB_{MEASURE}_P001_DX3DY12SDX6SDY30_2020-11-01_07-28-55.BMP,1,1,1,0.57,1
12072,2RLQQ_WP2_CM_MEAS_FIB_{MEASURE}_P005_DX8DY7SDX6SDY31_2020-11-28_19-14-47.BMP,1,1,0,0.84,1
12074,U4HSY_WP2_CM_MEAS_FIB_{MEASURE}_P002_DX11DY14SDX6SDY30_2020-12-24_13-40-22.BMP,1,1,0,0.93,1
12075,U4HRQ_WP2_CM_MEAS_FIB_{MEASURE}_P001_DX3DY12SDX6SDY31_2020-11-01_23-53-48.BMP,1,1,1,0.47,1
12076,L5M3Q_WP2_CM_MEAS_FIB_{MEASURE}_P015_DX9DY10SDX6SDY31_2020-12-09_00-06-27.BMP,1,0,0,0.48,1
12077,1P39W_WP2_CM_MEAS_FIB_{MEASURE}_P007_DX17DY6SDX6SDY30_2020-11-15_21-01-46.BMP,1,0,0,0.37,1
12078,1A194_WP2_CM_MEAS_FIB_{MEASURE}_P007_DX17DY6SDX6SDY29_2020-11-17_01-04-54.BMP,1,0,0,0.31,1
12080,I6V8C_WP2_CM_MEAS_FIB_{MEASURE}_P003_DX14DY10SDX6SDY31_2020-12-29_05-40-12.BMP,1,1,0,0.87,1
12081,I6UZS_WP2_CM_MEAS_FIB_{MEASURE}_P002_DX11DY14SDX6SDY31_2020-11-10_00-32-49.BMP,1,1,1,0.46,1
12082,U4HMQ_WP2_CM_MEAS_FIB_{MEASURE}_P015_DX13DY10SDX6SDY31_2020-11-17_18-25-48.BMP,1,1,0,0.91,1
12084,2RLPC_WP2_CM_MEAS_FIB_{MEASURE}_P001_DX3DY12SDX6SDY31_2020-11-06_03-00-43.BMP,1,1,0,0.69,1
12086,I6V2O_WP2_CM_MEAS_FIB_{MEASURE}_P002_DX11DY14SDX6SDY31_2020-11-17_22-55-20.BMP,1,1,0,0.4,1
12087,8XJBC_WP2_CM_MEAS_FIB_{MEASURE}_P003_DX3DY12SDX6SDY30_2020-11-03_04-24-23.BMP,1,0,0,0.37,1
12088,U4HN4_WP2_CM_MEAS_FIB_{MEASURE}_P001_DX3DY12SDX6SDY31_2020-11-07_22-33-43.BMP,1,1,0,0.41,1
12089,2RM1I_WP2_CM_MEAS_FIB_{MEASURE}_P001_DX3DY12SDX6SDY31_2020-12-29_06-12-28.BMP,1,1,0,0.42,1
12090,2RLYK_WP2_CM_MEAS_FIB_{MEASURE}_P001_DX3DY12SDX6SDY31_2020-12-23_11-29-32.BMP,1,1,1,0.65,1
12092,U4HS2_WP2_CM_MEAS_FIB_{MEASURE}_P001_DX3DY12SDX6SDY31_2020-12-07_04-24-38.BMP,1,1,0,0.88,1
12093,2RLUY_WP2_CM_MEAS_FIB_{MEASURE}_P006_DX17DY6SDX6SDY30_2020-12-10_07-21-40.BMP,1,1,0,0.85,1
12094,I6V3Y_WP2_CM_MEAS_FIB_{MEASURE}_P001_DX3DY12SDX6SDY31_2020-12-16_05-26-02.BMP,1,1,0,0.75,1
12096,3JOTM_WP2_CM_MEAS_FIB_{MEASURE}_P003_DX3DY12SDX6SDY29_2020-11-04_05-21-07.BMP,1,0,0,0.24,1
12097,I6UX2_WP2_CM_MEAS_FIB_{MEASURE}_P002_DX11DY14SDX6SDY31_2020-11-13_23-40-22.BMP,1,1,0,0.79,1
12098,I6V64_WP2_CM_MEAS_FIB_{MEASURE}_P001_DX3DY12SDX6SDY31_2020-12-29_08-05-18.BMP,1,1,1,0.73,1
12099,2RLQG_WP2_CM_MEAS_FIB_{MEASURE}_P006_DX17DY6SDX6SDY31_2020-11-28_21-19-02.BMP,1,1,1,0.54,1
12100,I6UVO_WP2_CM_MEAS_FIB_{MEASURE}_P001_DX3DY12SDX6SDY30_2020-11-14_01-22-01.BMP,1,1,0,0.52,1
12101,2RLNW_WP2_CM_MEAS_FIB_{MEASURE}_P005_DX8DY7SDX6SDY31_2020-11-08_16-22-04.BMP,1,1,0,0.64,1
12102,A70OU_WP2_CM_MEAS_FIB_{MEASURE}_P007_DX17DY6SDX6SDY28_2020-12-30_20-01-52.BMP,1,0,1,0.5,1
12103,2RLO0_WP2_CM_MEAS_FIB_{MEASURE}_P001_DX3DY12SDX6SDY31_2020-11-02_01-17-54.BMP,1,1,0,0.81,1
12104,I6V06_WP2_CM_MEAS_FIB_{MEASURE}_P001_DX3DY12SDX6SDY31_2020-11-19_13-44-47.BMP,1,1,0,0.62,1
12105,2RLRA_WP2_CM_MEAS_FIB_{MEASURE}_P003_DX14DY10SDX6SDY31_2020-11-15_03-45-44.BMP,1,1,0,0.74,1
12106,6GJG4_WP2_CM_MEAS_FIB_{MEASURE}_P003_DX3DY12SDX6SDY30_2020-12-30_23-54-25.BMP,1,0,1,0.17,1
12107,2RLO4_WP2_CM_MEAS_FIB_{MEASURE}_P001_DX3DY12SDX6SDY31_2020-11-10_17-41-06.BMP,1,1,0,0.64,1
