,file name,label,vanti,train \ test,score,vanti with context data
1,4P0Q0_HC_PL_MEAS_FIB_{MEASURE2}_P004_DX10DY9SDX7SDY16_2020-10-11_04-10-48.BMP,0,0,0,0.92,0
2,Y50R8_HC_PL_MEAS_FIB_{MEASURE2}_P005_DX7DY7SDX8SDY17_2020-06-10_00-42-42.BMP,0,0,1,0.71,0
5,4P0QQ_HC_PL_MEAS_FIB_{MEASURE2}_P002_DX12DY6SDX8SDY17_2020-10-22_15-38-00.BMP,0,0,0,0.84,0
7,4P0P6_HC_PL_MEAS_FIB_{MEASURE2}_P002_DX12DY6SDX8SDY17_2020-09-19_19-34-01.BMP,0,0,1,0.42,0
8,4P0RO_HC_PL_MEAS_FIB_{MEASURE2}_P006_DX9DY4SDX8SDY17_2020-12-06_14-14-20.BMP,0,0,0,0.5,0
22,T10GG_HC_PL_MEAS_FIB_{MEASURE2}_P005_DX7DY7SDX8SDY17_2020-07-29_00-03-03.BMP,0,0,0,0.72,0
23,T10HQ_HC_PL_MEAS_FIB_{MEASURE2}_P006_DX9DY4SDX8SDY17_2020-05-28_20-11-59.BMP,0,0,0,0.77,0
24,7EIGQ_HC_PL_MEAS_FIB_{MEASURE2}_P001_DX9DY14SDX8SDY17_2020-11-10_13-52-40.BMP,0,0,1,0.61,0
25,4P0SM_HC_PL_MEAS_FIB_{MEASURE2}_P005_DX7DY7SDX8SDY17_2020-09-12_07-45-56.BMP,0,0,0,0.5,0
26,Y5112_HC_PL_MEAS_FIB_{MEASURE2}_P005_DX7DY7SDX8SDY16_2020-10-10_00-12-13.BMP,0,0,0,0.62,0
27,S7016_HC_PL_MEAS_FIB_{MEASURE2}_P002_DX12DY6SDX8SDY17_2020-09-26_17-16-30.BMP,0,0,1,0.79,0
28,Y50ZS_HC_PL_MEAS_FIB_{MEASURE2}_P003_DX8DY11SDX8SDY17_2020-08-06_10-02-10.BMP,0,0,0,0.7,0
29,7N0LE_HC_PL_MEAS_FIB_{MEASURE2}_P005_DX7DY7SDX8SDY16_2020-02-06_05-18-06.BMP,0,0,0,0.63,0
30,Y50Q4_HC_PL_MEAS_FIB_{MEASURE2}_P004_DX10DY9SDX7SDY16_2020-06-01_21-06-26.BMP,0,0,0,0.68,0
31,Y50XQ_HC_PL_MEAS_FIB_{MEASURE2}_P002_DX12DY6SDX8SDY17_2020-06-01_19-30-14.BMP,0,0,1,0.5,0
32,Y50YK_HC_PL_MEAS_FIB_{MEASURE2}_P003_DX8DY11SDX8SDY17_2020-05-24_05-55-09.BMP,0,0,1,0.92,0
33,7N0LE_HC_PL_MEAS_FIB_{MEASURE2}_P006_DX9DY4SDX8SDY16_2020-02-06_05-18-06.BMP,0,0,0,0.81,0
89,Y510K_HC_PL_MEAS_FIB_{MEASURE2}_P006_DX9DY4SDX8SDY16_2020-10-17_22-27-31.BMP,0,0,0,0.86,0
90,7EIGK_HC_PL_MEAS_FIB_{MEASURE2}_P004_DX10DY9SDX7SDY16_2020-10-15_16-24-55.BMP,0,0,1,0.43,0
91,Y510S_HC_PL_MEAS_FIB_{MEASURE2}_P005_DX7DY7SDX8SDY17_2020-07-13_15-47-08.BMP,0,0,0,0.58,0
92,2CICM_HC_PL_MEAS_FIB_{MEASURE2}_P001_DX9DY14SDX8SDY17_2020-07-07_01-48-39.BMP,0,0,1,0.85,0
93,T10H0_HC_PL_MEAS_FIB_{MEASURE2}_P004_DX9DY14SDX8SDY15_2020-06-18_17-28-42.BMP,0,0,1,0.71,0
94,7N0N0_HC_PL_MEAS_FIB_{MEASURE2}_P002_DX12DY6SDX8SDY17_2020-05-07_21-54-15.BMP,0,0,0,0.81,0
95,Y50XM_HC_PL_MEAS_FIB_{MEASURE2}_P001_DX9DY14SDX8SDY17_2020-06-04_22-42-27.BMP,0,0,0,0.79,0
96,7EIGO_HC_PL_MEAS_FIB_{MEASURE2}_P002_DX12DY6SDX8SDY17_2020-10-03_08-22-34.BMP,0,0,1,0.5,0
97,N606A_HC_PL_MEAS_FIB_{MEASURE2}_P002_DX12DY6SDX8SDY16_2020-12-01_09-05-20.BMP,0,0,1,0.93,0
98,7N0JI_HC_PL_MEAS_FIB_{MEASURE2}_P003_DX8DY11SDX8SDY17_2020-02-04_19-19-27.BMP,0,0,1,0.82,0
99,2CICS_HC_PL_MEAS_FIB_{MEASURE2}_P006_DX9DY4SDX8SDY17_2020-08-23_17-17-42.BMP,0,0,0,0.82,0
100,Y5112_HC_PL_MEAS_FIB_{MEASURE2}_P002_DX12DY6SDX8SDY17_2020-10-09_22-54-39.BMP,0,0,0,0.68,0
101,7QI8G_HC_PL_MEAS_FIB_{MEASURE2}_P004_DX10DY9SDX7SDY16_2020-08-28_19-57-03.BMP,0,0,1,0.88,0
102,Y50XM_HC_PL_MEAS_FIB_{MEASURE2}_P006_DX9DY4SDX8SDY17_2020-06-04_22-42-27.BMP,0,0,0,0.8,0
103,S7004_HC_PL_MEAS_FIB_{MEASURE2}_P006_DX9DY4SDX8SDY17_2020-08-07_02-41-43.BMP,0,0,0,0.51,0
104,7N0H0_HC_PL_MEAS_FIB_{MEASURE2}_P002_DX12DY6SDX8SDY17_2019-12-30_17-47-42.BMP,0,0,0,0.56,0
105,Y50T6_HC_PL_MEAS_FIB_{MEASURE2}_P004_DX10DY9SDX6SDY16_2020-07-07_04-00-06.BMP,0,0,0,0.78,0
106,Y50XM_HC_PL_MEAS_FIB_{MEASURE2}_P006_DX9DY4SDX8SDY17_2020-06-04_21-18-05.BMP,0,0,0,0.47,0
107,4P0QU_HC_PL_MEAS_FIB_{MEASURE2}_P001_DX9DY14SDX8SDY17_2020-10-29_01-12-37.BMP,0,0,0,0.55,0
108,4P0PK_HC_PL_MEAS_FIB_{MEASURE2}_P002_DX12DY6SDX8SDY17_2020-10-11_03-47-54.BMP,0,0,0,0.88,0
109,2CICW_HC_PL_MEAS_FIB_{MEASURE2}_P001_DX9DY14SDX8SDY17_2020-09-20_07-52-47.BMP,0,0,1,0.53,0
110,Y50T6_HC_PL_MEAS_FIB_{MEASURE2}_P002_DX12DY6SDX8SDY17_2020-07-07_01-01-45.BMP,0,0,1,0.71,0
111,9UHIU_HC_PL_MEAS_FIB_{MEASURE2}_P005_DX7DY7SDX8SDY17_2020-10-21_23-38-33.BMP,0,0,1,0.6,0
112,4P0RW_HC_PL_MEAS_FIB_{MEASURE2}_P002_DX12DY6SDX8SDY17_2020-12-04_11-07-35.BMP,0,0,1,0.41,0
113,Y50Z0_HC_PL_MEAS_FIB_{MEASURE2}_P003_DX8DY11SDX8SDY17_2020-06-10_00-19-15.BMP,0,0,0,0.94,0
114,S7012_HC_PL_MEAS_FIB_{MEASURE2}_P003_DX8DY11SDX6SDY17_2020-09-01_20-38-48.BMP,0,0,0,0.4,0
115,4P0RW_HC_PL_MEAS_FIB_{MEASURE2}_P004_DX10DY9SDX7SDY16_2020-12-04_11-07-35.BMP,0,0,0,0.86,0
116,9A0TC_HC_PL_MEAS_FIB_{MEASURE2}_P006_DX9DY4SDX8SDY17_2020-03-13_05-32-30.BMP,0,0,0,0.94,0
117,Y511C_HC_PL_MEAS_FIB_{MEASURE2}_P003_DX12DY6SDX8SDY15_2020-10-30_07-18-29.BMP,0,0,0,0.91,0
118,Y5116_HC_PL_MEAS_FIB_{MEASURE2}_P003_DX8DY11SDX8SDY17_2020-10-13_04-11-50.BMP,0,0,0,0.83,0
119,Y5118_HC_PL_MEAS_FIB_{MEASURE2}_P001_DX9DY14SDX8SDY16_2020-08-10_23-58-19.BMP,0,0,0,0.77,0
120,T10HK_HC_PL_MEAS_FIB_{MEASURE2}_P006_DX9DY4SDX8SDY17_2020-08-16_14-47-16.BMP,0,0,0,0.49,0
121,Y511S_HC_PL_MEAS_FIB_{MEASURE2}_P002_DX12DY6SDX8SDY17_2020-05-09_23-38-57.BMP,0,0,0,0.94,0
122,Y50ZC_HC_PL_MEAS_FIB_{MEASURE2}_P002_DX12DY6SDX8SDY17_2020-07-19_11-15-47.BMP,0,0,1,0.83,0
123,Y50YS_HC_PL_MEAS_FIB_{MEASURE2}_P002_DX12DY6SDX8SDY17_2020-06-24_20-05-11.BMP,0,0,0,0.59,0
124,4P0QU_HC_PL_MEAS_FIB_{MEASURE2}_P003_DX8DY11SDX8SDY16_2020-10-29_10-58-49.BMP,0,0,0,0.78,0
125,7N0N4_HC_PL_MEAS_FIB_{MEASURE2}_P002_DX12DY6SDX8SDY17_2020-06-25_07-13-56.BMP,0,0,1,0.68,0
126,6U0NW_HC_PL_MEAS_FIB_{MEASURE2}_P005_DX7DY7SDX8SDY17_2020-09-11_12-23-35.BMP,0,0,1,0.6,0
127,Y512U_HC_PL_MEAS_FIB_{MEASURE2}_P004_DX10DY9SDX7SDY16_2020-11-18_15-40-06.BMP,0,0,0,0.57,0
128,T10HM_HC_PL_MEAS_FIB_{MEASURE2}_P005_DX7DY7SDX8SDY17_2020-05-28_20-11-15.BMP,0,0,1,0.52,0
129,4P0R0_HC_PL_MEAS_FIB_{MEASURE2}_P004_DX10DY9SDX7SDY15_2020-11-18_08-18-19.BMP,0,0,0,0.9,0
130,4P0RS_HC_PL_MEAS_FIB_{MEASURE2}_P001_DX9DY14SDX8SDY17_2020-10-21_18-49-09.BMP,0,0,0,0.9,0
131,Y511A_HC_PL_MEAS_FIB_{MEASURE2}_P002_DX12DY6SDX8SDY17_2020-08-27_00-19-44.BMP,0,0,1,0.61,0
132,7N0N0_HC_PL_MEAS_FIB_{MEASURE2}_P003_DX8DY11SDX8SDY17_2020-05-07_21-54-15.BMP,0,0,1,0.85,0
133,7QI8K_HC_PL_MEAS_FIB_{MEASURE2}_P005_DX7DY7SDX8SDY17_2020-09-13_17-51-27.BMP,0,0,0,0.62,0
134,Y5112_HC_PL_MEAS_FIB_{MEASURE2}_P002_DX12DY6SDX8SDY16_2020-10-10_00-12-13.BMP,0,0,0,0.64,0
135,9A0TC_HC_PL_MEAS_FIB_{MEASURE2}_P003_DX8DY11SDX8SDY17_2020-03-13_05-32-30.BMP,0,0,0,0.48,0
136,Y511A_HC_PL_MEAS_FIB_{MEASURE2}_P003_DX8DY11SDX8SDY17_2020-08-27_00-19-44.BMP,0,0,0,0.55,0
137,T10HM_HC_PL_MEAS_FIB_{MEASURE2}_P002_DX12DY6SDX8SDY17_2020-05-28_20-11-15.BMP,0,0,0,0.42,0
138,Y510K_HC_PL_MEAS_FIB_{MEASURE2}_P003_DX8DY11SDX8SDY16_2020-10-17_22-27-31.BMP,0,0,0,0.7,0
139,9A0TA_HC_PL_MEAS_FIB_{MEASURE2}_P006_DX9DY4SDX8SDY17_2020-03-13_23-21-50.BMP,0,0,0,0.83,0
140,Y5116_HC_PL_MEAS_FIB_{MEASURE2}_P006_DX9DY4SDX8SDY17_2020-10-13_04-11-50.BMP,0,0,0,0.56,0
141,Y50ZE_HC_PL_MEAS_FIB_{MEASURE2}_P006_DX9DY4SDX8SDY17_2020-08-08_13-42-36.BMP,0,0,1,0.66,0
142,5C16G_HC_PL_MEAS_FIB_{MEASURE2}_P003_DX8DY11SDX8SDY17_2020-01-23_05-09-44.BMP,0,0,1,0.49,0
143,7N0MQ_HC_PL_MEAS_FIB_{MEASURE2}_P002_DX12DY6SDX8SDY17_2020-05-05_23-10-13.BMP,0,0,0,0.85,0
144,Y50ZI_HC_PL_MEAS_FIB_{MEASURE2}_P002_DX12DY6SDX8SDY17_2020-07-06_15-36-35.BMP,0,0,0,0.91,0
145,S700O_HC_PL_MEAS_FIB_{MEASURE2}_P003_DX8DY11SDX8SDY17_2020-05-30_03-27-42.BMP,0,0,0,0.65,0
146,1W1B2_HC_PL_MEAS_FIB_{MEASURE2}_P002_DX12DY6SDX8SDY17_2020-11-29_16-51-43.BMP,0,0,0,0.63,0
147,Y50YY_HC_PL_MEAS_FIB_{MEASURE2}_P005_DX7DY7SDX8SDY17_2020-07-18_13-11-27.BMP,0,0,0,0.68,0
148,Y50XA_HC_PL_MEAS_FIB_{MEASURE2}_P006_DX9DY4SDX8SDY17_2020-06-30_21-11-29.BMP,0,0,0,0.5,0
149,S702Q_HC_PL_MEAS_FIB_{MEASURE2}_P003_DX8DY11SDX8SDY17_2020-09-13_13-14-21.BMP,0,0,0,0.46,0
150,9UHIU_HC_PL_MEAS_FIB_{MEASURE2}_P003_DX8DY11SDX8SDY17_2020-10-21_23-38-33.BMP,0,0,0,0.6,0
151,Y50XE_HC_PL_MEAS_FIB_{MEASURE2}_P002_DX12DY6SDX8SDY17_2020-06-27_14-13-26.BMP,0,0,0,0.8,0
152,4P0RO_HC_PL_MEAS_FIB_{MEASURE2}_P005_DX7DY7SDX8SDY17_2020-12-06_14-14-20.BMP,0,0,0,0.62,0
153,4P0Q2_HC_PL_MEAS_FIB_{MEASURE2}_P002_DX12DY6SDX8SDY17_2020-11-24_12-20-28.BMP,0,0,1,0.91,0
154,S700O_HC_PL_MEAS_FIB_{MEASURE2}_P006_DX9DY4SDX8SDY17_2020-05-30_03-27-42.BMP,0,0,1,0.84,0
155,N9HK8_HC_PL_MEAS_FIB_{MEASURE2}_P006_DX9DY4SDX8SDY17_2020-04-04_14-55-38.BMP,0,0,0,0.79,0
156,Y50ZE_HC_PL_MEAS_FIB_{MEASURE2}_P002_DX12DY6SDX8SDY17_2020-08-08_19-47-50.BMP,0,0,0,0.58,0
157,Y50YM_HC_PL_MEAS_FIB_{MEASURE2}_P001_DX9DY14SDX8SDY17_2020-05-28_12-28-14.BMP,0,0,0,0.7,0
158,5D0IM_HC_PL_MEAS_FIB_{MEASURE2}_P004_DX10DY9SDX7SDY16_2020-02-07_01-06-55.BMP,0,0,1,0.79,0
159,7N0MQ_HC_PL_MEAS_FIB_{MEASURE2}_P004_DX10DY9SDX7SDY15_2020-05-06_07-20-54.BMP,0,0,1,0.9,0
160,Y50ZG_HC_PL_MEAS_FIB_{MEASURE2}_P006_DX9DY4SDX8SDY17_2020-06-18_22-30-44.BMP,0,0,0,0.79,0
161,Y50T0_HC_PL_MEAS_FIB_{MEASURE2}_P006_DX9DY4SDX8SDY17_2020-08-23_18-05-33.BMP,0,0,0,0.89,0
162,9UHJ0_HC_PL_MEAS_FIB_{MEASURE2}_P001_DX9DY14SDX8SDY17_2020-11-02_16-26-26.BMP,0,0,0,0.57,0
163,W30E2_HC_PL_MEAS_FIB_{MEASURE2}_P001_DX9DY14SDX8SDY17_2020-07-03_17-43-28.BMP,0,0,0,0.52,0
164,T10GE_HC_PL_MEAS_FIB_{MEASURE2}_P005_DX7DY7SDX8SDY17_2020-04-29_11-45-49.BMP,0,0,1,0.41,0
165,Y510K_HC_PL_MEAS_FIB_{MEASURE2}_P001_DX9DY14SDX8SDY17_2020-10-17_20-55-41.BMP,0,0,0,0.55,0
166,Y510O_HC_PL_MEAS_FIB_{MEASURE2}_P004_DX10DY9SDX7SDY16_2020-06-10_05-45-39.BMP,0,0,0,0.63,0
167,4P0SM_HC_PL_MEAS_FIB_{MEASURE2}_P003_DX8DY11SDX8SDY17_2020-09-12_07-45-56.BMP,0,0,0,0.4,0
168,Y50SM_HC_PL_MEAS_FIB_{MEASURE2}_P001_DX9DY14SDX8SDY17_2020-06-26_03-20-12.BMP,0,0,0,0.67,0
169,Y50YQ_HC_PL_MEAS_FIB_{MEASURE2}_P001_DX9DY14SDX8SDY17_2020-05-25_02-18-35.BMP,0,0,1,0.62,0
170,9A0SG_HC_PL_MEAS_FIB_{MEASURE2}_P003_DX8DY11SDX8SDY17_2020-04-15_01-42-25.BMP,0,0,1,0.73,0
171,9UHJ2_HC_PL_MEAS_FIB_{MEASURE2}_P001_DX9DY14SDX8SDY17_2020-11-29_13-51-26.BMP,0,0,1,0.79,0
172,5D0IK_HC_PL_MEAS_FIB_{MEASURE2}_P002_DX12DY6SDX8SDY17_2019-12-29_01-54-16.BMP,0,0,1,0.83,0
173,7N0M6_HC_PL_MEAS_FIB_{MEASURE2}_P003_DX8DY11SDX8SDY16_2020-03-04_20-52-05.BMP,0,0,0,0.94,0
174,Y510Y_HC_PL_MEAS_FIB_{MEASURE2}_P006_DX9DY4SDX8SDY17_2020-04-08_03-52-48.BMP,0,0,1,0.73,0
175,9A0SG_HC_PL_MEAS_FIB_{MEASURE2}_P005_DX7DY7SDX8SDY17_2020-04-15_01-42-25.BMP,0,0,0,0.44,0
176,9A0V2_HC_PL_MEAS_FIB_{MEASURE2}_P006_DX9DY4SDX8SDY17_2020-07-20_20-56-02.BMP,0,0,0,0.63,0
177,4P0Q0_HC_PL_MEAS_FIB_{MEASURE2}_P006_DX9DY4SDX8SDY17_2020-10-11_03-16-14.BMP,0,0,1,0.85,0
178,Y50T6_HC_PL_MEAS_FIB_{MEASURE2}_P005_DX7DY7SDX8SDY17_2020-07-07_01-01-45.BMP,0,0,0,0.69,0
179,N9HK8_HC_PL_MEAS_FIB_{MEASURE2}_P005_DX7DY7SDX8SDY17_2020-04-04_14-55-38.BMP,0,0,0,0.64,0
180,7EIGO_HC_PL_MEAS_FIB_{MEASURE2}_P001_DX9DY14SDX8SDY17_2020-10-03_08-22-34.BMP,0,0,1,0.62,0
181,Y5112_HC_PL_MEAS_FIB_{MEASURE2}_P005_DX7DY7SDX8SDY17_2020-10-09_22-54-39.BMP,0,0,0,0.47,0
182,7EIGQ_HC_PL_MEAS_FIB_{MEASURE2}_P004_DX10DY9SDX7SDY16_2020-11-10_13-52-40.BMP,0,0,0,0.41,0
183,Y511C_HC_PL_MEAS_FIB_{MEASURE2}_P005_DX10DY9SDX7SDY14_2020-10-30_07-18-29.BMP,0,0,0,0.8,0
184,Y510S_HC_PL_MEAS_FIB_{MEASURE2}_P004_DX10DY9SDX6SDY16_2020-07-13_21-12-50.BMP,0,0,0,0.92,0
185,9A0VW_HC_PL_MEAS_FIB_{MEASURE2}_P003_DX9DY14SDX8SDY17_2020-09-20_14-03-38.BMP,0,0,0,0.45,0
186,Y50Y8_HC_PL_MEAS_FIB_{MEASURE2}_P001_DX9DY14SDX8SDY17_2020-07-05_06-52-34.BMP,0,0,0,0.46,0
187,Y50YK_HC_PL_MEAS_FIB_{MEASURE2}_P006_DX9DY4SDX8SDY17_2020-05-24_05-55-09.BMP,0,0,1,0.48,0
188,9A0V6_HC_PL_MEAS_FIB_{MEASURE2}_P001_DX9DY14SDX8SDY17_2020-09-11_14-51-46.BMP,0,0,0,0.7,0
189,Y50ZO_HC_PL_MEAS_FIB_{MEASURE2}_P004_DX8DY11SDX8SDY16_2020-08-25_11-00-14.BMP,0,0,1,0.52,0
190,7N0LE_HC_PL_MEAS_FIB_{MEASURE2}_P002_DX12DY6SDX8SDY16_2020-02-06_05-18-06.BMP,0,0,0,0.7,0
191,9A0V6_HC_PL_MEAS_FIB_{MEASURE2}_P006_DX9DY4SDX8SDY17_2020-09-11_14-51-46.BMP,0,0,0,0.81,0
192,Y511G_HC_PL_MEAS_FIB_{MEASURE2}_P002_DX12DY6SDX8SDY17_2020-09-26_21-24-48.BMP,0,0,0,0.6,0
193,Y5118_HC_PL_MEAS_FIB_{MEASURE2}_P003_DX8DY11SDX8SDY16_2020-08-10_23-58-19.BMP,0,0,0,0.62,0
194,4P0PY_HC_PL_MEAS_FIB_{MEASURE2}_P001_DX9DY14SDX8SDY17_2020-11-01_05-36-25.BMP,0,0,0,0.57,0
195,Y510S_HC_PL_MEAS_FIB_{MEASURE2}_P006_DX9DY4SDX7SDY17_2020-07-13_21-12-50.BMP,0,0,1,0.68,0
196,T10GE_HC_PL_MEAS_FIB_{MEASURE2}_P006_DX9DY4SDX8SDY17_2020-04-29_11-45-49.BMP,0,0,0,0.87,0
197,Y50RY_HC_PL_MEAS_FIB_{MEASURE2}_P001_DX9DY14SDX8SDY17_2020-08-16_12-21-50.BMP,0,0,0,0.69,0
198,9A0UY_HC_PL_MEAS_FIB_{MEASURE2}_P001_DX9DY14SDX8SDY17_2020-09-04_05-34-10.BMP,0,0,0,0.9,0
199,Y50XM_HC_PL_MEAS_FIB_{MEASURE2}_P002_DX12DY6SDX8SDY17_2020-06-04_22-42-27.BMP,0,0,0,0.69,0
200,7EIGM_HC_PL_MEAS_FIB_{MEASURE2}_P001_DX9DY14SDX8SDY17_2020-10-06_14-11-39.BMP,0,0,0,0.66,0
201,9A0S4_HC_PL_MEAS_FIB_{MEASURE2}_P002_DX12DY6SDX8SDY17_2020-02-04_12-34-55.BMP,0,0,0,0.55,0
202,Y50SM_HC_PL_MEAS_FIB_{MEASURE2}_P002_DX12DY6SDX8SDY17_2020-06-26_03-20-12.BMP,0,0,0,0.91,0
203,4P0RE_HC_PL_MEAS_FIB_{MEASURE2}_P002_DX12DY6SDX8SDY16_2020-11-24_07-58-07.BMP,0,0,0,0.57,0
204,4P0Q2_HC_PL_MEAS_FIB_{MEASURE2}_P005_DX7DY7SDX8SDY17_2020-11-24_12-20-28.BMP,0,0,1,0.49,0
205,Y5110_HC_PL_MEAS_FIB_{MEASURE2}_P003_DX8DY11SDX8SDY17_2020-08-14_03-41-31.BMP,0,0,0,0.67,0
206,4P0RE_HC_PL_MEAS_FIB_{MEASURE2}_P003_DX8DY11SDX8SDY17_2020-11-24_01-38-03.BMP,0,0,1,0.53,0
207,7N0KQ_HC_PL_MEAS_FIB_{MEASURE2}_P004_DX10DY9SDX7SDY16_2020-01-31_17-48-19.BMP,0,0,0,0.77,0
208,7N0K6_HC_PL_MEAS_FIB_{MEASURE2}_P005_DX7DY7SDX8SDY17_2019-12-31_21-27-43.BMP,0,0,0,0.67,0
209,4P0PK_HC_PL_MEAS_FIB_{MEASURE2}_P005_DX7DY7SDX8SDY17_2020-10-11_02-30-09.BMP,0,0,1,0.62,0
210,9UHIS_HC_PL_MEAS_FIB_{MEASURE2}_P004_DX10DY9SDX7SDY16_2020-10-18_00-33-27.BMP,0,0,0,0.62,0
211,Y50YS_HC_PL_MEAS_FIB_{MEASURE2}_P003_DX8DY11SDX8SDY17_2020-06-24_20-05-11.BMP,0,0,1,0.56,0
212,Y50XQ_HC_PL_MEAS_FIB_{MEASURE2}_P003_DX8DY11SDX8SDY17_2020-06-01_19-30-14.BMP,0,0,0,0.55,0
213,7EIGO_HC_PL_MEAS_FIB_{MEASURE2}_P004_DX10DY9SDX7SDY16_2020-10-03_08-22-34.BMP,0,0,0,0.56,0
214,9A0S8_HC_PL_MEAS_FIB_{MEASURE2}_P005_DX7DY7SDX8SDY17_2020-04-17_10-17-06.BMP,0,0,1,0.8,0
215,4P0RY_HC_PL_MEAS_FIB_{MEASURE2}_P002_DX12DY6SDX8SDY17_2020-11-01_05-35-14.BMP,0,0,0,0.82,0
216,9UHIS_HC_PL_MEAS_FIB_{MEASURE2}_P006_DX9DY4SDX8SDY17_2020-10-18_00-33-27.BMP,0,0,0,0.42,0
217,7EIGK_HC_PL_MEAS_FIB_{MEASURE2}_P002_DX12DY6SDX8SDY17_2020-10-15_16-24-55.BMP,0,0,1,0.9,0
218,Y50SM_HC_PL_MEAS_FIB_{MEASURE2}_P004_DX10DY9SDX7SDY16_2020-06-26_03-20-12.BMP,0,0,0,0.91,0
219,Y50Z8_HC_PL_MEAS_FIB_{MEASURE2}_P003_DX8DY11SDX8SDY17_2020-12-15_08-18-10.BMP,0,0,0,0.51,0
220,T10H0_HC_PL_MEAS_FIB_{MEASURE2}_P006_DX8DY11SDX8SDY15_2020-06-18_17-28-42.BMP,0,0,0,0.66,0
221,Y50XM_HC_PL_MEAS_FIB_{MEASURE2}_P001_DX9DY14SDX8SDY17_2020-06-04_21-18-05.BMP,0,0,0,0.57,0
222,S708I_HC_PL_MEAS_FIB_{MEASURE2}_P006_DX9DY4SDX8SDY17_2020-10-20_22-52-00.BMP,0,0,1,0.56,0
223,W30E4_HC_PL_MEAS_FIB_{MEASURE2}_P005_DX7DY7SDX8SDY17_2020-07-14_23-26-47.BMP,0,0,0,0.41,0
224,5D0I6_HC_PL_MEAS_FIB_{MEASURE2}_P005_DX7DY7SDX8SDY17_2019-12-29_01-50-21.BMP,0,0,0,0.91,0
225,7N0L2_HC_PL_MEAS_FIB_{MEASURE2}_P006_DX9DY4SDX8SDY17_2020-03-17_19-26-45.BMP,0,0,0,0.8,0
226,9A0SE_HC_PL_MEAS_FIB_{MEASURE2}_P005_DX7DY7SDX8SDY17_2020-04-22_15-45-32.BMP,0,0,0,0.4,0
227,9UHJ2_HC_PL_MEAS_FIB_{MEASURE2}_P004_DX10DY9SDX7SDY16_2020-11-29_13-51-26.BMP,0,0,0,0.69,0
228,Y50ZI_HC_PL_MEAS_FIB_{MEASURE2}_P006_DX9DY4SDX8SDY17_2020-07-06_15-36-35.BMP,0,0,1,0.83,0
229,7N0N0_HC_PL_MEAS_FIB_{MEASURE2}_P006_DX9DY4SDX8SDY17_2020-05-07_21-54-15.BMP,0,0,0,0.6,0
230,9A0TE_HC_PL_MEAS_FIB_{MEASURE2}_P006_DX9DY4SDX8SDY17_2020-03-13_11-21-53.BMP,0,0,1,0.93,0
231,Y50X8_HC_PL_MEAS_FIB_{MEASURE2}_P005_DX7DY7SDX8SDY17_2020-06-14_20-59-21.BMP,0,0,0,0.64,0
232,4P0RE_HC_PL_MEAS_FIB_{MEASURE2}_P001_DX9DY14SDX8SDY17_2020-11-24_01-38-03.BMP,0,0,0,0.75,0
233,9A0TA_HC_PL_MEAS_FIB_{MEASURE2}_P001_DX9DY14SDX8SDY17_2020-03-13_23-21-50.BMP,0,0,1,0.57,0
234,Y512I_HC_PL_MEAS_FIB_{MEASURE2}_P002_DX7DY7SDX8SDY17_2020-10-23_04-14-19.BMP,0,0,0,0.4,0
235,W30DU_HC_PL_MEAS_FIB_{MEASURE2}_P006_DX9DY4SDX8SDY17_2020-06-01_21-07-13.BMP,0,0,1,0.42,0
236,T10GA_HC_PL_MEAS_FIB_{MEASURE2}_P006_DX9DY4SDX8SDY17_2020-04-16_07-46-52.BMP,0,0,1,0.62,0
237,T10HC_HC_PL_MEAS_FIB_{MEASURE2}_P006_DX9DY4SDX8SDY17_2020-04-30_02-22-54.BMP,0,0,0,0.46,0
238,7N0LK_HC_PL_MEAS_FIB_{MEASURE2}_P005_DX7DY7SDX8SDY16_2020-02-06_00-49-58.BMP,0,0,1,0.8,0
239,7QI8O_HC_PL_MEAS_FIB_{MEASURE2}_P005_DX7DY7SDX8SDY17_2020-10-14_14-13-23.BMP,0,0,0,0.73,0
240,S708I_HC_PL_MEAS_FIB_{MEASURE2}_P003_DX8DY11SDX8SDY17_2020-10-20_22-52-00.BMP,0,0,0,0.59,0
241,N9HKA_HC_PL_MEAS_FIB_{MEASURE2}_P002_DX12DY6SDX8SDY17_2020-05-18_07-10-31.BMP,0,0,0,0.89,0
242,W30E4_HC_PL_MEAS_FIB_{MEASURE2}_P006_DX9DY4SDX8SDY17_2020-07-14_23-26-47.BMP,0,0,0,0.94,0
243,Y50SE_HC_PL_MEAS_FIB_{MEASURE2}_P002_DX12DY6SDX8SDY17_2020-06-23_03-27-39.BMP,0,0,0,0.4,0
244,Y50YQ_HC_PL_MEAS_FIB_{MEASURE2}_P005_DX7DY7SDX8SDY17_2020-05-25_02-18-35.BMP,0,0,1,0.47,0
245,7N0KQ_HC_PL_MEAS_FIB_{MEASURE2}_P005_DX7DY7SDX8SDY17_2020-01-31_17-48-19.BMP,0,0,0,0.78,0
246,Y50ZO_HC_PL_MEAS_FIB_{MEASURE2}_P004_DX10DY9SDX7SDY16_2020-08-25_10-15-03.BMP,0,0,0,0.75,0
247,N606A_HC_PL_MEAS_FIB_{MEASURE2}_P004_DX10DY9SDX7SDY15_2020-12-01_09-05-20.BMP,0,0,0,0.58,0
248,7QI8I_HC_PL_MEAS_FIB_{MEASURE2}_P002_DX12DY6SDX8SDY17_2020-09-25_16-18-28.BMP,0,0,0,0.94,0
249,T10H2_HC_PL_MEAS_FIB_{MEASURE2}_P006_DX9DY4SDX8SDY17_2020-04-28_03-34-16.BMP,0,0,0,0.4,0
250,9A0SE_HC_PL_MEAS_FIB_{MEASURE2}_P006_DX9DY4SDX8SDY17_2020-04-22_15-45-32.BMP,0,0,0,0.54,0
251,Y510K_HC_PL_MEAS_FIB_{MEASURE2}_P004_DX10DY9SDX7SDY15_2020-10-17_22-27-31.BMP,0,0,0,0.79,0
252,1W1BG_HC_PL_MEAS_FIB_{MEASURE2}_P005_DX7DY7SDX8SDY17_2020-03-01_22-03-03.BMP,0,0,1,0.7,0
253,S708I_HC_PL_MEAS_FIB_{MEASURE2}_P004_DX10DY9SDX7SDY16_2020-10-20_22-52-00.BMP,0,0,0,0.88,0
254,9A0VU_HC_PL_MEAS_FIB_{MEASURE2}_P006_DX9DY4SDX8SDY17_2020-09-25_14-19-57.BMP,0,0,1,0.75,0
255,4P0PU_HC_PL_MEAS_FIB_{MEASURE2}_P001_DX9DY14SDX8SDY17_2020-10-09_02-36-53.BMP,0,0,1,0.77,0
256,1W1BA_HC_PL_MEAS_FIB_{MEASURE2}_P003_DX8DY11SDX8SDY17_2020-08-16_15-29-29.BMP,0,0,0,0.84,0
257,Y50SM_HC_PL_MEAS_FIB_{MEASURE2}_P005_DX7DY7SDX8SDY17_2020-06-26_03-20-12.BMP,0,0,0,0.88,0
258,9A0TC_HC_PL_MEAS_FIB_{MEASURE2}_P002_DX12DY6SDX8SDY17_2020-03-13_05-32-30.BMP,0,0,0,0.82,0
259,7QI8W_HC_PL_MEAS_FIB_{MEASURE2}_P004_DX10DY9SDX7SDY16_2020-12-01_01-36-18.BMP,0,0,1,0.88,0
260,Y50Y0_HC_PL_MEAS_FIB_{MEASURE2}_P003_DX8DY11SDX8SDY17_2020-08-16_11-40-42.BMP,0,0,1,0.49,0
261,9UHIY_HC_PL_MEAS_FIB_{MEASURE2}_P002_DX12DY6SDX8SDY17_2020-11-04_20-18-30.BMP,0,0,0,0.45,0
262,Y5110_HC_PL_MEAS_FIB_{MEASURE2}_P002_DX12DY6SDX8SDY17_2020-08-14_03-41-31.BMP,0,0,0,0.63,0
263,T10H4_HC_PL_MEAS_FIB_{MEASURE2}_P006_DX9DY4SDX8SDY17_2020-05-01_07-38-11.BMP,0,0,1,0.44,0
264,4P0RS_HC_PL_MEAS_FIB_{MEASURE2}_P004_DX10DY9SDX7SDY16_2020-10-21_18-49-09.BMP,0,0,0,0.45,0
265,4P0RK_HC_PL_MEAS_FIB_{MEASURE2}_P003_DX8DY11SDX8SDY17_2020-10-11_04-31-37.BMP,0,0,1,0.51,0
266,1W1BA_HC_PL_MEAS_FIB_{MEASURE2}_P002_DX12DY6SDX8SDY17_2020-08-16_15-29-29.BMP,0,0,1,0.52,0
267,Y50Q2_HC_PL_MEAS_FIB_{MEASURE2}_P004_DX10DY9SDX7SDY14_2020-07-02_14-26-01.BMP,0,0,0,0.75,0
268,Y50ZE_HC_PL_MEAS_FIB_{MEASURE2}_P002_DX12DY6SDX8SDY17_2020-08-08_14-46-29.BMP,0,0,0,0.46,0
269,5C16G_HC_PL_MEAS_FIB_{MEASURE2}_P004_DX10DY9SDX7SDY16_2020-01-23_05-09-44.BMP,0,0,0,0.93,0
270,Y50SM_HC_PL_MEAS_FIB_{MEASURE2}_P006_DX9DY4SDX8SDY17_2020-06-26_03-20-12.BMP,0,0,0,0.54,0
271,5D0IM_HC_PL_MEAS_FIB_{MEASURE2}_P006_DX9DY4SDX8SDY17_2020-02-07_01-06-55.BMP,0,0,0,0.85,0
272,Y50T0_HC_PL_MEAS_FIB_{MEASURE2}_P001_DX9DY14SDX8SDY17_2020-08-23_18-05-33.BMP,0,0,0,0.67,0
273,9A0SO_HC_PL_MEAS_FIB_{MEASURE2}_P001_DX9DY14SDX8SDY17_2020-02-18_15-52-18.BMP,0,0,0,0.92,0
274,4P0PY_HC_PL_MEAS_FIB_{MEASURE2}_P003_DX8DY11SDX8SDY17_2020-11-01_05-36-25.BMP,0,0,1,0.63,0
275,7QI8I_HC_PL_MEAS_FIB_{MEASURE2}_P006_DX9DY4SDX8SDY17_2020-09-25_16-18-28.BMP,0,0,0,0.81,0
276,Y50YY_HC_PL_MEAS_FIB_{MEASURE2}_P003_DX8DY11SDX8SDY17_2020-07-18_13-11-27.BMP,0,0,0,0.81,0
277,Y511I_HC_PL_MEAS_FIB_{MEASURE2}_P006_DX9DY4SDX8SDY16_2020-09-03_08-01-40.BMP,0,0,1,0.75,0
278,Y512U_HC_PL_MEAS_FIB_{MEASURE2}_P003_DX8DY11SDX8SDY17_2020-11-18_15-40-06.BMP,0,0,1,0.68,0
279,S7012_HC_PL_MEAS_FIB_{MEASURE2}_P002_DX12DY6SDX6SDY17_2020-09-01_20-38-48.BMP,0,0,0,0.74,0
280,4P0PK_HC_PL_MEAS_FIB_{MEASURE2}_P006_DX9DY4SDX8SDY17_2020-10-11_03-47-54.BMP,0,0,0,0.8,0
281,Y50YM_HC_PL_MEAS_FIB_{MEASURE2}_P005_DX7DY7SDX8SDY17_2020-05-28_12-28-14.BMP,0,0,0,0.72,0
282,Y50Z4_HC_PL_MEAS_FIB_{MEASURE2}_P003_DX8DY11SDX8SDY17_2020-06-10_08-10-42.BMP,0,0,0,0.65,0
283,4P0PU_HC_PL_MEAS_FIB_{MEASURE2}_P005_DX7DY7SDX8SDY16_2020-10-09_04-12-29.BMP,0,0,0,0.77,0
284,9A0TE_HC_PL_MEAS_FIB_{MEASURE2}_P005_DX7DY7SDX8SDY17_2020-03-13_11-21-53.BMP,0,0,0,0.68,0
285,Y50XU_HC_PL_MEAS_FIB_{MEASURE2}_P001_DX9DY14SDX8SDY17_2020-06-12_03-36-12.BMP,0,0,0,0.75,0
286,9A0V0_HC_PL_MEAS_FIB_{MEASURE2}_P005_DX7DY7SDX8SDY17_2020-08-17_15-32-15.BMP,0,0,0,0.59,0
287,T10H0_HC_PL_MEAS_FIB_{MEASURE2}_P002_DX7DY7SDX8SDY15_2020-06-18_17-28-42.BMP,0,0,0,0.71,0
288,N606E_HC_PL_MEAS_FIB_{MEASURE2}_P002_DX12DY6SDX8SDY17_2020-12-08_15-17-38.BMP,0,0,1,0.82,0
289,Y50YI_HC_PL_MEAS_FIB_{MEASURE2}_P001_DX9DY14SDX7SDY17_2020-07-13_20-40-35.BMP,0,0,1,0.85,0
290,Y50X2_HC_PL_MEAS_FIB_{MEASURE2}_P003_DX8DY11SDX8SDY17_2020-06-04_05-58-57.BMP,0,0,0,0.64,0
291,Y50Z4_HC_PL_MEAS_FIB_{MEASURE2}_P006_DX9DY4SDX8SDY17_2020-06-10_08-10-42.BMP,0,0,0,0.42,0
292,4P0QY_HC_PL_MEAS_FIB_{MEASURE2}_P003_DX8DY11SDX8SDY17_2020-10-23_11-58-38.BMP,0,0,1,0.8,0
293,7N0L2_HC_PL_MEAS_FIB_{MEASURE2}_P003_DX8DY11SDX8SDY17_2020-03-17_19-26-45.BMP,0,0,0,0.51,0
294,6U0OQ_HC_PL_MEAS_FIB_{MEASURE2}_P001_DX9DY14SDX8SDY17_2020-11-02_23-27-51.BMP,0,0,1,0.91,0
295,7QI8M_HC_PL_MEAS_FIB_{MEASURE2}_P002_DX12DY6SDX8SDY17_2020-10-19_05-03-22.BMP,0,0,0,0.63,0
296,Y50ZC_HC_PL_MEAS_FIB_{MEASURE2}_P003_DX8DY11SDX8SDY17_2020-07-19_11-15-47.BMP,0,0,1,0.82,0
297,Y50Z4_HC_PL_MEAS_FIB_{MEASURE2}_P002_DX12DY6SDX8SDY17_2020-06-10_08-10-42.BMP,0,0,1,0.73,0
298,4P0QY_HC_PL_MEAS_FIB_{MEASURE2}_P002_DX12DY6SDX8SDY17_2020-10-23_11-58-38.BMP,0,0,0,0.48,0
299,6U0NW_HC_PL_MEAS_FIB_{MEASURE2}_P001_DX9DY14SDX8SDY17_2020-09-11_12-23-35.BMP,0,0,0,0.69,0
300,Y511A_HC_PL_MEAS_FIB_{MEASURE2}_P003_DX8DY11SDX8SDY16_2020-08-27_01-54-47.BMP,0,0,0,0.56,0
301,9A0TE_HC_PL_MEAS_FIB_{MEASURE2}_P001_DX9DY14SDX8SDY17_2020-03-13_11-21-53.BMP,0,0,0,0.5,0
302,7N0LY_HC_PL_MEAS_FIB_{MEASURE2}_P002_DX12DY6SDX8SDY17_2020-01-26_09-14-21.BMP,0,0,1,0.93,0
303,9UHJ0_HC_PL_MEAS_FIB_{MEASURE2}_P006_DX9DY4SDX8SDY17_2020-11-02_16-26-26.BMP,0,0,0,0.93,0
304,2CICS_HC_PL_MEAS_FIB_{MEASURE2}_P002_DX12DY6SDX8SDY17_2020-08-23_17-17-42.BMP,0,0,0,0.53,0
305,Y5112_HC_PL_MEAS_FIB_{MEASURE2}_P003_DX8DY11SDX8SDY17_2020-10-09_22-54-39.BMP,0,0,0,0.92,0
306,Y510S_HC_PL_MEAS_FIB_{MEASURE2}_P001_DX9DY14SDX8SDY17_2020-07-13_15-47-08.BMP,0,0,1,0.8,0
307,4P0QY_HC_PL_MEAS_FIB_{MEASURE2}_P001_DX9DY14SDX8SDY17_2020-10-23_11-58-38.BMP,0,0,0,0.43,0
308,T10HK_HC_PL_MEAS_FIB_{MEASURE2}_P003_DX8DY11SDX8SDY17_2020-08-16_14-47-16.BMP,0,0,0,0.63,0
309,Y50WY_HC_PL_MEAS_FIB_{MEASURE2}_P002_DX12DY6SDX8SDY17_2020-06-04_08-37-48.BMP,0,0,1,0.62,0
310,Y50T6_HC_PL_MEAS_FIB_{MEASURE2}_P002_DX12DY6SDX7SDY17_2020-07-07_04-00-06.BMP,0,0,0,0.69,0
311,5D0I6_HC_PL_MEAS_FIB_{MEASURE2}_P001_DX9DY14SDX8SDY17_2019-12-29_01-50-21.BMP,0,0,0,0.48,0
312,Y50X8_HC_PL_MEAS_FIB_{MEASURE2}_P002_DX12DY6SDX8SDY17_2020-06-14_20-59-21.BMP,0,0,1,0.66,0
313,Y50SE_HC_PL_MEAS_FIB_{MEASURE2}_P001_DX9DY14SDX8SDY17_2020-06-23_03-27-39.BMP,0,0,0,0.45,0
314,5D0IM_HC_PL_MEAS_FIB_{MEASURE2}_P003_DX8DY11SDX8SDY17_2020-02-07_01-06-55.BMP,0,0,0,0.5,0
315,S700K_HC_PL_MEAS_FIB_{MEASURE2}_P004_DX10DY9SDX7SDY16_2020-05-30_06-53-48.BMP,0,0,0,0.46,0
316,T10HC_HC_PL_MEAS_FIB_{MEASURE2}_P003_DX8DY11SDX8SDY17_2020-04-30_02-22-54.BMP,0,0,0,0.87,0
317,4P0Q0_HC_PL_MEAS_FIB_{MEASURE2}_P003_DX8DY11SDX8SDY17_2020-10-11_04-10-48.BMP,0,0,0,0.67,0
318,9UHIW_HC_PL_MEAS_FIB_{MEASURE2}_P004_DX10DY9SDX7SDY16_2020-10-30_20-48-36.BMP,0,0,0,0.62,0
319,9A0T8_HC_PL_MEAS_FIB_{MEASURE2}_P003_DX8DY11SDX8SDY17_2020-03-13_05-32-04.BMP,0,0,0,0.9,0
320,Y50X8_HC_PL_MEAS_FIB_{MEASURE2}_P001_DX9DY14SDX8SDY17_2020-06-14_20-59-21.BMP,0,0,0,0.42,0
321,Y50YM_HC_PL_MEAS_FIB_{MEASURE2}_P002_DX12DY6SDX8SDY17_2020-05-28_12-28-14.BMP,0,0,0,0.92,0
322,Y5124_HC_PL_MEAS_FIB_{MEASURE2}_P002_DX12DY6SDX8SDY17_2020-12-03_00-11-54.BMP,0,0,1,0.62,0
323,N6064_HC_PL_MEAS_FIB_{MEASURE2}_P006_DX9DY4SDX8SDY17_2020-10-08_08-38-32.BMP,0,0,0,0.54,0
324,Y512A_HC_PL_MEAS_FIB_{MEASURE2}_P001_DX9DY14SDX8SDY17_2020-05-19_04-56-49.BMP,0,0,1,0.5,0
325,4P0RS_HC_PL_MEAS_FIB_{MEASURE2}_P003_DX8DY11SDX8SDY17_2020-10-21_18-49-09.BMP,0,0,1,0.83,0
326,Y511Q_HC_PL_MEAS_FIB_{MEASURE2}_P003_DX8DY11SDX8SDY17_2020-05-19_05-18-50.BMP,0,0,1,0.63,0
327,S700U_HC_PL_MEAS_FIB_{MEASURE2}_P003_DX8DY11SDX8SDY17_2020-09-26_20-36-11.BMP,0,0,0,0.51,0
328,S701O_HC_PL_MEAS_FIB_{MEASURE2}_P002_DX12DY6SDX8SDY17_2020-09-28_04-10-28.BMP,0,0,0,0.77,0
329,S7016_HC_PL_MEAS_FIB_{MEASURE2}_P006_DX9DY4SDX8SDY17_2020-09-26_17-16-30.BMP,0,0,0,0.67,0
330,S701O_HC_PL_MEAS_FIB_{MEASURE2}_P006_DX9DY4SDX8SDY17_2020-09-28_04-10-28.BMP,0,0,0,0.45,0
331,Y510K_HC_PL_MEAS_FIB_{MEASURE2}_P006_DX9DY4SDX8SDY17_2020-10-17_20-55-41.BMP,0,0,0,0.62,0
332,Y512I_HC_PL_MEAS_FIB_{MEASURE2}_P003_DX9DY14SDX8SDY17_2020-10-23_04-14-19.BMP,0,0,1,0.58,0
333,Y512I_HC_PL_MEAS_FIB_{MEASURE2}_P001_DX9DY4SDX8SDY17_2020-10-23_04-14-19.BMP,0,0,0,0.48,0
334,S700Q_HC_PL_MEAS_FIB_{MEASURE2}_P003_DX8DY11SDX8SDY17_2020-06-04_07-34-21.BMP,0,0,0,0.77,0
335,Y50RE_HC_PL_MEAS_FIB_{MEASURE2}_P002_DX12DY6SDX8SDY17_2020-07-22_00-51-51.BMP,0,0,0,0.66,0
336,9A0TC_HC_PL_MEAS_FIB_{MEASURE2}_P001_DX9DY14SDX8SDY17_2020-03-13_05-32-30.BMP,0,0,0,0.55,0
337,W30DU_HC_PL_MEAS_FIB_{MEASURE2}_P005_DX7DY7SDX8SDY17_2020-06-01_21-07-13.BMP,0,0,0,0.51,0
338,Y50RW_HC_PL_MEAS_FIB_{MEASURE2}_P001_DX9DY14SDX8SDY17_2020-05-28_20-15-16.BMP,0,0,1,0.73,0
339,Y50YI_HC_PL_MEAS_FIB_{MEASURE2}_P002_DX12DY6SDX8SDY17_2020-07-13_15-47-59.BMP,0,0,1,0.57,0
340,Y50XO_HC_PL_MEAS_FIB_{MEASURE2}_P001_DX9DY14SDX8SDY17_2020-07-20_22-16-03.BMP,0,0,0,0.56,0
341,9UHJ2_HC_PL_MEAS_FIB_{MEASURE2}_P003_DX8DY11SDX8SDY17_2020-11-29_13-51-26.BMP,0,0,0,0.57,0
342,4P0PK_HC_PL_MEAS_FIB_{MEASURE2}_P003_DX8DY11SDX8SDY17_2020-10-11_03-47-54.BMP,0,0,1,0.54,0
343,Y511G_HC_PL_MEAS_FIB_{MEASURE2}_P001_DX9DY14SDX8SDY17_2020-09-26_21-24-48.BMP,0,0,0,0.7,0
344,Y50ZE_HC_PL_MEAS_FIB_{MEASURE2}_P005_DX7DY7SDX8SDY17_2020-08-08_19-47-50.BMP,0,0,0,0.8,0
345,7N0LK_HC_PL_MEAS_FIB_{MEASURE2}_P001_DX9DY14SDX8SDY16_2020-02-06_00-49-58.BMP,0,0,0,0.5,0
346,6U0OQ_HC_PL_MEAS_FIB_{MEASURE2}_P005_DX7DY7SDX8SDY17_2020-11-02_23-27-51.BMP,0,0,0,0.72,0
347,2CICW_HC_PL_MEAS_FIB_{MEASURE2}_P004_DX10DY9SDX7SDY16_2020-09-20_07-52-47.BMP,0,0,0,0.59,0
348,9A0SG_HC_PL_MEAS_FIB_{MEASURE2}_P002_DX12DY6SDX8SDY17_2020-04-15_01-42-25.BMP,0,0,1,0.63,0
349,7QI8W_HC_PL_MEAS_FIB_{MEASURE2}_P003_DX8DY11SDX8SDY17_2020-12-01_01-36-18.BMP,0,0,1,0.57,0
350,T10HC_HC_PL_MEAS_FIB_{MEASURE2}_P004_DX10DY9SDX7SDY16_2020-04-30_02-22-54.BMP,0,0,1,0.5,0
351,Y50Y0_HC_PL_MEAS_FIB_{MEASURE2}_P002_DX12DY6SDX8SDY17_2020-08-16_11-40-42.BMP,0,0,0,0.9,0
352,N6064_HC_PL_MEAS_FIB_{MEASURE2}_P003_DX8DY11SDX8SDY17_2020-10-08_08-38-32.BMP,0,0,0,0.7,0
353,T10HY_HC_PL_MEAS_FIB_{MEASURE2}_P004_DX10DY9SDX7SDY16_2020-06-10_19-18-10.BMP,0,0,1,0.82,0
354,7EIGM_HC_PL_MEAS_FIB_{MEASURE2}_P004_DX10DY9SDX7SDY16_2020-10-06_14-11-39.BMP,0,0,0,0.49,0
355,Y5118_HC_PL_MEAS_FIB_{MEASURE2}_P005_DX7DY7SDX8SDY16_2020-08-10_23-58-19.BMP,0,0,0,0.64,0
356,S7004_HC_PL_MEAS_FIB_{MEASURE2}_P002_DX12DY6SDX8SDY17_2020-08-07_02-41-43.BMP,0,0,1,0.5,0
357,S700U_HC_PL_MEAS_FIB_{MEASURE2}_P006_DX9DY4SDX8SDY17_2020-09-26_20-36-11.BMP,0,0,0,0.48,0
358,9A0T6_HC_PL_MEAS_FIB_{MEASURE2}_P003_DX8DY11SDX8SDY17_2020-03-13_11-24-20.BMP,0,0,0,0.79,0
359,9A0VM_HC_PL_MEAS_FIB_{MEASURE2}_P005_DX7DY7SDX8SDY17_2020-09-17_18-06-38.BMP,0,0,0,0.66,0
360,4P0QU_HC_PL_MEAS_FIB_{MEASURE2}_P003_DX8DY11SDX8SDY17_2020-10-29_01-12-37.BMP,0,0,1,0.71,0
361,4P0RY_HC_PL_MEAS_FIB_{MEASURE2}_P004_DX10DY9SDX7SDY16_2020-11-01_05-35-14.BMP,0,0,0,0.78,0
362,7QI8I_HC_PL_MEAS_FIB_{MEASURE2}_P001_DX9DY14SDX8SDY17_2020-09-25_16-18-28.BMP,0,0,1,0.88,0
363,4P0RO_HC_PL_MEAS_FIB_{MEASURE2}_P003_DX8DY11SDX8SDY17_2020-12-06_10-40-26.BMP,0,0,1,0.46,0
364,W30DU_HC_PL_MEAS_FIB_{MEASURE2}_P003_DX8DY11SDX8SDY17_2020-06-01_21-07-13.BMP,0,0,1,0.54,0
365,4P0QQ_HC_PL_MEAS_FIB_{MEASURE2}_P004_DX10DY9SDX7SDY16_2020-10-22_15-38-00.BMP,0,0,0,0.84,0
366,Y50Q2_HC_PL_MEAS_FIB_{MEASURE2}_P004_DX10DY9SDX7SDY16_2020-07-02_09-29-40.BMP,0,0,1,0.85,0
367,9UHIW_HC_PL_MEAS_FIB_{MEASURE2}_P003_DX8DY11SDX8SDY17_2020-10-30_20-48-36.BMP,0,0,0,0.81,0
368,9UHIS_HC_PL_MEAS_FIB_{MEASURE2}_P001_DX9DY14SDX8SDY17_2020-10-18_00-33-27.BMP,0,0,0,0.75,0
369,Y50XM_HC_PL_MEAS_FIB_{MEASURE2}_P004_DX10DY9SDX7SDY16_2020-06-04_22-42-27.BMP,0,0,0,0.52,0
370,Y50XE_HC_PL_MEAS_FIB_{MEASURE2}_P004_DX10DY9SDX7SDY16_2020-06-27_14-13-26.BMP,0,0,1,0.67,0
371,9A0UY_HC_PL_MEAS_FIB_{MEASURE2}_P006_DX9DY4SDX8SDY17_2020-09-04_05-34-10.BMP,0,0,1,0.61,0
372,9UHJ0_HC_PL_MEAS_FIB_{MEASURE2}_P002_DX12DY6SDX8SDY17_2020-11-02_16-26-26.BMP,0,0,0,0.88,0
373,1W1BG_HC_PL_MEAS_FIB_{MEASURE2}_P006_DX9DY4SDX8SDY17_2020-03-01_22-03-03.BMP,0,0,1,0.89,0
374,9A0V6_HC_PL_MEAS_FIB_{MEASURE2}_P003_DX8DY11SDX8SDY17_2020-09-11_14-51-46.BMP,0,0,0,0.93,0
375,Y5124_HC_PL_MEAS_FIB_{MEASURE2}_P005_DX7DY7SDX8SDY17_2020-12-03_00-11-54.BMP,0,0,1,0.77,0
376,Y50XQ_HC_PL_MEAS_FIB_{MEASURE2}_P001_DX9DY14SDX8SDY17_2020-06-01_19-30-14.BMP,0,0,0,0.66,0
377,Y50Z0_HC_PL_MEAS_FIB_{MEASURE2}_P005_DX7DY7SDX8SDY17_2020-06-10_00-19-15.BMP,0,0,0,0.85,0
378,T10GA_HC_PL_MEAS_FIB_{MEASURE2}_P003_DX8DY11SDX8SDY17_2020-04-16_07-46-52.BMP,0,0,0,0.77,0
379,4P0RW_HC_PL_MEAS_FIB_{MEASURE2}_P005_DX7DY7SDX8SDY17_2020-12-04_11-07-35.BMP,0,0,0,0.67,0
380,Y512A_HC_PL_MEAS_FIB_{MEASURE2}_P006_DX9DY4SDX8SDY17_2020-05-19_04-56-49.BMP,0,0,0,0.55,0
381,N6064_HC_PL_MEAS_FIB_{MEASURE2}_P004_DX10DY9SDX7SDY16_2020-10-08_08-38-32.BMP,0,0,0,0.44,0
382,T10HQ_HC_PL_MEAS_FIB_{MEASURE2}_P005_DX7DY7SDX8SDY17_2020-05-28_20-11-59.BMP,0,0,0,0.52,0
383,9A0VM_HC_PL_MEAS_FIB_{MEASURE2}_P006_DX9DY4SDX8SDY17_2020-09-17_18-06-38.BMP,0,0,0,0.71,0
384,W30E4_HC_PL_MEAS_FIB_{MEASURE2}_P004_DX10DY9SDX7SDY16_2020-07-14_23-26-47.BMP,0,0,0,0.64,0
385,Y50Q4_HC_PL_MEAS_FIB_{MEASURE2}_P001_DX9DY14SDX8SDY17_2020-06-01_21-06-26.BMP,0,0,0,0.93,0
386,5D0IM_HC_PL_MEAS_FIB_{MEASURE2}_P001_DX9DY14SDX8SDY17_2020-02-07_01-06-55.BMP,0,0,0,0.42,0
387,4P0RE_HC_PL_MEAS_FIB_{MEASURE2}_P004_DX10DY9SDX7SDY15_2020-11-24_07-58-07.BMP,0,0,1,0.74,0
388,6U0NO_HC_PL_MEAS_FIB_{MEASURE2}_P006_DX8DY11SDX8SDY13_2020-09-24_17-05-40.BMP,0,0,1,0.72,0
389,T10GC_HC_PL_MEAS_FIB_{MEASURE2}_P005_DX7DY7SDX8SDY17_2020-06-10_05-22-17.BMP,0,0,0,0.8,0
390,Y50YC_HC_PL_MEAS_FIB_{MEASURE2}_P006_DX9DY4SDX8SDY17_2020-08-22_22-38-21.BMP,0,0,0,0.61,0
391,Y5116_HC_PL_MEAS_FIB_{MEASURE2}_P001_DX9DY14SDX8SDY17_2020-10-13_04-11-50.BMP,0,0,1,0.52,0
392,9A0S8_HC_PL_MEAS_FIB_{MEASURE2}_P004_DX10DY9SDX7SDY16_2020-04-17_10-17-06.BMP,0,0,0,0.84,0
393,4P0PY_HC_PL_MEAS_FIB_{MEASURE2}_P005_DX7DY7SDX8SDY17_2020-11-01_05-36-25.BMP,0,0,0,0.76,0
394,Y510S_HC_PL_MEAS_FIB_{MEASURE2}_P002_DX12DY6SDX7SDY17_2020-07-13_21-12-50.BMP,0,0,0,0.9,0
395,Y50ZE_HC_PL_MEAS_FIB_{MEASURE2}_P004_DX10DY9SDX7SDY16_2020-08-08_14-46-29.BMP,0,0,1,0.8,0
396,7N0LG_HC_PL_MEAS_FIB_{MEASURE2}_P002_DX12DY6SDX8SDY17_2020-02-06_01-04-17.BMP,0,0,1,0.51,0
397,Y511Y_HC_PL_MEAS_FIB_{MEASURE2}_P002_DX12DY6SDX8SDY17_2020-12-08_06-19-21.BMP,0,0,0,0.64,0
398,4P0RO_HC_PL_MEAS_FIB_{MEASURE2}_P002_DX12DY6SDX8SDY17_2020-12-06_10-40-26.BMP,0,0,0,0.76,0
399,Y50XS_HC_PL_MEAS_FIB_{MEASURE2}_P002_DX12DY6SDX8SDY17_2020-06-05_09-30-58.BMP,0,0,1,0.81,0
400,Y50XY_HC_PL_MEAS_FIB_{MEASURE2}_P004_DX10DY9SDX7SDY16_2020-08-06_17-28-39.BMP,0,0,0,0.84,0
401,7N0MQ_HC_PL_MEAS_FIB_{MEASURE2}_P002_DX12DY6SDX8SDY16_2020-05-06_07-20-54.BMP,0,0,0,0.61,0
402,S702Q_HC_PL_MEAS_FIB_{MEASURE2}_P005_DX7DY7SDX8SDY17_2020-09-13_13-14-21.BMP,0,0,0,0.44,0
403,4P0Q2_HC_PL_MEAS_FIB_{MEASURE2}_P001_DX9DY14SDX8SDY17_2020-11-24_12-20-28.BMP,0,0,0,0.69,0
404,W30E4_HC_PL_MEAS_FIB_{MEASURE2}_P001_DX9DY14SDX8SDY17_2020-07-14_23-26-47.BMP,0,0,0,0.88,0
405,7N0L2_HC_PL_MEAS_FIB_{MEASURE2}_P002_DX12DY6SDX8SDY17_2020-03-17_19-26-45.BMP,0,0,0,0.65,0
406,7N0MQ_HC_PL_MEAS_FIB_{MEASURE2}_P001_DX9DY14SDX8SDY16_2020-05-06_07-20-54.BMP,0,0,0,0.46,0
407,Y50YI_HC_PL_MEAS_FIB_{MEASURE2}_P003_DX8DY11SDX8SDY17_2020-07-13_15-47-59.BMP,0,0,1,0.89,0
408,7QI8W_HC_PL_MEAS_FIB_{MEASURE2}_P001_DX9DY14SDX8SDY17_2020-12-01_01-36-18.BMP,0,0,1,0.75,0
409,S7016_HC_PL_MEAS_FIB_{MEASURE2}_P005_DX7DY7SDX8SDY17_2020-09-26_17-16-30.BMP,0,0,0,0.76,0
410,Y50X8_HC_PL_MEAS_FIB_{MEASURE2}_P006_DX9DY4SDX8SDY17_2020-06-14_20-59-21.BMP,0,0,1,0.44,0
411,7QI8G_HC_PL_MEAS_FIB_{MEASURE2}_P001_DX9DY14SDX8SDY17_2020-08-28_19-57-03.BMP,0,0,0,0.53,0
412,6U0OC_HC_PL_MEAS_FIB_{MEASURE2}_P001_DX9DY14SDX8SDY17_2020-09-13_12-07-37.BMP,0,0,1,0.87,0
413,S700I_HC_PL_MEAS_FIB_{MEASURE2}_P003_DX8DY11SDX8SDY17_2020-05-08_03-28-05.BMP,0,0,0,0.48,0
414,Y511G_HC_PL_MEAS_FIB_{MEASURE2}_P005_DX7DY7SDX8SDY16_2020-09-27_02-34-41.BMP,0,0,1,0.89,0
415,Y50XU_HC_PL_MEAS_FIB_{MEASURE2}_P003_DX8DY11SDX8SDY17_2020-06-12_03-36-12.BMP,0,0,1,0.92,0
416,7QI8S_HC_PL_MEAS_FIB_{MEASURE2}_P005_DX7DY7SDX8SDY17_2020-11-04_18-08-24.BMP,0,0,0,0.88,0
417,4P0RE_HC_PL_MEAS_FIB_{MEASURE2}_P006_DX9DY4SDX8SDY17_2020-11-24_01-38-03.BMP,0,0,0,0.69,0
418,9A0VU_HC_PL_MEAS_FIB_{MEASURE2}_P001_DX9DY14SDX8SDY17_2020-09-24_23-45-46.BMP,0,0,0,0.47,0
419,7N0LY_HC_PL_MEAS_FIB_{MEASURE2}_P004_DX10DY9SDX7SDY16_2020-01-26_09-14-21.BMP,0,0,0,0.62,0
420,Y50ZO_HC_PL_MEAS_FIB_{MEASURE2}_P006_DX9DY4SDX8SDY17_2020-08-25_10-15-03.BMP,0,0,0,0.81,0
421,7QI8I_HC_PL_MEAS_FIB_{MEASURE2}_P005_DX7DY7SDX8SDY17_2020-09-25_16-18-28.BMP,0,0,0,0.49,0
422,7QI8Q_HC_PL_MEAS_FIB_{MEASURE2}_P002_DX12DY6SDX8SDY17_2020-11-05_00-45-05.BMP,0,0,1,0.92,0
423,Y50YM_HC_PL_MEAS_FIB_{MEASURE2}_P004_DX10DY9SDX7SDY16_2020-05-28_12-28-14.BMP,0,0,0,0.6,0
424,7N0JE_HC_PL_MEAS_FIB_{MEASURE2}_P005_DX7DY7SDX8SDY17_2020-01-27_23-15-20.BMP,0,0,0,0.57,0
425,9A0VW_HC_PL_MEAS_FIB_{MEASURE2}_P001_DX9DY4SDX8SDY17_2020-09-20_14-03-38.BMP,0,0,0,0.66,0
426,7N0MQ_HC_PL_MEAS_FIB_{MEASURE2}_P005_DX7DY7SDX8SDY16_2020-05-06_07-20-54.BMP,0,0,0,0.65,0
427,S700K_HC_PL_MEAS_FIB_{MEASURE2}_P003_DX8DY11SDX8SDY17_2020-05-30_06-53-48.BMP,0,0,1,0.94,0
428,T10FU_HC_PL_MEAS_FIB_{MEASURE2}_P003_DX8DY11SDX8SDY17_2020-04-16_07-48-16.BMP,0,0,0,0.51,0
429,7N0M8_HC_PL_MEAS_FIB_{MEASURE2}_P002_DX12DY6SDX8SDY17_2020-03-01_08-36-38.BMP,0,0,1,0.76,0
430,4P0PO_HC_PL_MEAS_FIB_{MEASURE2}_P002_DX12DY6SDX8SDY17_2020-11-01_14-36-35.BMP,0,0,0,0.8,0
431,1W1B8_HC_PL_MEAS_FIB_{MEASURE2}_P005_DX7DY7SDX8SDY17_2020-10-13_02-25-35.BMP,0,0,0,0.79,0
432,Y511C_HC_PL_MEAS_FIB_{MEASURE2}_P001_DX9DY14SDX8SDY17_2020-10-29_01-40-49.BMP,0,0,0,0.48,0
433,4P0RY_HC_PL_MEAS_FIB_{MEASURE2}_P003_DX8DY11SDX8SDY17_2020-11-01_05-35-14.BMP,0,0,0,0.78,0
434,5C16G_HC_PL_MEAS_FIB_{MEASURE2}_P006_DX9DY4SDX8SDY17_2020-01-23_05-09-44.BMP,0,0,0,0.79,0
435,2CICK_HC_PL_MEAS_FIB_{MEASURE2}_P001_DX9DY14SDX8SDY17_2020-07-01_22-55-04.BMP,0,0,0,0.75,0
436,S701O_HC_PL_MEAS_FIB_{MEASURE2}_P004_DX10DY9SDX7SDY16_2020-09-28_04-10-28.BMP,0,0,0,0.56,0
437,Y50Y8_HC_PL_MEAS_FIB_{MEASURE2}_P003_DX8DY11SDX8SDY17_2020-07-05_06-52-34.BMP,0,0,0,0.85,0
438,Y5124_HC_PL_MEAS_FIB_{MEASURE2}_P003_DX8DY11SDX8SDY17_2020-12-03_00-11-54.BMP,0,0,0,0.45,0
439,N9HKG_HC_PL_MEAS_FIB_{MEASURE2}_P005_DX7DY7SDX8SDY17_2020-06-05_11-17-16.BMP,0,0,0,0.8,0
440,9A0T8_HC_PL_MEAS_FIB_{MEASURE2}_P001_DX9DY14SDX8SDY17_2020-03-13_05-32-04.BMP,0,0,0,0.85,0
441,4P0RW_HC_PL_MEAS_FIB_{MEASURE2}_P001_DX9DY14SDX8SDY17_2020-12-04_11-07-35.BMP,0,0,0,0.85,0
442,Y50XU_HC_PL_MEAS_FIB_{MEASURE2}_P006_DX9DY4SDX8SDY17_2020-06-12_03-36-12.BMP,0,0,0,0.86,0
443,9A0UY_HC_PL_MEAS_FIB_{MEASURE2}_P002_DX12DY6SDX8SDY17_2020-09-04_05-34-10.BMP,0,0,1,0.81,0
444,4P0PU_HC_PL_MEAS_FIB_{MEASURE2}_P003_DX8DY11SDX8SDY17_2020-10-09_02-36-53.BMP,0,0,0,0.55,0
445,1W1BG_HC_PL_MEAS_FIB_{MEASURE2}_P004_DX10DY9SDX7SDY16_2020-03-01_22-03-03.BMP,0,0,0,0.86,0
446,7N0LK_HC_PL_MEAS_FIB_{MEASURE2}_P003_DX8DY11SDX8SDY16_2020-02-06_00-49-58.BMP,0,0,0,0.7,0
447,Y50ZE_HC_PL_MEAS_FIB_{MEASURE2}_P006_DX9DY4SDX8SDY17_2020-08-08_19-47-50.BMP,0,0,0,0.69,0
448,Y510I_HC_PL_MEAS_FIB_{MEASURE2}_P003_DX8DY11SDX8SDY17_2020-03-06_12-14-00.BMP,0,0,0,0.44,0
449,Y50Z4_HC_PL_MEAS_FIB_{MEASURE2}_P004_DX10DY9SDX7SDY16_2020-06-10_08-10-42.BMP,0,0,0,0.58,0
450,7QI8S_HC_PL_MEAS_FIB_{MEASURE2}_P002_DX12DY6SDX8SDY17_2020-11-04_18-08-24.BMP,0,0,1,0.71,0
451,Y50SE_HC_PL_MEAS_FIB_{MEASURE2}_P004_DX10DY9SDX7SDY16_2020-06-23_03-27-39.BMP,0,0,0,0.83,0
452,4P0R2_HC_PL_MEAS_FIB_{MEASURE2}_P005_DX7DY7SDX8SDY17_2020-10-21_18-49-05.BMP,0,0,1,0.58,0
453,4P0R0_HC_PL_MEAS_FIB_{MEASURE2}_P003_DX8DY11SDX8SDY16_2020-11-18_08-18-19.BMP,0,0,1,0.78,0
454,Y511C_HC_PL_MEAS_FIB_{MEASURE2}_P002_DX9DY14SDX8SDY15_2020-10-30_07-18-29.BMP,0,0,1,0.51,0
455,4P0QU_HC_PL_MEAS_FIB_{MEASURE2}_P002_DX9DY14SDX8SDY16_2020-10-29_10-58-49.BMP,0,0,0,0.94,0
456,Y5124_HC_PL_MEAS_FIB_{MEASURE2}_P001_DX9DY14SDX8SDY17_2020-12-03_00-11-54.BMP,0,0,1,0.45,0
457,Y50ZE_HC_PL_MEAS_FIB_{MEASURE2}_P001_DX9DY14SDX8SDY17_2020-08-08_13-42-36.BMP,0,0,1,0.52,0
458,6U0NO_HC_PL_MEAS_FIB_{MEASURE2}_P003_DX9DY4SDX8SDY17_2020-09-24_17-05-40.BMP,0,0,0,0.5,0
459,Y50ZG_HC_PL_MEAS_FIB_{MEASURE2}_P001_DX9DY14SDX8SDY17_2020-06-18_22-30-44.BMP,0,0,0,0.87,0
460,Y50Q2_HC_PL_MEAS_FIB_{MEASURE2}_P006_DX9DY4SDX8SDY15_2020-07-02_14-26-01.BMP,0,0,0,0.49,0
461,Y50YS_HC_PL_MEAS_FIB_{MEASURE2}_P004_DX10DY9SDX7SDY15_2020-06-24_20-48-33.BMP,0,0,0,0.65,0
462,T10H4_HC_PL_MEAS_FIB_{MEASURE2}_P003_DX8DY11SDX8SDY17_2020-05-01_07-38-11.BMP,0,0,1,0.68,0
463,4P0RM_HC_PL_MEAS_FIB_{MEASURE2}_P003_DX8DY11SDX8SDY16_2020-11-01_04-09-24.BMP,0,0,0,0.52,0
464,4P0PU_HC_PL_MEAS_FIB_{MEASURE2}_P005_DX7DY7SDX8SDY17_2020-10-09_02-36-53.BMP,0,0,1,0.69,0
465,Y50Z0_HC_PL_MEAS_FIB_{MEASURE2}_P001_DX9DY14SDX8SDY17_2020-06-10_00-19-15.BMP,0,0,0,0.94,0
466,Y50Z2_HC_PL_MEAS_FIB_{MEASURE2}_P003_DX8DY11SDX8SDY17_2020-08-10_23-09-27.BMP,0,0,0,0.62,0
467,Y510Y_HC_PL_MEAS_FIB_{MEASURE2}_P002_DX12DY6SDX8SDY17_2020-04-08_03-52-48.BMP,0,0,1,0.73,0
468,4P0SM_HC_PL_MEAS_FIB_{MEASURE2}_P001_DX9DY14SDX8SDY17_2020-09-12_07-45-56.BMP,0,0,0,0.76,0
469,4P0PK_HC_PL_MEAS_FIB_{MEASURE2}_P006_DX9DY4SDX8SDY17_2020-10-11_02-30-09.BMP,0,0,1,0.59,0
470,Y510S_HC_PL_MEAS_FIB_{MEASURE2}_P005_DX7DY7SDX7SDY17_2020-07-13_21-12-50.BMP,0,0,1,0.56,0
471,7QI8M_HC_PL_MEAS_FIB_{MEASURE2}_P003_DX8DY11SDX8SDY17_2020-10-19_05-03-22.BMP,0,0,0,0.78,0
472,7N0LK_HC_PL_MEAS_FIB_{MEASURE2}_P002_DX12DY6SDX8SDY16_2020-02-06_00-49-58.BMP,0,0,1,0.54,0
473,7N0L2_HC_PL_MEAS_FIB_{MEASURE2}_P005_DX7DY7SDX8SDY17_2020-03-17_19-26-45.BMP,0,0,0,0.78,0
474,S7012_HC_PL_MEAS_FIB_{MEASURE2}_P003_DX8DY11SDX8SDY16_2020-09-01_07-56-15.BMP,0,0,1,0.79,0
475,Y511I_HC_PL_MEAS_FIB_{MEASURE2}_P004_DX10DY9SDX7SDY16_2020-09-03_05-41-17.BMP,0,0,0,0.94,0
476,4P0Q2_HC_PL_MEAS_FIB_{MEASURE2}_P003_DX8DY11SDX8SDY17_2020-11-24_12-20-28.BMP,0,0,1,0.41,0
477,Y50YK_HC_PL_MEAS_FIB_{MEASURE2}_P001_DX9DY14SDX8SDY17_2020-05-24_05-55-09.BMP,0,0,1,0.56,0
478,7QI8M_HC_PL_MEAS_FIB_{MEASURE2}_P006_DX9DY4SDX8SDY17_2020-10-19_05-03-22.BMP,0,0,0,0.84,0
479,7EIGO_HC_PL_MEAS_FIB_{MEASURE2}_P005_DX7DY7SDX8SDY17_2020-10-03_08-22-34.BMP,0,0,0,0.84,0
480,N606A_HC_PL_MEAS_FIB_{MEASURE2}_P003_DX8DY11SDX8SDY16_2020-12-01_09-05-20.BMP,0,0,0,0.73,0
481,4P0Q0_HC_PL_MEAS_FIB_{MEASURE2}_P002_DX12DY6SDX8SDY17_2020-10-11_03-16-14.BMP,0,0,0,0.78,0
482,4P0RO_HC_PL_MEAS_FIB_{MEASURE2}_P003_DX8DY11SDX8SDY17_2020-12-06_14-14-20.BMP,0,0,0,0.41,0
483,Y50ZI_HC_PL_MEAS_FIB_{MEASURE2}_P005_DX7DY7SDX8SDY17_2020-07-06_15-36-35.BMP,0,0,0,0.52,0
484,Y50ZE_HC_PL_MEAS_FIB_{MEASURE2}_P005_DX7DY7SDX8SDY17_2020-08-08_14-46-29.BMP,0,0,0,0.49,0
485,9A0SK_HC_PL_MEAS_FIB_{MEASURE2}_P001_DX9DY14SDX8SDY17_2020-02-21_05-11-58.BMP,0,0,0,0.85,0
486,7QI8G_HC_PL_MEAS_FIB_{MEASURE2}_P003_DX8DY11SDX8SDY17_2020-08-28_19-57-03.BMP,0,0,0,0.9,0
487,Y512U_HC_PL_MEAS_FIB_{MEASURE2}_P002_DX12DY6SDX8SDY17_2020-11-18_15-40-06.BMP,0,0,0,0.8,0
488,Y50YY_HC_PL_MEAS_FIB_{MEASURE2}_P002_DX12DY6SDX8SDY17_2020-07-18_13-11-27.BMP,0,0,0,0.77,0
489,4P0Q0_HC_PL_MEAS_FIB_{MEASURE2}_P005_DX7DY7SDX8SDY17_2020-10-11_04-10-48.BMP,0,0,0,0.62,0
490,Y50XO_HC_PL_MEAS_FIB_{MEASURE2}_P006_DX9DY4SDX8SDY17_2020-07-20_22-16-03.BMP,0,0,1,0.93,0
491,7N0LE_HC_PL_MEAS_FIB_{MEASURE2}_P003_DX8DY11SDX8SDY16_2020-02-06_05-18-06.BMP,0,0,0,0.61,0
492,9A0S2_HC_PL_MEAS_FIB_{MEASURE2}_P006_DX9DY4SDX8SDY17_2020-01-31_15-54-36.BMP,0,0,0,0.46,0
493,9A0VU_HC_PL_MEAS_FIB_{MEASURE2}_P003_DX8DY11SDX8SDY17_2020-09-25_14-19-57.BMP,0,0,1,0.83,0
494,4P0RM_HC_PL_MEAS_FIB_{MEASURE2}_P003_DX8DY11SDX8SDY17_2020-10-31_17-25-59.BMP,0,0,0,0.64,0
495,Y50T0_HC_PL_MEAS_FIB_{MEASURE2}_P004_DX10DY9SDX7SDY16_2020-08-23_18-05-33.BMP,0,0,0,0.66,0
496,Y50YY_HC_PL_MEAS_FIB_{MEASURE2}_P001_DX9DY14SDX8SDY17_2020-07-18_13-11-27.BMP,0,0,0,0.56,0
497,Y50ZQ_HC_PL_MEAS_FIB_{MEASURE2}_P001_DX9DY14SDX8SDY17_2020-07-29_00-04-09.BMP,0,0,0,0.5,0
498,Y50X8_HC_PL_MEAS_FIB_{MEASURE2}_P003_DX8DY11SDX8SDY17_2020-06-14_20-59-21.BMP,0,0,1,0.9,0
499,6U0NW_HC_PL_MEAS_FIB_{MEASURE2}_P003_DX8DY11SDX8SDY17_2020-09-11_12-23-35.BMP,0,0,1,0.43,0
500,Y50Q4_HC_PL_MEAS_FIB_{MEASURE2}_P002_DX12DY6SDX8SDY17_2020-06-01_21-06-26.BMP,0,0,0,0.75,0
501,1W1B2_HC_PL_MEAS_FIB_{MEASURE2}_P006_DX9DY4SDX8SDY17_2020-11-29_16-51-43.BMP,0,0,1,0.48,0
502,4P0QQ_HC_PL_MEAS_FIB_{MEASURE2}_P003_DX8DY11SDX8SDY17_2020-10-22_15-38-00.BMP,0,0,0,0.57,0
503,S700Q_HC_PL_MEAS_FIB_{MEASURE2}_P004_DX10DY9SDX7SDY16_2020-06-04_05-54-38.BMP,0,0,1,0.55,0
504,4P0RU_HC_PL_MEAS_FIB_{MEASURE2}_P001_DX9DY14SDX8SDY17_2020-11-06_13-11-27.BMP,0,0,1,0.41,0
505,Y5124_HC_PL_MEAS_FIB_{MEASURE2}_P002_DX12DY6SDX8SDY16_2020-12-05_15-02-20.BMP,0,0,0,0.49,0
506,Y50YM_HC_PL_MEAS_FIB_{MEASURE2}_P006_DX9DY4SDX8SDY17_2020-05-28_12-28-14.BMP,0,0,1,0.64,0
507,9UHIS_HC_PL_MEAS_FIB_{MEASURE2}_P003_DX8DY11SDX8SDY17_2020-10-18_00-33-27.BMP,0,0,1,0.47,0
508,4P0RU_HC_PL_MEAS_FIB_{MEASURE2}_P005_DX7DY7SDX8SDY17_2020-11-06_09-57-12.BMP,0,0,0,0.83,0
509,W30E2_HC_PL_MEAS_FIB_{MEASURE2}_P004_DX10DY9SDX7SDY16_2020-07-03_17-43-28.BMP,0,0,0,0.62,0
510,Y511I_HC_PL_MEAS_FIB_{MEASURE2}_P002_DX12DY6SDX8SDY17_2020-09-03_05-41-17.BMP,0,0,0,0.5,0
511,N606G_HC_PL_MEAS_FIB_{MEASURE2}_P003_DX8DY11SDX8SDY17_2020-10-15_12-33-35.BMP,0,0,0,0.54,0
512,9UHIU_HC_PL_MEAS_FIB_{MEASURE2}_P006_DX9DY4SDX8SDY17_2020-10-21_23-38-33.BMP,0,0,1,0.83,0
513,T10GC_HC_PL_MEAS_FIB_{MEASURE2}_P004_DX10DY9SDX7SDY16_2020-06-10_05-22-17.BMP,0,0,0,0.7,0
514,Y50XU_HC_PL_MEAS_FIB_{MEASURE2}_P004_DX10DY9SDX7SDY16_2020-06-12_03-36-12.BMP,0,0,0,0.6,0
515,4P0RE_HC_PL_MEAS_FIB_{MEASURE2}_P001_DX9DY14SDX8SDY16_2020-11-24_07-58-07.BMP,0,0,1,0.93,0
516,9A0TA_HC_PL_MEAS_FIB_{MEASURE2}_P005_DX7DY7SDX8SDY17_2020-03-13_23-21-50.BMP,0,0,0,0.66,0
517,7N0N2_HC_PL_MEAS_FIB_{MEASURE2}_P006_DX9DY4SDX8SDY17_2020-06-06_05-03-32.BMP,0,0,1,0.47,0
518,9A0S2_HC_PL_MEAS_FIB_{MEASURE2}_P004_DX10DY9SDX7SDY16_2020-01-31_15-54-36.BMP,0,0,0,0.76,0
519,7N0LG_HC_PL_MEAS_FIB_{MEASURE2}_P006_DX9DY4SDX8SDY17_2020-02-06_01-04-17.BMP,0,0,1,0.73,0
520,4P0RO_HC_PL_MEAS_FIB_{MEASURE2}_P001_DX9DY14SDX8SDY17_2020-12-06_14-14-20.BMP,0,0,1,0.43,0
521,Y50ZO_HC_PL_MEAS_FIB_{MEASURE2}_P002_DX12DY6SDX8SDY17_2020-08-25_10-15-03.BMP,0,0,0,0.87,0
522,9A0UY_HC_PL_MEAS_FIB_{MEASURE2}_P003_DX8DY11SDX8SDY17_2020-09-04_05-34-10.BMP,0,0,1,0.92,0
523,4P0R0_HC_PL_MEAS_FIB_{MEASURE2}_P005_DX7DY7SDX8SDY16_2020-11-18_08-18-19.BMP,0,0,0,0.87,0
524,Y511A_HC_PL_MEAS_FIB_{MEASURE2}_P001_DX9DY14SDX8SDY17_2020-08-27_00-19-44.BMP,0,0,0,0.77,0
525,7QI8O_HC_PL_MEAS_FIB_{MEASURE2}_P003_DX8DY11SDX8SDY17_2020-10-14_14-13-23.BMP,0,0,0,0.5,0
526,9A0V4_HC_PL_MEAS_FIB_{MEASURE2}_P001_DX9DY14SDX8SDY17_2020-09-14_15-27-30.BMP,0,0,1,0.42,0
527,4P0Q0_HC_PL_MEAS_FIB_{MEASURE2}_P001_DX9DY14SDX8SDY17_2020-10-11_04-10-48.BMP,0,0,0,0.8,0
528,Y50XY_HC_PL_MEAS_FIB_{MEASURE2}_P005_DX7DY7SDX8SDY17_2020-08-06_17-28-39.BMP,0,0,0,0.57,0
529,Y50ZO_HC_PL_MEAS_FIB_{MEASURE2}_P001_DX10DY9SDX7SDY15_2020-08-25_11-00-14.BMP,0,0,1,0.91,0
530,7EIGK_HC_PL_MEAS_FIB_{MEASURE2}_P001_DX9DY14SDX8SDY17_2020-10-15_16-24-55.BMP,0,0,1,0.4,0
531,4P0RK_HC_PL_MEAS_FIB_{MEASURE2}_P001_DX9DY14SDX8SDY17_2020-10-11_04-31-37.BMP,0,0,1,0.51,0
532,Y5124_HC_PL_MEAS_FIB_{MEASURE2}_P006_DX9DY4SDX8SDY16_2020-12-05_15-02-20.BMP,0,0,0,0.89,0
533,W30DW_HC_PL_MEAS_FIB_{MEASURE2}_P002_DX12DY6SDX8SDY17_2020-06-15_16-23-26.BMP,0,0,1,0.71,0
534,Y511A_HC_PL_MEAS_FIB_{MEASURE2}_P002_DX12DY6SDX8SDY16_2020-08-27_01-54-47.BMP,0,0,0,0.66,0
535,Y50Z8_HC_PL_MEAS_FIB_{MEASURE2}_P002_DX12DY6SDX8SDY17_2020-12-15_08-18-10.BMP,0,0,0,0.61,0
536,7QI8Y_HC_PL_MEAS_FIB_{MEASURE2}_P004_DX10DY9SDX7SDY16_2020-12-08_12-31-14.BMP,0,0,0,0.68,0
537,T10GG_HC_PL_MEAS_FIB_{MEASURE2}_P006_DX9DY4SDX8SDY17_2020-07-29_00-03-03.BMP,0,0,0,0.92,0
538,Y50YQ_HC_PL_MEAS_FIB_{MEASURE2}_P006_DX9DY4SDX8SDY17_2020-05-25_02-18-35.BMP,0,0,0,0.73,0
539,6U0NO_HC_PL_MEAS_FIB_{MEASURE2}_P004_DX9DY14SDX8SDY15_2020-09-24_17-05-40.BMP,0,0,0,0.62,0
540,Y511A_HC_PL_MEAS_FIB_{MEASURE2}_P005_DX7DY7SDX8SDY16_2020-08-27_01-54-47.BMP,0,0,1,0.73,0
541,G1070_HC_PL_MEAS_FIB_{MEASURE2}_P003_DX8DY11SDX8SDY17_2020-01-28_07-42-25.BMP,0,0,0,0.57,0
542,5D0I6_HC_PL_MEAS_FIB_{MEASURE2}_P003_DX8DY11SDX8SDY17_2019-12-29_01-50-21.BMP,0,0,1,0.87,0
543,Y5110_HC_PL_MEAS_FIB_{MEASURE2}_P001_DX9DY14SDX8SDY17_2020-08-14_03-41-31.BMP,0,0,0,0.63,0
544,Y50WY_HC_PL_MEAS_FIB_{MEASURE2}_P002_DX12DY6SDX8SDY17_2020-06-04_05-57-27.BMP,0,0,1,0.76,0
545,1W1BG_HC_PL_MEAS_FIB_{MEASURE2}_P002_DX12DY6SDX8SDY17_2020-03-01_22-03-03.BMP,0,0,0,0.69,0
546,9A0VM_HC_PL_MEAS_FIB_{MEASURE2}_P003_DX8DY11SDX8SDY17_2020-09-17_18-06-38.BMP,0,0,0,0.81,0
547,Y511G_HC_PL_MEAS_FIB_{MEASURE2}_P001_DX9DY14SDX8SDY16_2020-09-27_02-34-41.BMP,0,0,1,0.68,0
548,N606A_HC_PL_MEAS_FIB_{MEASURE2}_P001_DX9DY14SDX8SDY16_2020-12-01_09-05-20.BMP,0,0,0,0.55,0
549,Y50XA_HC_PL_MEAS_FIB_{MEASURE2}_P001_DX9DY14SDX8SDY17_2020-06-30_21-11-29.BMP,0,0,0,0.68,0
550,9UHIY_HC_PL_MEAS_FIB_{MEASURE2}_P001_DX9DY14SDX8SDY17_2020-11-04_20-18-30.BMP,0,0,0,0.94,0
551,4P0RS_HC_PL_MEAS_FIB_{MEASURE2}_P002_DX12DY6SDX8SDY17_2020-10-21_18-49-09.BMP,0,0,0,0.84,0
552,Y50YY_HC_PL_MEAS_FIB_{MEASURE2}_P006_DX9DY4SDX8SDY17_2020-07-18_13-11-27.BMP,0,0,0,0.79,0
553,Y50XO_HC_PL_MEAS_FIB_{MEASURE2}_P002_DX12DY6SDX8SDY17_2020-07-20_22-16-03.BMP,0,0,0,0.77,0
554,4P0RY_HC_PL_MEAS_FIB_{MEASURE2}_P005_DX7DY7SDX8SDY17_2020-11-01_05-35-14.BMP,0,0,1,0.81,0
555,T10H4_HC_PL_MEAS_FIB_{MEASURE2}_P002_DX12DY6SDX8SDY17_2020-05-01_07-38-11.BMP,0,0,0,0.47,0
556,4P0PK_HC_PL_MEAS_FIB_{MEASURE2}_P003_DX8DY11SDX8SDY17_2020-10-11_02-30-09.BMP,0,0,0,0.88,0
557,4P0P6_HC_PL_MEAS_FIB_{MEASURE2}_P001_DX9DY14SDX8SDY17_2020-09-19_19-34-01.BMP,0,0,0,0.8,0
558,9UHIY_HC_PL_MEAS_FIB_{MEASURE2}_P006_DX9DY4SDX8SDY17_2020-11-04_20-18-30.BMP,0,0,1,0.64,0
559,7QI8Q_HC_PL_MEAS_FIB_{MEASURE2}_P003_DX8DY11SDX8SDY17_2020-11-05_00-45-05.BMP,0,0,0,0.5,0
560,F70KQ_HC_PL_MEAS_FIB_{MEASURE2}_P006_DX9DY4SDX8SDY15_2020-12-19_13-12-56.BMP,0,0,0,0.65,0
561,Y50ZM_HC_PL_MEAS_FIB_{MEASURE2}_P001_DX9DY14SDX8SDY17_2020-05-31_12-49-44.BMP,0,0,1,0.67,0
562,9A0VW_HC_PL_MEAS_FIB_{MEASURE2}_P002_DX7DY7SDX8SDY17_2020-09-20_14-03-38.BMP,0,0,1,0.51,0
563,W30DW_HC_PL_MEAS_FIB_{MEASURE2}_P006_DX9DY4SDX8SDY17_2020-06-15_16-23-26.BMP,0,0,0,0.44,0
564,Y50ZE_HC_PL_MEAS_FIB_{MEASURE2}_P001_DX9DY14SDX8SDY17_2020-08-08_14-46-29.BMP,0,0,0,0.94,0
565,Y50WY_HC_PL_MEAS_FIB_{MEASURE2}_P006_DX9DY4SDX8SDY17_2020-06-04_08-37-48.BMP,0,0,0,0.44,0
566,7EIGM_HC_PL_MEAS_FIB_{MEASURE2}_P005_DX7DY7SDX8SDY17_2020-10-06_14-11-39.BMP,0,0,0,0.75,0
567,W30E2_HC_PL_MEAS_FIB_{MEASURE2}_P002_DX12DY6SDX8SDY17_2020-07-03_17-43-28.BMP,0,0,0,0.9,0
568,7QI8K_HC_PL_MEAS_FIB_{MEASURE2}_P006_DX9DY4SDX8SDY17_2020-09-13_17-51-27.BMP,0,0,0,0.49,0
569,S700Q_HC_PL_MEAS_FIB_{MEASURE2}_P001_DX12DY6SDX8SDY17_2020-06-04_07-34-21.BMP,0,0,1,0.61,0
570,7QI8K_HC_PL_MEAS_FIB_{MEASURE2}_P001_DX9DY14SDX8SDY17_2020-09-13_17-51-27.BMP,0,0,1,0.58,0
571,Y50Z2_HC_PL_MEAS_FIB_{MEASURE2}_P005_DX7DY7SDX8SDY17_2020-08-10_23-09-27.BMP,0,0,0,0.93,0
572,Y50ZE_HC_PL_MEAS_FIB_{MEASURE2}_P004_DX10DY9SDX7SDY16_2020-08-08_19-47-50.BMP,0,0,0,0.51,0
573,4P0RU_HC_PL_MEAS_FIB_{MEASURE2}_P004_DX8DY11SDX8SDY17_2020-11-06_13-11-27.BMP,0,0,0,0.85,0
574,S7012_HC_PL_MEAS_FIB_{MEASURE2}_P004_DX10DY9SDX7SDY15_2020-09-01_07-56-15.BMP,0,0,0,0.84,0
575,9A0SK_HC_PL_MEAS_FIB_{MEASURE2}_P005_DX7DY7SDX8SDY17_2020-02-21_05-11-58.BMP,0,0,0,0.6,0
576,S700K_HC_PL_MEAS_FIB_{MEASURE2}_P002_DX12DY6SDX8SDY17_2020-05-30_06-53-48.BMP,0,0,0,0.88,0
577,N9HKG_HC_PL_MEAS_FIB_{MEASURE2}_P006_DX9DY4SDX8SDY17_2020-06-05_11-17-16.BMP,0,0,0,0.65,0
578,S7004_HC_PL_MEAS_FIB_{MEASURE2}_P003_DX8DY11SDX8SDY17_2020-08-07_02-41-43.BMP,0,0,0,0.79,0
579,Y50ZG_HC_PL_MEAS_FIB_{MEASURE2}_P004_DX10DY9SDX7SDY16_2020-06-18_22-30-44.BMP,0,0,0,0.69,0
580,4P0SM_HC_PL_MEAS_FIB_{MEASURE2}_P002_DX12DY6SDX8SDY17_2020-09-12_07-45-56.BMP,0,0,0,0.46,0
581,Y510K_HC_PL_MEAS_FIB_{MEASURE2}_P001_DX9DY14SDX8SDY16_2020-10-17_22-27-31.BMP,0,0,0,0.63,0
582,Y50YQ_HC_PL_MEAS_FIB_{MEASURE2}_P004_DX10DY9SDX7SDY16_2020-05-25_02-18-35.BMP,0,0,0,0.83,0
583,9A0V4_HC_PL_MEAS_FIB_{MEASURE2}_P003_DX8DY11SDX8SDY17_2020-09-14_15-27-30.BMP,0,0,1,0.43,0
584,7QI8Y_HC_PL_MEAS_FIB_{MEASURE2}_P005_DX7DY7SDX8SDY17_2020-12-08_12-31-14.BMP,0,0,0,0.4,0
585,T10GG_HC_PL_MEAS_FIB_{MEASURE2}_P002_DX12DY6SDX8SDY17_2020-07-29_00-03-03.BMP,0,0,0,0.72,0
586,9A0VW_HC_PL_MEAS_FIB_{MEASURE2}_P005_DX8DY11SDX8SDY17_2020-09-20_14-03-38.BMP,0,0,1,0.48,0
587,S708I_HC_PL_MEAS_FIB_{MEASURE2}_P002_DX12DY6SDX8SDY17_2020-10-20_22-52-00.BMP,0,0,0,0.54,0
588,T10HM_HC_PL_MEAS_FIB_{MEASURE2}_P003_DX8DY11SDX8SDY17_2020-05-28_20-11-15.BMP,0,0,0,0.43,0
589,Y50YK_HC_PL_MEAS_FIB_{MEASURE2}_P004_DX10DY9SDX7SDY16_2020-05-24_05-55-09.BMP,0,0,1,0.51,0
590,Y50XS_HC_PL_MEAS_FIB_{MEASURE2}_P005_DX7DY7SDX8SDY17_2020-06-05_09-30-58.BMP,0,0,0,0.41,0
591,S708I_HC_PL_MEAS_FIB_{MEASURE2}_P001_DX9DY14SDX8SDY17_2020-10-20_22-52-00.BMP,0,0,0,0.9,0
592,4P0SM_HC_PL_MEAS_FIB_{MEASURE2}_P006_DX9DY4SDX8SDY17_2020-09-12_07-45-56.BMP,0,0,0,0.54,0
593,Y510K_HC_PL_MEAS_FIB_{MEASURE2}_P003_DX8DY11SDX8SDY17_2020-10-17_20-55-41.BMP,0,0,0,0.81,0
594,2CICM_HC_PL_MEAS_FIB_{MEASURE2}_P006_DX9DY4SDX8SDY17_2020-07-07_01-48-39.BMP,0,0,0,0.68,0
595,S700Q_HC_PL_MEAS_FIB_{MEASURE2}_P005_DX7DY7SDX8SDY17_2020-06-04_07-34-21.BMP,0,0,0,0.92,0
596,7QI8I_HC_PL_MEAS_FIB_{MEASURE2}_P003_DX8DY11SDX8SDY17_2020-09-25_16-18-28.BMP,0,0,0,0.87,0
597,T10FU_HC_PL_MEAS_FIB_{MEASURE2}_P004_DX10DY9SDX7SDY16_2020-04-16_07-48-16.BMP,0,0,0,0.46,0
598,Y50T6_HC_PL_MEAS_FIB_{MEASURE2}_P006_DX9DY4SDX7SDY17_2020-07-07_04-00-06.BMP,0,0,0,0.49,0
599,4P0RK_HC_PL_MEAS_FIB_{MEASURE2}_P002_DX12DY6SDX8SDY17_2020-10-11_04-31-37.BMP,0,0,1,0.68,0
600,Y50T6_HC_PL_MEAS_FIB_{MEASURE2}_P006_DX9DY4SDX8SDY17_2020-07-07_01-01-45.BMP,0,0,0,0.61,0
601,5D0I6_HC_PL_MEAS_FIB_{MEASURE2}_P002_DX12DY6SDX8SDY17_2019-12-29_01-50-21.BMP,0,0,0,0.5,0
602,4P0R0_HC_PL_MEAS_FIB_{MEASURE2}_P006_DX9DY4SDX8SDY16_2020-11-18_08-18-19.BMP,0,0,0,0.77,0
603,Y5116_HC_PL_MEAS_FIB_{MEASURE2}_P002_DX12DY6SDX8SDY17_2020-10-13_04-11-50.BMP,0,0,0,0.52,0
604,1W1AS_HC_PL_MEAS_FIB_{MEASURE2}_P007_DX10DY4SDX14SDY22_2020-10-28_00-53-46.BMP,0,0,0,0.76,0
605,7N0LE_HC_PL_MEAS_FIB_{MEASURE2}_P001_DX9DY14SDX8SDY16_2020-02-06_05-18-06.BMP,0,0,0,0.59,0
606,Y5110_HC_PL_MEAS_FIB_{MEASURE2}_P005_DX7DY7SDX8SDY17_2020-08-14_03-41-31.BMP,0,0,1,0.44,0
607,7QI8W_HC_PL_MEAS_FIB_{MEASURE2}_P005_DX7DY7SDX8SDY17_2020-12-01_01-36-18.BMP,0,0,1,0.54,0
608,4P0P2_HC_PL_MEAS_FIB_{MEASURE2}_P005_DX7DY7SDX8SDY17_2020-09-22_05-24-10.BMP,0,0,0,0.43,0
609,7N0L6_HC_PL_MEAS_FIB_{MEASURE2}_P002_DX12DY6SDX8SDY17_2020-01-01_07-37-13.BMP,0,0,0,0.49,0
610,4P0RK_HC_PL_MEAS_FIB_{MEASURE2}_P005_DX7DY7SDX8SDY17_2020-10-11_04-31-37.BMP,0,0,0,0.82,0
611,Y511Y_HC_PL_MEAS_FIB_{MEASURE2}_P001_DX9DY14SDX8SDY17_2020-12-08_06-19-21.BMP,0,0,1,0.85,0
612,9UHIW_HC_PL_MEAS_FIB_{MEASURE2}_P002_DX12DY6SDX8SDY17_2020-10-30_20-48-36.BMP,0,0,0,0.9,0
613,1W1AY_HC_PL_MEAS_FIB_{MEASURE2}_P003_DX8DY11SDX8SDY17_2020-11-16_19-11-50.BMP,0,0,1,0.75,0
614,1W19Y_HC_PL_MEAS_FIB_{MEASURE2}_P005_DX7DY7SDX8SDY17_2020-02-28_09-05-59.BMP,0,0,0,0.91,0
615,Y512U_HC_PL_MEAS_FIB_{MEASURE2}_P005_DX7DY7SDX8SDY17_2020-11-18_15-40-06.BMP,0,0,0,0.4,0
616,4P0RK_HC_PL_MEAS_FIB_{MEASURE2}_P005_DX7DY7SDX8SDY17_2020-10-11_03-41-57.BMP,0,0,0,0.79,0
617,Y50XM_HC_PL_MEAS_FIB_{MEASURE2}_P003_DX8DY11SDX8SDY17_2020-06-04_22-42-27.BMP,0,0,1,0.61,0
618,Y50ZS_HC_PL_MEAS_FIB_{MEASURE2}_P004_DX10DY9SDX7SDY16_2020-08-06_10-02-10.BMP,0,0,0,0.82,0
619,Y50ZM_HC_PL_MEAS_FIB_{MEASURE2}_P006_DX9DY4SDX8SDY17_2020-05-31_12-49-44.BMP,0,0,1,0.58,0
620,Y50YS_HC_PL_MEAS_FIB_{MEASURE2}_P005_DX7DY7SDX8SDY16_2020-06-24_20-48-33.BMP,0,0,0,0.53,0
621,Y50WY_HC_PL_MEAS_FIB_{MEASURE2}_P006_DX9DY4SDX8SDY17_2020-06-04_05-57-27.BMP,0,0,1,0.72,0
622,N606E_HC_PL_MEAS_FIB_{MEASURE2}_P006_DX9DY4SDX8SDY17_2020-12-08_15-17-38.BMP,0,0,0,0.61,0
623,7N0LY_HC_PL_MEAS_FIB_{MEASURE2}_P003_DX8DY11SDX8SDY17_2020-01-26_09-14-21.BMP,0,0,0,0.49,0
624,Y50ZO_HC_PL_MEAS_FIB_{MEASURE2}_P002_DX9DY14SDX8SDY16_2020-08-25_11-00-14.BMP,0,0,0,0.82,0
625,7EIGK_HC_PL_MEAS_FIB_{MEASURE2}_P003_DX8DY11SDX8SDY17_2020-10-15_16-24-55.BMP,0,0,1,0.75,0
626,6U0OQ_HC_PL_MEAS_FIB_{MEASURE2}_P003_DX8DY11SDX8SDY17_2020-11-02_23-27-51.BMP,0,0,0,0.75,0
627,Y50YS_HC_PL_MEAS_FIB_{MEASURE2}_P003_DX8DY11SDX8SDY16_2020-06-24_20-48-33.BMP,0,0,1,0.94,0
628,9A0SO_HC_PL_MEAS_FIB_{MEASURE2}_P004_DX10DY9SDX7SDY16_2020-02-18_15-52-18.BMP,0,0,0,0.56,0
629,Y5112_HC_PL_MEAS_FIB_{MEASURE2}_P006_DX9DY4SDX8SDY17_2020-10-09_22-54-39.BMP,0,0,0,0.64,0
630,T10HY_HC_PL_MEAS_FIB_{MEASURE2}_P002_DX12DY6SDX8SDY17_2020-06-10_19-18-10.BMP,0,0,0,0.51,0
631,7QI8Y_HC_PL_MEAS_FIB_{MEASURE2}_P001_DX9DY14SDX8SDY17_2020-12-08_12-31-14.BMP,0,0,0,0.78,0
632,1W1AY_HC_PL_MEAS_FIB_{MEASURE2}_P005_DX7DY7SDX8SDY17_2020-11-16_19-11-50.BMP,0,0,1,0.85,0
633,Y5128_HC_PL_MEAS_FIB_{MEASURE2}_P004_DX10DY9SDX7SDY16_2020-05-08_10-03-21.BMP,0,0,1,0.8,0
634,7QI8G_HC_PL_MEAS_FIB_{MEASURE2}_P006_DX9DY4SDX8SDY17_2020-08-28_19-57-03.BMP,0,0,0,0.87,0
635,7N0K6_HC_PL_MEAS_FIB_{MEASURE2}_P003_DX8DY11SDX8SDY17_2019-12-31_21-27-43.BMP,0,0,0,0.55,0
636,9UHIW_HC_PL_MEAS_FIB_{MEASURE2}_P006_DX9DY4SDX8SDY17_2020-10-30_20-48-36.BMP,0,0,0,0.52,0
637,Y50XO_HC_PL_MEAS_FIB_{MEASURE2}_P005_DX7DY7SDX8SDY17_2020-07-20_22-16-03.BMP,0,0,1,0.87,0
638,Y50RE_HC_PL_MEAS_FIB_{MEASURE2}_P006_DX9DY4SDX8SDY17_2020-07-22_00-51-51.BMP,0,0,0,0.59,0
639,Y50X2_HC_PL_MEAS_FIB_{MEASURE2}_P001_DX9DY14SDX8SDY17_2020-06-04_05-58-57.BMP,0,0,0,0.57,0
640,7QI8O_HC_PL_MEAS_FIB_{MEASURE2}_P001_DX9DY14SDX8SDY17_2020-10-14_14-13-23.BMP,0,0,1,0.52,0
641,2CICM_HC_PL_MEAS_FIB_{MEASURE2}_P003_DX8DY11SDX8SDY17_2020-07-07_01-48-39.BMP,0,0,1,0.58,0
642,S700O_HC_PL_MEAS_FIB_{MEASURE2}_P005_DX7DY7SDX8SDY17_2020-05-30_03-27-42.BMP,0,0,1,0.47,0
643,Y510K_HC_PL_MEAS_FIB_{MEASURE2}_P005_DX7DY7SDX8SDY16_2020-10-17_22-27-31.BMP,0,0,0,0.75,0
644,Y50T6_HC_PL_MEAS_FIB_{MEASURE2}_P005_DX7DY7SDX7SDY17_2020-07-07_04-00-06.BMP,0,0,0,0.55,0
645,7QI8M_HC_PL_MEAS_FIB_{MEASURE2}_P005_DX7DY7SDX8SDY17_2020-10-19_05-03-22.BMP,0,0,0,0.41,0
646,4P0R0_HC_PL_MEAS_FIB_{MEASURE2}_P001_DX9DY14SDX8SDY16_2020-11-18_08-18-19.BMP,0,0,0,0.53,0
647,9A0VW_HC_PL_MEAS_FIB_{MEASURE2}_P006_DX10DY9SDX7SDY16_2020-09-20_14-03-38.BMP,0,0,0,0.89,0
648,Y50YI_HC_PL_MEAS_FIB_{MEASURE2}_P004_DX10DY9SDX7SDY16_2020-07-13_15-47-59.BMP,0,0,1,0.92,0
649,4P0Q0_HC_PL_MEAS_FIB_{MEASURE2}_P004_DX10DY9SDX7SDY16_2020-10-11_03-16-14.BMP,0,0,0,0.87,0
650,Y50RW_HC_PL_MEAS_FIB_{MEASURE2}_P003_DX8DY11SDX8SDY17_2020-05-28_20-15-16.BMP,0,0,1,0.47,0
651,W30E4_HC_PL_MEAS_FIB_{MEASURE2}_P002_DX12DY6SDX8SDY17_2020-07-14_23-26-47.BMP,0,0,0,0.77,0
652,Y50Y0_HC_PL_MEAS_FIB_{MEASURE2}_P005_DX7DY7SDX8SDY17_2020-08-16_11-40-42.BMP,0,0,0,0.67,0
653,Y5124_HC_PL_MEAS_FIB_{MEASURE2}_P003_DX8DY11SDX8SDY16_2020-12-05_15-02-20.BMP,0,0,0,0.8,0
654,9A0T8_HC_PL_MEAS_FIB_{MEASURE2}_P002_DX12DY6SDX8SDY17_2020-03-13_05-32-04.BMP,0,0,0,0.69,0
655,Y50ZO_HC_PL_MEAS_FIB_{MEASURE2}_P003_DX12DY6SDX8SDY16_2020-08-25_11-00-14.BMP,0,0,1,0.9,0
656,1W19Y_HC_PL_MEAS_FIB_{MEASURE2}_P001_DX9DY14SDX8SDY17_2020-02-28_09-05-59.BMP,0,0,1,0.8,0
657,Y5128_HC_PL_MEAS_FIB_{MEASURE2}_P005_DX7DY7SDX8SDY17_2020-05-08_10-03-21.BMP,0,0,0,0.77,0
658,S700Q_HC_PL_MEAS_FIB_{MEASURE2}_P003_DX8DY11SDX8SDY17_2020-06-04_05-54-38.BMP,0,0,0,0.52,0
659,Y50XY_HC_PL_MEAS_FIB_{MEASURE2}_P002_DX12DY6SDX8SDY17_2020-08-06_17-28-39.BMP,0,0,0,0.51,0
660,9A0TC_HC_PL_MEAS_FIB_{MEASURE2}_P004_DX10DY9SDX7SDY16_2020-03-13_05-32-30.BMP,0,0,1,0.82,0
661,Y50ZO_HC_PL_MEAS_FIB_{MEASURE2}_P006_DX9DY4SDX8SDY16_2020-08-25_11-00-14.BMP,0,0,0,0.72,0
662,Y50YQ_HC_PL_MEAS_FIB_{MEASURE2}_P003_DX8DY11SDX8SDY17_2020-05-25_02-18-35.BMP,0,0,0,0.5,0
663,4P0RS_HC_PL_MEAS_FIB_{MEASURE2}_P006_DX9DY4SDX8SDY17_2020-10-21_18-49-09.BMP,0,0,1,0.52,0
664,1W1AY_HC_PL_MEAS_FIB_{MEASURE2}_P006_DX9DY4SDX8SDY17_2020-11-16_19-11-50.BMP,0,0,0,0.83,0
665,Y50R8_HC_PL_MEAS_FIB_{MEASURE2}_P001_DX9DY14SDX8SDY17_2020-06-10_00-42-42.BMP,0,0,0,0.63,0
666,9UHIU_HC_PL_MEAS_FIB_{MEASURE2}_P002_DX12DY6SDX8SDY17_2020-10-21_23-38-33.BMP,0,0,0,0.44,0
667,7N0K6_HC_PL_MEAS_FIB_{MEASURE2}_P006_DX9DY4SDX8SDY17_2019-12-31_21-27-43.BMP,0,0,0,0.77,0
668,6U0NU_HC_PL_MEAS_FIB_{MEASURE2}_P005_DX7DY7SDX8SDY17_2020-09-05_21-26-43.BMP,0,0,0,0.68,0
669,5D0IK_HC_PL_MEAS_FIB_{MEASURE2}_P004_DX10DY9SDX7SDY16_2019-12-29_01-54-16.BMP,0,0,0,0.56,0
670,6U0NO_HC_PL_MEAS_FIB_{MEASURE2}_P004_DX10DY9SDX7SDY16_2020-09-24_01-39-29.BMP,0,0,0,0.87,0
671,Y50ZO_HC_PL_MEAS_FIB_{MEASURE2}_P001_DX9DY14SDX8SDY17_2020-08-25_10-15-03.BMP,0,0,0,0.91,0
672,1W1B8_HC_PL_MEAS_FIB_{MEASURE2}_P006_DX9DY4SDX8SDY17_2020-10-13_02-25-35.BMP,0,0,1,0.77,0
673,Y5112_HC_PL_MEAS_FIB_{MEASURE2}_P001_DX9DY14SDX8SDY17_2020-10-09_22-54-39.BMP,0,0,0,0.84,0
674,7N0N6_HC_PL_MEAS_FIB_{MEASURE2}_P002_DX12DY6SDX8SDY17_2020-06-04_23-54-34.BMP,0,0,0,0.73,0
675,T10GC_HC_PL_MEAS_FIB_{MEASURE2}_P002_DX12DY6SDX8SDY17_2020-06-10_05-22-17.BMP,0,0,1,0.56,0
676,4P0RW_HC_PL_MEAS_FIB_{MEASURE2}_P003_DX8DY11SDX8SDY17_2020-12-04_11-07-35.BMP,0,0,0,0.84,0
677,T10H0_HC_PL_MEAS_FIB_{MEASURE2}_P001_DX9DY4SDX8SDY15_2020-06-18_17-28-42.BMP,0,0,0,0.79,0
678,7QI8M_HC_PL_MEAS_FIB_{MEASURE2}_P004_DX10DY9SDX7SDY16_2020-10-19_05-03-22.BMP,0,0,0,0.65,0
679,Y50ZQ_HC_PL_MEAS_FIB_{MEASURE2}_P005_DX7DY7SDX8SDY17_2020-07-29_00-04-09.BMP,0,0,0,0.73,0
680,W30DU_HC_PL_MEAS_FIB_{MEASURE2}_P004_DX10DY9SDX7SDY16_2020-06-01_21-07-13.BMP,0,0,0,0.49,0
681,Y50Z0_HC_PL_MEAS_FIB_{MEASURE2}_P006_DX9DY4SDX8SDY17_2020-06-10_00-19-15.BMP,0,0,0,0.77,0
682,Y5128_HC_PL_MEAS_FIB_{MEASURE2}_P001_DX9DY14SDX8SDY17_2020-05-08_10-03-21.BMP,0,0,0,0.42,0
683,7QI8Y_HC_PL_MEAS_FIB_{MEASURE2}_P002_DX12DY6SDX8SDY17_2020-12-08_12-31-14.BMP,0,0,0,0.44,0
684,2CICW_HC_PL_MEAS_FIB_{MEASURE2}_P003_DX8DY11SDX8SDY17_2020-09-20_07-52-47.BMP,0,0,0,0.81,0
685,Y50ZQ_HC_PL_MEAS_FIB_{MEASURE2}_P003_DX8DY11SDX8SDY17_2020-07-29_00-04-09.BMP,0,0,0,0.56,0
686,4P0R0_HC_PL_MEAS_FIB_{MEASURE2}_P002_DX12DY6SDX8SDY16_2020-11-18_08-18-19.BMP,0,0,0,0.62,0
687,Y50XM_HC_PL_MEAS_FIB_{MEASURE2}_P005_DX7DY7SDX8SDY17_2020-06-04_21-18-05.BMP,0,0,1,0.7,0
688,Y511I_HC_PL_MEAS_FIB_{MEASURE2}_P005_DX7DY7SDX8SDY17_2020-09-03_05-41-17.BMP,0,0,0,0.94,0
689,7EIGO_HC_PL_MEAS_FIB_{MEASURE2}_P003_DX8DY11SDX8SDY17_2020-10-03_08-22-34.BMP,0,0,1,0.89,0
690,4P0RO_HC_PL_MEAS_FIB_{MEASURE2}_P002_DX12DY6SDX8SDY17_2020-12-06_14-14-20.BMP,0,0,0,0.72,0
691,Y511A_HC_PL_MEAS_FIB_{MEASURE2}_P001_DX9DY14SDX8SDY16_2020-08-27_01-54-47.BMP,0,0,0,0.74,0
692,1W1BA_HC_PL_MEAS_FIB_{MEASURE2}_P004_DX10DY9SDX7SDY16_2020-08-16_15-29-29.BMP,0,0,0,0.65,0
693,7N0KS_HC_PL_MEAS_FIB_{MEASURE2}_P003_DX8DY11SDX8SDY17_2020-02-04_19-25-06.BMP,0,0,1,0.76,0
694,G106U_HC_PL_MEAS_FIB_{MEASURE2}_P002_DX12DY6SDX8SDY17_2020-05-25_07-10-30.BMP,0,0,0,0.73,0
695,9UHJ0_HC_PL_MEAS_FIB_{MEASURE2}_P004_DX10DY9SDX7SDY16_2020-11-02_16-26-26.BMP,0,0,0,0.75,0
696,2CICS_HC_PL_MEAS_FIB_{MEASURE2}_P003_DX8DY11SDX8SDY17_2020-08-23_17-17-42.BMP,0,0,0,0.94,0
697,Y50ZI_HC_PL_MEAS_FIB_{MEASURE2}_P003_DX8DY11SDX8SDY17_2020-07-06_15-36-35.BMP,0,0,0,0.57,0
698,4P0QY_HC_PL_MEAS_FIB_{MEASURE2}_P005_DX7DY7SDX8SDY17_2020-10-23_11-58-38.BMP,0,0,1,0.56,0
699,Y510O_HC_PL_MEAS_FIB_{MEASURE2}_P005_DX7DY7SDX8SDY17_2020-06-10_05-45-39.BMP,0,0,0,0.62,0
700,4P0RU_HC_PL_MEAS_FIB_{MEASURE2}_P001_DX9DY14SDX8SDY17_2020-11-06_09-57-12.BMP,0,0,0,0.84,0
701,7QI8U_HC_PL_MEAS_FIB_{MEASURE2}_P006_DX9DY4SDX8SDY17_2020-11-06_17-51-10.BMP,0,0,0,0.44,0
702,T10FU_HC_PL_MEAS_FIB_{MEASURE2}_P002_DX12DY6SDX8SDY17_2020-04-16_07-48-16.BMP,0,0,0,0.59,0
703,Y510S_HC_PL_MEAS_FIB_{MEASURE2}_P001_DX9DY14SDX7SDY17_2020-07-13_21-12-50.BMP,0,0,1,0.43,0
704,9UHIW_HC_PL_MEAS_FIB_{MEASURE2}_P005_DX7DY7SDX8SDY17_2020-10-30_20-48-36.BMP,0,0,0,0.94,0
705,Y50YS_HC_PL_MEAS_FIB_{MEASURE2}_P002_DX12DY6SDX8SDY16_2020-06-24_20-48-33.BMP,0,0,0,0.42,0
706,7N0N8_HC_PL_MEAS_FIB_{MEASURE2}_P003_DX8DY11SDX8SDY17_2020-05-28_22-25-29.BMP,0,0,0,0.89,0
707,7N0JE_HC_PL_MEAS_FIB_{MEASURE2}_P002_DX12DY6SDX8SDY17_2020-01-27_23-15-20.BMP,0,0,1,0.89,0
708,2CICM_HC_PL_MEAS_FIB_{MEASURE2}_P004_DX10DY9SDX7SDY16_2020-07-07_01-48-39.BMP,0,0,0,0.87,0
709,Y50X6_HC_PL_MEAS_FIB_{MEASURE2}_P005_DX7DY7SDX8SDY17_2020-06-06_04-51-17.BMP,0,0,0,0.7,0
710,4P0RU_HC_PL_MEAS_FIB_{MEASURE2}_P002_DX10DY9SDX7SDY16_2020-11-06_13-11-27.BMP,0,0,1,0.83,0
711,Y50RE_HC_PL_MEAS_FIB_{MEASURE2}_P004_DX10DY9SDX7SDY16_2020-07-22_00-51-51.BMP,0,0,0,0.85,0
712,S700U_HC_PL_MEAS_FIB_{MEASURE2}_P002_DX12DY6SDX8SDY17_2020-09-26_20-36-11.BMP,0,0,0,0.71,0
713,Y50Z2_HC_PL_MEAS_FIB_{MEASURE2}_P006_DX9DY4SDX8SDY17_2020-08-10_23-09-27.BMP,0,0,0,0.84,0
714,Y50T0_HC_PL_MEAS_FIB_{MEASURE2}_P003_DX8DY11SDX8SDY17_2020-08-23_18-05-33.BMP,0,0,1,0.93,0
715,Y511G_HC_PL_MEAS_FIB_{MEASURE2}_P006_DX9DY4SDX8SDY16_2020-09-27_02-34-41.BMP,0,0,1,0.68,0
716,4P0PK_HC_PL_MEAS_FIB_{MEASURE2}_P005_DX7DY7SDX8SDY17_2020-10-11_03-47-54.BMP,0,0,0,0.85,0
717,Y50Z2_HC_PL_MEAS_FIB_{MEASURE2}_P001_DX9DY14SDX8SDY17_2020-08-10_23-09-27.BMP,0,0,1,0.9,0
718,Y50ZC_HC_PL_MEAS_FIB_{MEASURE2}_P005_DX7DY7SDX8SDY17_2020-07-19_11-15-47.BMP,0,0,0,0.64,0
719,Y50XE_HC_PL_MEAS_FIB_{MEASURE2}_P006_DX9DY4SDX8SDY17_2020-06-27_14-13-26.BMP,0,0,0,0.4,0
720,Y511Y_HC_PL_MEAS_FIB_{MEASURE2}_P003_DX8DY11SDX8SDY17_2020-12-08_06-19-21.BMP,0,0,0,0.49,0
721,S701O_HC_PL_MEAS_FIB_{MEASURE2}_P005_DX7DY7SDX8SDY17_2020-09-28_04-10-28.BMP,0,0,1,0.88,0
722,9UHIS_HC_PL_MEAS_FIB_{MEASURE2}_P002_DX12DY6SDX8SDY17_2020-10-18_00-33-27.BMP,0,0,1,0.66,0
723,Y50RY_HC_PL_MEAS_FIB_{MEASURE2}_P006_DX9DY4SDX8SDY17_2020-08-16_12-21-50.BMP,0,0,0,0.78,0
724,Y50Z8_HC_PL_MEAS_FIB_{MEASURE2}_P004_DX10DY9SDX7SDY16_2020-12-15_08-18-10.BMP,0,0,0,0.74,0
725,9A0V4_HC_PL_MEAS_FIB_{MEASURE2}_P006_DX9DY4SDX8SDY17_2020-09-14_15-27-30.BMP,0,0,0,0.58,0
726,T10H4_HC_PL_MEAS_FIB_{MEASURE2}_P005_DX7DY7SDX8SDY17_2020-05-01_07-38-11.BMP,0,0,1,0.94,0
727,Y50XM_HC_PL_MEAS_FIB_{MEASURE2}_P005_DX7DY7SDX8SDY17_2020-06-04_22-42-27.BMP,0,0,0,0.46,0
728,S701O_HC_PL_MEAS_FIB_{MEASURE2}_P003_DX8DY11SDX8SDY17_2020-09-28_04-10-28.BMP,0,0,0,0.66,0
729,W30E2_HC_PL_MEAS_FIB_{MEASURE2}_P005_DX7DY7SDX8SDY17_2020-07-03_17-43-28.BMP,0,0,0,0.45,0
730,6U0OC_HC_PL_MEAS_FIB_{MEASURE2}_P006_DX9DY4SDX8SDY17_2020-09-13_12-07-37.BMP,0,0,0,0.68,0
731,5C16G_HC_PL_MEAS_FIB_{MEASURE2}_P005_DX7DY7SDX8SDY17_2020-01-23_05-09-44.BMP,0,0,0,0.48,0
732,9A0VU_HC_PL_MEAS_FIB_{MEASURE2}_P002_DX12DY6SDX8SDY17_2020-09-24_23-45-46.BMP,0,0,0,0.78,0
733,4P0RU_HC_PL_MEAS_FIB_{MEASURE2}_P003_DX12DY6SDX8SDY17_2020-11-06_13-11-27.BMP,0,0,1,0.92,0
734,7QI8Q_HC_PL_MEAS_FIB_{MEASURE2}_P004_DX10DY9SDX7SDY16_2020-11-05_00-45-05.BMP,0,0,0,0.67,0
735,7N0L6_HC_PL_MEAS_FIB_{MEASURE2}_P003_DX8DY11SDX8SDY17_2020-01-01_07-37-13.BMP,0,0,1,0.87,0
736,Y50YI_HC_PL_MEAS_FIB_{MEASURE2}_P006_DX9DY4SDX7SDY17_2020-07-13_20-40-35.BMP,0,0,1,0.55,0
737,4P0PO_HC_PL_MEAS_FIB_{MEASURE2}_P006_DX9DY4SDX8SDY17_2020-11-01_14-36-35.BMP,0,0,0,0.85,0
738,Y50ZO_HC_PL_MEAS_FIB_{MEASURE2}_P003_DX8DY11SDX8SDY17_2020-08-25_10-15-03.BMP,0,0,0,0.45,0
739,Y50XA_HC_PL_MEAS_FIB_{MEASURE2}_P003_DX8DY11SDX8SDY17_2020-06-30_21-11-29.BMP,0,0,0,0.61,0
740,Y50YM_HC_PL_MEAS_FIB_{MEASURE2}_P003_DX8DY11SDX8SDY17_2020-05-28_12-28-14.BMP,0,0,0,0.65,0
741,4P0PY_HC_PL_MEAS_FIB_{MEASURE2}_P006_DX9DY4SDX8SDY17_2020-11-01_05-36-25.BMP,0,0,1,0.72,0
742,9A0S8_HC_PL_MEAS_FIB_{MEASURE2}_P003_DX8DY11SDX8SDY17_2020-04-17_10-17-06.BMP,0,0,0,0.66,0
743,Y50T6_HC_PL_MEAS_FIB_{MEASURE2}_P001_DX9DY14SDX7SDY17_2020-07-07_04-00-06.BMP,0,0,0,0.65,0
744,N606A_HC_PL_MEAS_FIB_{MEASURE2}_P006_DX9DY4SDX8SDY16_2020-12-01_09-05-20.BMP,0,0,0,0.76,0
745,4P0RU_HC_PL_MEAS_FIB_{MEASURE2}_P003_DX8DY11SDX8SDY17_2020-11-06_09-57-12.BMP,0,0,0,0.9,0
746,Y50ZC_HC_PL_MEAS_FIB_{MEASURE2}_P001_DX9DY14SDX8SDY17_2020-07-19_11-15-47.BMP,0,0,0,0.41,0
747,Y50YC_HC_PL_MEAS_FIB_{MEASURE2}_P001_DX9DY14SDX8SDY17_2020-08-22_22-38-21.BMP,0,0,1,0.94,0
748,Y512A_HC_PL_MEAS_FIB_{MEASURE2}_P003_DX8DY11SDX8SDY17_2020-05-19_04-56-49.BMP,0,0,0,0.71,0
749,7N0N0_HC_PL_MEAS_FIB_{MEASURE2}_P001_DX9DY14SDX8SDY17_2020-05-07_21-54-15.BMP,0,0,0,0.77,0
750,Y5116_HC_PL_MEAS_FIB_{MEASURE2}_P004_DX10DY9SDX7SDY16_2020-10-13_04-11-50.BMP,0,0,0,0.75,0
751,6U0NO_HC_PL_MEAS_FIB_{MEASURE2}_P001_DX12DY6SDX8SDY17_2020-09-24_17-05-40.BMP,0,0,1,0.91,0
752,7N0MQ_HC_PL_MEAS_FIB_{MEASURE2}_P004_DX10DY9SDX7SDY16_2020-05-05_23-10-13.BMP,0,0,0,0.67,0
753,7QI8S_HC_PL_MEAS_FIB_{MEASURE2}_P001_DX9DY14SDX8SDY17_2020-11-04_18-08-24.BMP,0,0,1,0.45,0
754,5C16G_HC_PL_MEAS_FIB_{MEASURE2}_P001_DX9DY14SDX8SDY17_2020-01-23_05-09-44.BMP,0,0,0,0.51,0
755,Y511Q_HC_PL_MEAS_FIB_{MEASURE2}_P005_DX7DY7SDX8SDY17_2020-05-19_05-18-50.BMP,0,0,0,0.93,0
756,4P0RS_HC_PL_MEAS_FIB_{MEASURE2}_P005_DX7DY7SDX8SDY17_2020-10-21_18-49-09.BMP,0,0,0,0.46,0
757,7N0N2_HC_PL_MEAS_FIB_{MEASURE2}_P001_DX9DY14SDX8SDY17_2020-06-06_05-03-32.BMP,0,0,0,0.42,0
758,Y510I_HC_PL_MEAS_FIB_{MEASURE2}_P002_DX12DY6SDX8SDY17_2020-03-06_12-14-00.BMP,0,0,0,0.53,0
759,4P0P6_HC_PL_MEAS_FIB_{MEASURE2}_P005_DX7DY7SDX8SDY17_2020-09-19_19-34-01.BMP,0,0,0,0.68,0
760,S701O_HC_PL_MEAS_FIB_{MEASURE2}_P001_DX9DY14SDX8SDY17_2020-09-28_04-10-28.BMP,0,0,0,0.9,0
761,Y50ZE_HC_PL_MEAS_FIB_{MEASURE2}_P003_DX8DY11SDX8SDY17_2020-08-08_13-42-36.BMP,0,0,0,0.51,0
762,9A0TA_HC_PL_MEAS_FIB_{MEASURE2}_P004_DX10DY9SDX7SDY16_2020-03-13_23-21-50.BMP,0,0,1,0.48,0
763,T10GC_HC_PL_MEAS_FIB_{MEASURE2}_P001_DX9DY14SDX8SDY17_2020-06-10_05-22-17.BMP,0,0,0,0.8,0
764,9A0V2_HC_PL_MEAS_FIB_{MEASURE2}_P001_DX9DY14SDX8SDY17_2020-07-20_20-56-02.BMP,0,0,0,0.4,0
765,9A0V4_HC_PL_MEAS_FIB_{MEASURE2}_P005_DX7DY7SDX8SDY17_2020-09-14_15-27-30.BMP,0,0,0,0.41,0
766,4P0PU_HC_PL_MEAS_FIB_{MEASURE2}_P006_DX9DY4SDX8SDY17_2020-10-09_02-36-53.BMP,0,0,0,0.63,0
767,4P0RE_HC_PL_MEAS_FIB_{MEASURE2}_P005_DX7DY7SDX8SDY16_2020-11-24_07-58-07.BMP,0,0,1,0.76,0
768,Y50Z8_HC_PL_MEAS_FIB_{MEASURE2}_P006_DX9DY4SDX8SDY17_2020-12-15_08-18-10.BMP,0,0,0,0.79,0
769,Y5128_HC_PL_MEAS_FIB_{MEASURE2}_P006_DX9DY4SDX8SDY17_2020-05-08_10-03-21.BMP,0,0,0,0.53,0
770,9A0V0_HC_PL_MEAS_FIB_{MEASURE2}_P006_DX9DY4SDX8SDY17_2020-08-17_15-32-15.BMP,0,0,0,0.61,0
771,7N0MQ_HC_PL_MEAS_FIB_{MEASURE2}_P003_DX8DY11SDX8SDY17_2020-05-05_23-10-13.BMP,0,0,0,0.92,0
772,6U0NW_HC_PL_MEAS_FIB_{MEASURE2}_P004_DX10DY9SDX7SDY16_2020-09-11_12-23-35.BMP,0,0,1,0.67,0
773,Y50T0_HC_PL_MEAS_FIB_{MEASURE2}_P005_DX7DY7SDX8SDY17_2020-08-23_18-05-33.BMP,0,0,0,0.43,0
774,Y50ZC_HC_PL_MEAS_FIB_{MEASURE2}_P006_DX9DY4SDX8SDY17_2020-07-19_11-15-47.BMP,0,0,0,0.77,0
775,4P0Q0_HC_PL_MEAS_FIB_{MEASURE2}_P001_DX9DY14SDX8SDY17_2020-10-11_03-16-14.BMP,0,0,0,0.62,0
776,4P0SG_HC_PL_MEAS_FIB_{MEASURE2}_P006_DX9DY4SDX8SDY17_2020-09-15_03-04-47.BMP,0,0,0,0.43,0
777,9A0SC_HC_PL_MEAS_FIB_{MEASURE2}_P006_DX9DY4SDX8SDY17_2020-03-17_03-30-57.BMP,0,0,0,0.56,0
778,Y50XE_HC_PL_MEAS_FIB_{MEASURE2}_P001_DX9DY14SDX8SDY17_2020-06-27_14-13-26.BMP,0,0,1,0.88,0
779,7N0M6_HC_PL_MEAS_FIB_{MEASURE2}_P005_DX7DY7SDX8SDY16_2020-03-04_20-52-05.BMP,0,0,0,0.73,0
780,9A0SC_HC_PL_MEAS_FIB_{MEASURE2}_P005_DX7DY7SDX8SDY17_2020-03-17_03-30-57.BMP,0,0,0,0.68,0
781,Y50QY_HC_PL_MEAS_FIB_{MEASURE2}_P003_DX8DY11SDX8SDY17_2020-06-10_17-49-30.BMP,0,0,0,0.86,0
782,Y511I_HC_PL_MEAS_FIB_{MEASURE2}_P003_DX8DY11SDX8SDY17_2020-09-03_05-41-17.BMP,0,0,1,0.79,0
783,Y5112_HC_PL_MEAS_FIB_{MEASURE2}_P004_DX10DY9SDX7SDY15_2020-10-10_00-12-13.BMP,0,0,0,0.56,0
784,9A0V0_HC_PL_MEAS_FIB_{MEASURE2}_P004_DX10DY9SDX7SDY16_2020-08-17_15-32-15.BMP,0,0,1,0.42,0
785,Y510K_HC_PL_MEAS_FIB_{MEASURE2}_P002_DX12DY6SDX8SDY16_2020-10-17_22-27-31.BMP,0,0,0,0.71,0
786,7N0MQ_HC_PL_MEAS_FIB_{MEASURE2}_P003_DX8DY11SDX8SDY16_2020-05-06_07-20-54.BMP,0,0,0,0.43,0
787,6U0OG_HC_PL_MEAS_FIB_{MEASURE2}_P006_DX9DY4SDX8SDY17_2020-09-04_20-14-41.BMP,0,0,0,0.45,0
788,S700I_HC_PL_MEAS_FIB_{MEASURE2}_P002_DX12DY6SDX8SDY17_2020-05-08_03-28-05.BMP,0,0,1,0.5,0
789,6U0OO_HC_PL_MEAS_FIB_{MEASURE2}_P002_DX12DY6SDX8SDY17_2020-11-19_20-38-45.BMP,0,0,0,0.73,0
790,7QI8O_HC_PL_MEAS_FIB_{MEASURE2}_P002_DX12DY6SDX8SDY17_2020-10-14_14-13-23.BMP,0,0,0,0.46,0
791,4P0Q0_HC_PL_MEAS_FIB_{MEASURE2}_P006_DX9DY4SDX8SDY17_2020-10-11_04-10-48.BMP,0,0,0,0.81,0
792,Y510K_HC_PL_MEAS_FIB_{MEASURE2}_P005_DX7DY7SDX8SDY17_2020-10-17_20-55-41.BMP,0,0,0,0.94,0
793,S702Q_HC_PL_MEAS_FIB_{MEASURE2}_P002_DX12DY6SDX8SDY17_2020-09-13_13-14-21.BMP,0,0,0,0.53,0
794,4P0RM_HC_PL_MEAS_FIB_{MEASURE2}_P002_DX12DY6SDX8SDY16_2020-11-01_04-09-24.BMP,0,0,0,0.8,0
795,Y5118_HC_PL_MEAS_FIB_{MEASURE2}_P002_DX12DY6SDX8SDY16_2020-08-10_23-58-19.BMP,0,0,0,0.9,0
796,W30DW_HC_PL_MEAS_FIB_{MEASURE2}_P003_DX8DY11SDX8SDY17_2020-06-15_16-23-26.BMP,0,0,0,0.85,0
797,4P0PU_HC_PL_MEAS_FIB_{MEASURE2}_P001_DX9DY14SDX8SDY16_2020-10-09_04-12-29.BMP,0,0,0,0.47,0
798,Y510K_HC_PL_MEAS_FIB_{MEASURE2}_P002_DX12DY6SDX8SDY17_2020-10-17_20-55-41.BMP,0,0,1,0.69,0
799,S700I_HC_PL_MEAS_FIB_{MEASURE2}_P005_DX7DY7SDX8SDY17_2020-05-08_03-28-05.BMP,0,0,0,0.94,0
800,S700Q_HC_PL_MEAS_FIB_{MEASURE2}_P004_DX10DY9SDX7SDY16_2020-06-04_07-34-21.BMP,0,0,0,0.59,0
801,9A0S2_HC_PL_MEAS_FIB_{MEASURE2}_P002_DX12DY6SDX8SDY17_2020-01-31_15-54-36.BMP,0,0,0,0.92,0
802,Y5110_HC_PL_MEAS_FIB_{MEASURE2}_P004_DX10DY9SDX7SDY16_2020-08-14_03-41-31.BMP,0,0,0,0.94,0
803,T10GC_HC_PL_MEAS_FIB_{MEASURE2}_P003_DX8DY11SDX8SDY17_2020-06-10_05-22-17.BMP,0,0,1,0.64,0
804,7N0LG_HC_PL_MEAS_FIB_{MEASURE2}_P001_DX9DY14SDX8SDY17_2020-02-06_01-04-17.BMP,0,0,1,0.46,0
805,W30E6_HC_PL_MEAS_FIB_{MEASURE2}_P003_DX8DY11SDX8SDY17_2020-06-04_22-44-56.BMP,0,0,0,0.66,0
806,Y511I_HC_PL_MEAS_FIB_{MEASURE2}_P005_DX7DY7SDX8SDY16_2020-09-03_08-01-40.BMP,0,0,0,0.75,0
807,S7012_HC_PL_MEAS_FIB_{MEASURE2}_P004_DX10DY9SDX5SDY16_2020-09-01_20-38-48.BMP,0,0,0,0.68,0
808,4P0Q0_HC_PL_MEAS_FIB_{MEASURE2}_P002_DX12DY6SDX8SDY17_2020-10-11_04-10-48.BMP,0,0,0,0.77,0
809,4P0PY_HC_PL_MEAS_FIB_{MEASURE2}_P002_DX12DY6SDX8SDY17_2020-11-01_05-36-25.BMP,0,0,0,0.84,0
810,7N0KS_HC_PL_MEAS_FIB_{MEASURE2}_P004_DX10DY9SDX7SDY16_2020-02-04_19-25-06.BMP,0,0,0,0.44,0
811,Y50WY_HC_PL_MEAS_FIB_{MEASURE2}_P005_DX7DY7SDX8SDY17_2020-06-04_05-57-27.BMP,0,0,0,0.94,0
812,9UHJ0_HC_PL_MEAS_FIB_{MEASURE2}_P005_DX7DY7SDX8SDY17_2020-11-02_16-26-26.BMP,0,0,0,0.65,0
813,Y512A_HC_PL_MEAS_FIB_{MEASURE2}_P002_DX12DY6SDX8SDY17_2020-05-19_04-56-49.BMP,0,0,0,0.78,0
814,9A0SE_HC_PL_MEAS_FIB_{MEASURE2}_P002_DX12DY6SDX8SDY17_2020-04-22_15-45-32.BMP,0,0,0,0.7,0
815,Y5124_HC_PL_MEAS_FIB_{MEASURE2}_P004_DX10DY9SDX7SDY15_2020-12-05_15-02-20.BMP,0,0,0,0.44,0
816,Y50ZE_HC_PL_MEAS_FIB_{MEASURE2}_P003_DX8DY11SDX8SDY17_2020-08-08_19-47-50.BMP,0,0,0,0.44,0
817,4P0PK_HC_PL_MEAS_FIB_{MEASURE2}_P004_DX10DY9SDX7SDY16_2020-10-11_02-30-09.BMP,0,0,0,0.75,0
818,T10H0_HC_PL_MEAS_FIB_{MEASURE2}_P005_DX12DY6SDX8SDY15_2020-06-18_17-28-42.BMP,0,0,0,0.84,0
819,T10HM_HC_PL_MEAS_FIB_{MEASURE2}_P001_DX9DY14SDX8SDY17_2020-05-28_20-11-15.BMP,0,0,0,0.89,0
820,9UHIU_HC_PL_MEAS_FIB_{MEASURE2}_P004_DX10DY9SDX7SDY16_2020-10-21_23-38-33.BMP,0,0,0,0.72,0
821,9A0SO_HC_PL_MEAS_FIB_{MEASURE2}_P006_DX9DY4SDX8SDY17_2020-02-18_15-52-18.BMP,0,0,0,0.88,0
822,G1070_HC_PL_MEAS_FIB_{MEASURE2}_P005_DX7DY7SDX8SDY16_2020-01-28_11-30-05.BMP,0,0,0,0.89,0
823,Y50ZG_HC_PL_MEAS_FIB_{MEASURE2}_P005_DX7DY7SDX8SDY17_2020-06-18_22-30-44.BMP,0,0,0,0.6,0
824,Y5124_HC_PL_MEAS_FIB_{MEASURE2}_P005_DX7DY7SDX8SDY16_2020-12-05_15-02-20.BMP,0,0,1,0.46,0
825,2CICW_HC_PL_MEAS_FIB_{MEASURE2}_P005_DX7DY7SDX8SDY17_2020-09-20_07-52-47.BMP,0,0,0,0.75,0
826,9A0V6_HC_PL_MEAS_FIB_{MEASURE2}_P002_DX12DY6SDX8SDY17_2020-09-11_14-51-46.BMP,0,0,0,0.81,0
827,4P0QU_HC_PL_MEAS_FIB_{MEASURE2}_P005_DX7DY7SDX8SDY16_2020-10-29_10-58-49.BMP,0,0,0,0.56,0
828,Y511G_HC_PL_MEAS_FIB_{MEASURE2}_P004_DX10DY9SDX7SDY16_2020-09-26_21-24-48.BMP,0,0,0,0.92,0
829,4P0QQ_HC_PL_MEAS_FIB_{MEASURE2}_P006_DX9DY4SDX8SDY17_2020-10-22_15-38-00.BMP,0,0,0,0.61,0
830,4P0PU_HC_PL_MEAS_FIB_{MEASURE2}_P003_DX8DY11SDX8SDY16_2020-10-09_04-12-29.BMP,0,0,1,0.74,0
831,Y50ZS_HC_PL_MEAS_FIB_{MEASURE2}_P006_DX9DY4SDX8SDY17_2020-08-06_10-02-10.BMP,0,0,0,0.41,0
832,Y510S_HC_PL_MEAS_FIB_{MEASURE2}_P004_DX10DY9SDX7SDY16_2020-07-13_15-47-08.BMP,0,0,0,0.45,0
833,Y50Q2_HC_PL_MEAS_FIB_{MEASURE2}_P001_DX9DY14SDX8SDY17_2020-07-02_09-29-40.BMP,0,0,1,0.69,0
834,4P0SG_HC_PL_MEAS_FIB_{MEASURE2}_P001_DX9DY14SDX8SDY17_2020-09-15_03-04-47.BMP,0,0,0,0.65,0
835,4P0RE_HC_PL_MEAS_FIB_{MEASURE2}_P003_DX8DY11SDX8SDY16_2020-11-24_07-58-07.BMP,0,0,1,0.54,0
836,Y50XA_HC_PL_MEAS_FIB_{MEASURE2}_P005_DX7DY7SDX8SDY17_2020-06-30_21-11-29.BMP,0,0,0,0.66,0
837,Y50QY_HC_PL_MEAS_FIB_{MEASURE2}_P005_DX7DY7SDX8SDY17_2020-06-10_17-49-30.BMP,0,0,1,0.44,0
838,7N0K6_HC_PL_MEAS_FIB_{MEASURE2}_P004_DX10DY9SDX7SDY16_2019-12-31_21-27-43.BMP,0,0,0,0.42,0
839,Y50ZO_HC_PL_MEAS_FIB_{MEASURE2}_P005_DX7DY7SDX8SDY16_2020-08-25_11-00-14.BMP,0,0,1,0.81,0
840,S702W_HC_PL_MEAS_FIB_{MEASURE2}_P002_DX12DY6SDX8SDY17_2020-09-10_05-12-44.BMP,0,0,0,0.4,0
841,Y50RE_HC_PL_MEAS_FIB_{MEASURE2}_P003_DX8DY11SDX8SDY17_2020-07-22_00-51-51.BMP,0,0,0,0.49,0
842,T10H4_HC_PL_MEAS_FIB_{MEASURE2}_P001_DX9DY14SDX8SDY17_2020-05-01_07-38-11.BMP,0,0,1,0.75,0
843,7N0N8_HC_PL_MEAS_FIB_{MEASURE2}_P005_DX7DY7SDX8SDY17_2020-05-28_22-25-29.BMP,0,0,1,0.87,0
844,Y50ZS_HC_PL_MEAS_FIB_{MEASURE2}_P002_DX12DY6SDX8SDY17_2020-08-06_10-02-10.BMP,0,0,1,0.71,0
845,Y50SM_HC_PL_MEAS_FIB_{MEASURE2}_P003_DX8DY11SDX8SDY17_2020-06-26_03-20-12.BMP,0,0,0,0.85,0
846,Y50XM_HC_PL_MEAS_FIB_{MEASURE2}_P002_DX12DY6SDX8SDY17_2020-06-04_21-18-05.BMP,0,0,0,0.9,0
847,Y50RY_HC_PL_MEAS_FIB_{MEASURE2}_P002_DX12DY6SDX8SDY17_2020-08-16_12-21-50.BMP,0,0,0,0.59,0
848,S700U_HC_PL_MEAS_FIB_{MEASURE2}_P001_DX9DY14SDX8SDY17_2020-09-26_20-36-11.BMP,0,0,0,0.81,0
849,Y50T6_HC_PL_MEAS_FIB_{MEASURE2}_P003_DX8DY11SDX8SDY17_2020-07-07_01-01-45.BMP,0,0,1,0.49,0
850,9A0S2_HC_PL_MEAS_FIB_{MEASURE2}_P001_DX9DY14SDX8SDY17_2020-01-31_15-54-36.BMP,0,0,0,0.76,0
851,7N0LE_HC_PL_MEAS_FIB_{MEASURE2}_P004_DX10DY9SDX7SDY15_2020-02-06_05-18-06.BMP,0,0,0,0.85,0
852,Y50RY_HC_PL_MEAS_FIB_{MEASURE2}_P004_DX10DY9SDX7SDY16_2020-08-16_12-21-50.BMP,0,0,0,0.86,0
853,Y50ZE_HC_PL_MEAS_FIB_{MEASURE2}_P001_DX9DY14SDX8SDY17_2020-08-08_19-47-50.BMP,0,0,1,0.82,0
854,Y5124_HC_PL_MEAS_FIB_{MEASURE2}_P006_DX9DY4SDX8SDY17_2020-12-03_00-11-54.BMP,0,0,0,0.71,0
855,Y511G_HC_PL_MEAS_FIB_{MEASURE2}_P002_DX12DY6SDX8SDY16_2020-09-27_02-34-41.BMP,0,0,0,0.61,0
856,7N0KS_HC_PL_MEAS_FIB_{MEASURE2}_P002_DX12DY6SDX8SDY17_2020-02-04_19-25-06.BMP,0,0,0,0.67,0
857,4P0QU_HC_PL_MEAS_FIB_{MEASURE2}_P001_DX12DY6SDX8SDY16_2020-10-29_10-58-49.BMP,0,0,1,0.73,0
858,Y50XM_HC_PL_MEAS_FIB_{MEASURE2}_P003_DX8DY11SDX8SDY17_2020-06-04_21-18-05.BMP,0,0,0,0.89,0
859,S700Q_HC_PL_MEAS_FIB_{MEASURE2}_P005_DX7DY7SDX8SDY17_2020-06-04_05-54-38.BMP,0,0,0,0.78,0
860,Y50Y0_HC_PL_MEAS_FIB_{MEASURE2}_P004_DX10DY9SDX7SDY16_2020-08-16_11-40-42.BMP,0,0,0,0.67,0
861,7N0JI_HC_PL_MEAS_FIB_{MEASURE2}_P006_DX9DY4SDX8SDY17_2020-02-04_19-19-27.BMP,0,0,0,0.91,0
862,Y50XA_HC_PL_MEAS_FIB_{MEASURE2}_P002_DX12DY6SDX8SDY17_2020-06-30_21-11-29.BMP,0,0,0,0.48,0
863,7QI8S_HC_PL_MEAS_FIB_{MEASURE2}_P003_DX8DY11SDX8SDY17_2020-11-04_18-08-24.BMP,0,0,0,0.56,0
864,Y50ZM_HC_PL_MEAS_FIB_{MEASURE2}_P003_DX8DY11SDX8SDY17_2020-05-31_12-49-44.BMP,0,0,0,0.42,0
865,5C16G_HC_PL_MEAS_FIB_{MEASURE2}_P002_DX12DY6SDX8SDY17_2020-01-23_05-09-44.BMP,0,0,0,0.61,0
866,Y511I_HC_PL_MEAS_FIB_{MEASURE2}_P001_DX9DY14SDX8SDY17_2020-09-03_05-41-17.BMP,0,0,0,0.48,0
867,7QI8U_HC_PL_MEAS_FIB_{MEASURE2}_P005_DX7DY7SDX8SDY17_2020-11-06_17-51-10.BMP,0,0,0,0.6,0
868,T10GE_HC_PL_MEAS_FIB_{MEASURE2}_P004_DX10DY9SDX7SDY16_2020-04-29_11-45-49.BMP,0,0,0,0.73,0
869,9A0SE_HC_PL_MEAS_FIB_{MEASURE2}_P003_DX8DY11SDX8SDY17_2020-04-22_15-45-32.BMP,0,0,0,0.56,0
870,7N0MQ_HC_PL_MEAS_FIB_{MEASURE2}_P005_DX7DY7SDX8SDY17_2020-05-05_23-10-13.BMP,0,0,0,0.75,0
871,2CICW_HC_PL_MEAS_FIB_{MEASURE2}_P006_DX9DY4SDX8SDY17_2020-09-20_07-52-47.BMP,0,0,1,0.75,0
872,Y50T6_HC_PL_MEAS_FIB_{MEASURE2}_P004_DX10DY9SDX7SDY16_2020-07-07_01-01-45.BMP,0,0,0,0.77,0
873,Y50ZQ_HC_PL_MEAS_FIB_{MEASURE2}_P002_DX12DY6SDX8SDY17_2020-07-29_00-04-09.BMP,0,0,0,0.72,0
874,7N0MQ_HC_PL_MEAS_FIB_{MEASURE2}_P001_DX9DY14SDX8SDY17_2020-05-05_23-10-13.BMP,0,0,0,0.84,0
875,Y50Q2_HC_PL_MEAS_FIB_{MEASURE2}_P002_DX12DY6SDX8SDY17_2020-07-02_09-29-40.BMP,0,0,0,0.89,0
876,Y510S_HC_PL_MEAS_FIB_{MEASURE2}_P003_DX8DY11SDX7SDY17_2020-07-13_21-12-50.BMP,0,0,0,0.73,0
877,9A0VU_HC_PL_MEAS_FIB_{MEASURE2}_P005_DX7DY7SDX8SDY17_2020-09-25_14-19-57.BMP,0,0,0,0.69,0
878,7N0MQ_HC_PL_MEAS_FIB_{MEASURE2}_P006_DX9DY4SDX8SDY16_2020-05-06_07-20-54.BMP,0,0,0,0.61,0
879,Y5116_HC_PL_MEAS_FIB_{MEASURE2}_P005_DX7DY7SDX8SDY17_2020-10-13_04-11-50.BMP,0,0,0,0.69,0
880,Y50Q2_HC_PL_MEAS_FIB_{MEASURE2}_P005_DX7DY7SDX8SDY15_2020-07-02_14-26-01.BMP,0,0,0,0.92,0
881,Y50Q2_HC_PL_MEAS_FIB_{MEASURE2}_P002_DX12DY6SDX8SDY15_2020-07-02_14-26-01.BMP,0,0,0,0.81,0
882,T10GA_HC_PL_MEAS_FIB_{MEASURE2}_P002_DX12DY6SDX8SDY17_2020-04-16_07-46-52.BMP,0,0,0,0.54,0
883,Y50QY_HC_PL_MEAS_FIB_{MEASURE2}_P002_DX12DY6SDX8SDY17_2020-06-10_17-49-30.BMP,0,0,0,0.78,0
884,4P0RO_HC_PL_MEAS_FIB_{MEASURE2}_P005_DX7DY7SDX8SDY17_2020-12-06_10-40-26.BMP,0,0,1,0.83,0
885,7QI8W_HC_PL_MEAS_FIB_{MEASURE2}_P006_DX9DY4SDX8SDY17_2020-12-01_01-36-18.BMP,0,0,0,0.71,0
886,S702W_HC_PL_MEAS_FIB_{MEASURE2}_P005_DX7DY7SDX8SDY17_2020-09-10_05-12-44.BMP,0,0,0,0.93,0
887,T10GC_HC_PL_MEAS_FIB_{MEASURE2}_P006_DX9DY4SDX8SDY17_2020-06-10_05-22-17.BMP,0,0,1,0.57,0
888,7EIGQ_HC_PL_MEAS_FIB_{MEASURE2}_P006_DX9DY4SDX8SDY17_2020-11-10_13-52-40.BMP,0,0,0,0.5,0
889,Y50Y0_HC_PL_MEAS_FIB_{MEASURE2}_P001_DX9DY14SDX8SDY17_2020-08-16_11-40-42.BMP,0,0,0,0.5,0
890,Y50Q4_HC_PL_MEAS_FIB_{MEASURE2}_P006_DX9DY4SDX8SDY17_2020-06-01_21-06-26.BMP,0,0,1,0.64,0
891,T10HQ_HC_PL_MEAS_FIB_{MEASURE2}_P003_DX8DY11SDX8SDY17_2020-05-28_20-11-59.BMP,0,0,0,0.66,0
892,Y511S_HC_PL_MEAS_FIB_{MEASURE2}_P006_DX9DY4SDX8SDY17_2020-05-09_23-38-57.BMP,0,0,0,0.81,0
893,N606G_HC_PL_MEAS_FIB_{MEASURE2}_P002_DX12DY6SDX8SDY17_2020-10-15_12-33-35.BMP,0,0,1,0.46,0
894,Y5128_HC_PL_MEAS_FIB_{MEASURE2}_P003_DX8DY11SDX8SDY17_2020-05-08_10-03-21.BMP,0,0,0,0.88,0
895,Y511A_HC_PL_MEAS_FIB_{MEASURE2}_P004_DX10DY9SDX7SDY15_2020-08-27_01-54-47.BMP,0,0,0,0.67,0
896,7EIGQ_HC_PL_MEAS_FIB_{MEASURE2}_P003_DX8DY11SDX8SDY17_2020-11-10_13-52-40.BMP,0,0,0,0.91,0
897,4P0R0_HC_PL_MEAS_FIB_{MEASURE2}_P003_DX8DY11SDX8SDY17_2020-11-18_07-32-13.BMP,0,0,0,0.7,0
898,4P0RM_HC_PL_MEAS_FIB_{MEASURE2}_P005_DX7DY7SDX8SDY16_2020-11-01_04-09-24.BMP,0,0,1,0.91,0
899,9UHJ2_HC_PL_MEAS_FIB_{MEASURE2}_P002_DX12DY6SDX8SDY17_2020-11-29_13-51-26.BMP,0,0,0,0.74,0
900,Y50ZE_HC_PL_MEAS_FIB_{MEASURE2}_P003_DX8DY11SDX8SDY17_2020-08-08_14-46-29.BMP,0,0,0,0.76,0
901,Y511A_HC_PL_MEAS_FIB_{MEASURE2}_P006_DX9DY4SDX8SDY16_2020-08-27_01-54-47.BMP,0,0,0,0.86,0
902,Y512U_HC_PL_MEAS_FIB_{MEASURE2}_P001_DX9DY14SDX8SDY17_2020-11-18_15-40-06.BMP,0,0,0,0.53,0
903,4P0PU_HC_PL_MEAS_FIB_{MEASURE2}_P002_DX12DY6SDX8SDY16_2020-10-09_04-12-29.BMP,0,0,1,0.44,0
904,7N0KQ_HC_PL_MEAS_FIB_{MEASURE2}_P002_DX12DY6SDX8SDY17_2020-01-31_17-48-19.BMP,0,0,1,0.61,0
905,7N0LG_HC_PL_MEAS_FIB_{MEASURE2}_P003_DX8DY11SDX8SDY17_2020-02-06_01-04-17.BMP,0,0,0,0.61,0
906,Y50T0_HC_PL_MEAS_FIB_{MEASURE2}_P002_DX12DY6SDX8SDY17_2020-08-23_18-05-33.BMP,0,0,1,0.43,0
907,9A0V0_HC_PL_MEAS_FIB_{MEASURE2}_P002_DX12DY6SDX8SDY17_2020-08-17_15-32-15.BMP,0,0,0,0.89,0
908,4P0RK_HC_PL_MEAS_FIB_{MEASURE2}_P006_DX9DY4SDX8SDY17_2020-10-11_04-31-37.BMP,0,0,0,0.63,0
909,Y5112_HC_PL_MEAS_FIB_{MEASURE2}_P004_DX10DY9SDX7SDY16_2020-10-09_22-54-39.BMP,0,0,0,0.68,0
910,7QI8G_HC_PL_MEAS_FIB_{MEASURE2}_P002_DX12DY6SDX8SDY17_2020-08-28_19-57-03.BMP,0,0,0,0.71,0
911,Y511C_HC_PL_MEAS_FIB_{MEASURE2}_P004_DX8DY11SDX8SDY15_2020-10-30_07-18-29.BMP,0,0,0,0.88,0
912,7N0JI_HC_PL_MEAS_FIB_{MEASURE2}_P002_DX12DY6SDX8SDY17_2020-02-04_19-19-27.BMP,0,0,1,0.67,0
913,Y5118_HC_PL_MEAS_FIB_{MEASURE2}_P004_DX10DY9SDX7SDY15_2020-08-10_23-58-19.BMP,0,0,0,0.65,0
914,Y511Q_HC_PL_MEAS_FIB_{MEASURE2}_P002_DX12DY6SDX8SDY17_2020-05-19_05-18-50.BMP,0,0,0,0.5,0
915,T10GA_HC_PL_MEAS_FIB_{MEASURE2}_P005_DX7DY7SDX8SDY17_2020-04-16_07-46-52.BMP,0,0,0,0.7,0
916,9A0TC_HC_PL_MEAS_FIB_{MEASURE2}_P005_DX7DY7SDX8SDY17_2020-03-13_05-32-30.BMP,0,0,0,0.67,0
917,Y50YS_HC_PL_MEAS_FIB_{MEASURE2}_P001_DX9DY14SDX8SDY16_2020-06-24_20-48-33.BMP,0,0,0,0.59,0
918,6U0NU_HC_PL_MEAS_FIB_{MEASURE2}_P006_DX9DY4SDX8SDY17_2020-09-05_21-26-43.BMP,0,0,0,0.57,0
919,7QI8S_HC_PL_MEAS_FIB_{MEASURE2}_P004_DX10DY9SDX7SDY16_2020-11-04_18-08-24.BMP,0,0,0,0.72,0
920,9UHJ2_HC_PL_MEAS_FIB_{MEASURE2}_P005_DX7DY7SDX8SDY17_2020-11-29_13-51-26.BMP,0,0,0,0.8,0
921,Y511S_HC_PL_MEAS_FIB_{MEASURE2}_P005_DX7DY7SDX8SDY17_2020-05-09_23-38-57.BMP,0,0,0,0.85,0
922,Y510K_HC_PL_MEAS_FIB_{MEASURE2}_P004_DX10DY9SDX7SDY16_2020-10-17_20-55-41.BMP,0,0,1,0.93,0
923,Y5128_HC_PL_MEAS_FIB_{MEASURE2}_P002_DX12DY6SDX8SDY17_2020-05-08_10-03-21.BMP,0,0,1,0.62,0
924,9A0TE_HC_PL_MEAS_FIB_{MEASURE2}_P003_DX8DY11SDX8SDY17_2020-03-13_11-21-53.BMP,0,0,1,0.54,0
925,Y50YS_HC_PL_MEAS_FIB_{MEASURE2}_P004_DX10DY9SDX7SDY16_2020-06-24_20-05-11.BMP,0,0,0,0.8,0
926,T10H2_HC_PL_MEAS_FIB_{MEASURE2}_P005_DX7DY7SDX8SDY17_2020-04-28_03-34-16.BMP,0,0,0,0.74,0
927,Y50XS_HC_PL_MEAS_FIB_{MEASURE2}_P004_DX10DY9SDX7SDY16_2020-06-05_09-30-58.BMP,0,0,0,0.76,0
928,Y50ZO_HC_PL_MEAS_FIB_{MEASURE2}_P005_DX7DY7SDX8SDY17_2020-08-25_10-15-03.BMP,0,0,1,0.41,0
929,Y510S_HC_PL_MEAS_FIB_{MEASURE2}_P003_DX8DY11SDX8SDY17_2020-07-13_15-47-08.BMP,0,0,1,0.4,0
930,5D0I6_HC_PL_MEAS_FIB_{MEASURE2}_P006_DX9DY4SDX8SDY17_2019-12-29_01-50-21.BMP,0,0,1,0.49,0
931,4P0RK_HC_PL_MEAS_FIB_{MEASURE2}_P004_DX10DY9SDX7SDY16_2020-10-11_03-41-57.BMP,0,0,0,0.57,0
932,9A0VU_HC_PL_MEAS_FIB_{MEASURE2}_P002_DX12DY6SDX8SDY17_2020-09-25_14-19-57.BMP,0,0,1,0.56,0
933,9A0S2_HC_PL_MEAS_FIB_{MEASURE2}_P003_DX8DY11SDX8SDY17_2020-01-31_15-54-36.BMP,0,0,0,0.77,0
934,4P0RU_HC_PL_MEAS_FIB_{MEASURE2}_P006_DX9DY4SDX8SDY17_2020-11-06_13-11-27.BMP,0,0,0,0.79,0
935,7N0L2_HC_PL_MEAS_FIB_{MEASURE2}_P001_DX9DY14SDX8SDY17_2020-03-17_19-26-45.BMP,0,0,1,0.49,0
936,S7012_HC_PL_MEAS_FIB_{MEASURE2}_P006_DX9DY4SDX8SDY16_2020-09-01_07-56-15.BMP,0,0,0,0.88,0
937,Y50X2_HC_PL_MEAS_FIB_{MEASURE2}_P004_DX10DY9SDX7SDY16_2020-06-04_05-58-57.BMP,0,0,0,0.5,0
938,1W19Y_HC_PL_MEAS_FIB_{MEASURE2}_P003_DX8DY11SDX8SDY17_2020-02-28_09-05-59.BMP,0,0,1,0.66,0
939,T10GU_HC_PL_MEAS_FIB_{MEASURE2}_P005_DX7DY7SDX8SDY17_2020-07-12_09-00-28.BMP,0,0,0,0.44,0
940,7QI8Y_HC_PL_MEAS_FIB_{MEASURE2}_P003_DX8DY11SDX8SDY17_2020-12-08_12-31-14.BMP,0,0,1,0.76,0
941,7QI8Q_HC_PL_MEAS_FIB_{MEASURE2}_P006_DX9DY4SDX8SDY17_2020-11-05_00-45-05.BMP,0,0,0,0.84,0
942,Y5112_HC_PL_MEAS_FIB_{MEASURE2}_P001_DX9DY14SDX8SDY16_2020-10-10_00-12-13.BMP,0,0,0,0.7,0
943,9A0V4_HC_PL_MEAS_FIB_{MEASURE2}_P002_DX12DY6SDX8SDY17_2020-09-14_15-27-30.BMP,0,0,0,0.56,0
944,Y50Z0_HC_PL_MEAS_FIB_{MEASURE2}_P002_DX12DY6SDX8SDY17_2020-06-10_00-19-15.BMP,0,0,1,0.71,0
945,7EIGM_HC_PL_MEAS_FIB_{MEASURE2}_P003_DX8DY11SDX8SDY17_2020-10-06_14-11-39.BMP,0,0,0,0.73,0
946,7N0N4_HC_PL_MEAS_FIB_{MEASURE2}_P001_DX9DY14SDX8SDY17_2020-06-25_07-13-56.BMP,0,0,1,0.63,0
947,7QI8K_HC_PL_MEAS_FIB_{MEASURE2}_P003_DX8DY11SDX8SDY17_2020-09-13_17-51-27.BMP,0,0,0,0.87,0
948,S702W_HC_PL_MEAS_FIB_{MEASURE2}_P003_DX8DY11SDX8SDY17_2020-09-10_05-12-44.BMP,0,0,0,0.48,0
949,4P0R2_HC_PL_MEAS_FIB_{MEASURE2}_P006_DX9DY4SDX8SDY17_2020-10-21_18-49-05.BMP,0,0,0,0.86,0
950,9UHIW_HC_PL_MEAS_FIB_{MEASURE2}_P001_DX9DY14SDX8SDY17_2020-10-30_20-48-36.BMP,0,0,0,0.94,0
951,Y510O_HC_PL_MEAS_FIB_{MEASURE2}_P003_DX8DY11SDX8SDY17_2020-06-10_05-45-39.BMP,0,0,0,0.44,0
952,S7016_HC_PL_MEAS_FIB_{MEASURE2}_P003_DX8DY11SDX8SDY17_2020-09-26_17-16-30.BMP,0,0,1,0.81,0
953,4P0PO_HC_PL_MEAS_FIB_{MEASURE2}_P003_DX8DY11SDX8SDY17_2020-11-01_14-36-35.BMP,0,0,0,0.87,0
954,Y512U_HC_PL_MEAS_FIB_{MEASURE2}_P006_DX9DY4SDX8SDY17_2020-11-18_15-40-06.BMP,0,0,0,0.5,0
955,4P0PO_HC_PL_MEAS_FIB_{MEASURE2}_P005_DX7DY7SDX8SDY17_2020-11-01_14-36-35.BMP,0,0,0,0.73,0
956,4P0RU_HC_PL_MEAS_FIB_{MEASURE2}_P002_DX12DY6SDX8SDY17_2020-11-06_09-57-12.BMP,0,0,0,0.56,0
957,W30E4_HC_PL_MEAS_FIB_{MEASURE2}_P003_DX8DY11SDX8SDY17_2020-07-14_23-26-47.BMP,0,0,0,0.74,0
958,Y50RE_HC_PL_MEAS_FIB_{MEASURE2}_P005_DX7DY7SDX8SDY17_2020-07-22_00-51-51.BMP,0,0,1,0.61,0
959,4P0RM_HC_PL_MEAS_FIB_{MEASURE2}_P006_DX9DY4SDX8SDY16_2020-11-01_04-09-24.BMP,0,0,0,0.7,0
960,Y50YI_HC_PL_MEAS_FIB_{MEASURE2}_P002_DX12DY6SDX7SDY17_2020-07-13_20-40-35.BMP,0,0,0,0.42,0
961,Y50ZS_HC_PL_MEAS_FIB_{MEASURE2}_P005_DX7DY7SDX8SDY17_2020-08-06_10-02-10.BMP,0,0,1,0.49,0
962,7EIGM_HC_PL_MEAS_FIB_{MEASURE2}_P006_DX9DY4SDX8SDY17_2020-10-06_14-11-39.BMP,0,0,0,0.92,0
963,4P0P6_HC_PL_MEAS_FIB_{MEASURE2}_P006_DX9DY4SDX8SDY17_2020-09-19_19-34-01.BMP,0,0,0,0.93,0
964,2CICW_HC_PL_MEAS_FIB_{MEASURE2}_P002_DX12DY6SDX8SDY17_2020-09-20_07-52-47.BMP,0,0,0,0.62,0
965,9A0SG_HC_PL_MEAS_FIB_{MEASURE2}_P006_DX9DY4SDX8SDY17_2020-04-15_01-42-25.BMP,0,0,1,0.64,0
966,6U0NO_HC_PL_MEAS_FIB_{MEASURE2}_P002_DX10DY9SDX7SDY16_2020-09-24_17-05-40.BMP,0,0,0,0.63,0
967,9A0V0_HC_PL_MEAS_FIB_{MEASURE2}_P003_DX8DY11SDX8SDY17_2020-08-17_15-32-15.BMP,0,0,0,0.67,0
968,Y5124_HC_PL_MEAS_FIB_{MEASURE2}_P004_DX10DY9SDX7SDY16_2020-12-03_00-11-54.BMP,0,0,0,0.61,0
969,7N0K6_HC_PL_MEAS_FIB_{MEASURE2}_P002_DX12DY6SDX8SDY17_2019-12-31_21-27-43.BMP,0,0,0,0.46,0
970,7QI8W_HC_PL_MEAS_FIB_{MEASURE2}_P002_DX12DY6SDX8SDY17_2020-12-01_01-36-18.BMP,0,0,1,0.53,0
971,7N0KQ_HC_PL_MEAS_FIB_{MEASURE2}_P006_DX9DY4SDX8SDY17_2020-01-31_17-48-19.BMP,0,0,0,0.81,0
972,T10GA_HC_PL_MEAS_FIB_{MEASURE2}_P004_DX10DY9SDX7SDY16_2020-04-16_07-46-52.BMP,0,0,0,0.85,0
973,Y50RE_HC_PL_MEAS_FIB_{MEASURE2}_P001_DX9DY14SDX8SDY17_2020-07-22_00-51-51.BMP,0,0,0,0.94,0
974,Y5112_HC_PL_MEAS_FIB_{MEASURE2}_P006_DX9DY4SDX8SDY16_2020-10-10_00-12-13.BMP,0,0,0,0.71,0
975,Y50XQ_HC_PL_MEAS_FIB_{MEASURE2}_P005_DX7DY7SDX8SDY17_2020-06-01_19-30-14.BMP,0,0,1,0.58,0
976,7QI8S_HC_PL_MEAS_FIB_{MEASURE2}_P006_DX9DY4SDX8SDY17_2020-11-04_18-08-24.BMP,0,0,1,0.55,0
977,7EIGM_HC_PL_MEAS_FIB_{MEASURE2}_P002_DX12DY6SDX8SDY17_2020-10-06_14-11-39.BMP,0,0,0,0.84,0
978,7QI8Y_HC_PL_MEAS_FIB_{MEASURE2}_P006_DX9DY4SDX8SDY17_2020-12-08_12-31-14.BMP,0,0,0,0.56,0
979,Y50YC_HC_PL_MEAS_FIB_{MEASURE2}_P003_DX8DY11SDX8SDY17_2020-08-22_22-38-21.BMP,0,0,0,0.92,0
980,Y50XS_HC_PL_MEAS_FIB_{MEASURE2}_P003_DX8DY11SDX8SDY17_2020-06-05_09-30-58.BMP,0,0,0,0.69,0
981,7N0MQ_HC_PL_MEAS_FIB_{MEASURE2}_P006_DX9DY4SDX8SDY17_2020-05-05_23-10-13.BMP,0,0,0,0.56,0
982,4P0R2_HC_PL_MEAS_FIB_{MEASURE2}_P002_DX12DY6SDX8SDY17_2020-10-21_18-49-05.BMP,0,0,0,0.69,0
983,9A0VU_HC_PL_MEAS_FIB_{MEASURE2}_P004_DX10DY9SDX7SDY16_2020-09-25_14-19-57.BMP,0,0,0,0.91,0
984,9A0TA_HC_PL_MEAS_FIB_{MEASURE2}_P002_DX12DY6SDX8SDY17_2020-03-13_23-21-50.BMP,0,0,1,0.91,0
985,Y50RY_HC_PL_MEAS_FIB_{MEASURE2}_P003_DX8DY11SDX8SDY17_2020-08-16_12-21-50.BMP,0,0,1,0.72,0
986,G1070_HC_PL_MEAS_FIB_{MEASURE2}_P002_DX12DY6SDX8SDY16_2020-01-28_11-30-05.BMP,0,0,0,0.49,0
987,7QI8O_HC_PL_MEAS_FIB_{MEASURE2}_P006_DX9DY4SDX8SDY17_2020-10-14_14-13-23.BMP,0,0,0,0.81,0
988,Y510O_HC_PL_MEAS_FIB_{MEASURE2}_P006_DX9DY4SDX8SDY17_2020-06-10_05-45-39.BMP,0,0,0,0.62,0
989,9UHIY_HC_PL_MEAS_FIB_{MEASURE2}_P005_DX7DY7SDX8SDY17_2020-11-04_20-18-30.BMP,0,0,0,0.66,0
990,9A0VW_HC_PL_MEAS_FIB_{MEASURE2}_P004_DX12DY6SDX8SDY17_2020-09-20_14-03-38.BMP,0,0,0,0.77,0
991,7EIGO_HC_PL_MEAS_FIB_{MEASURE2}_P006_DX9DY4SDX8SDY17_2020-10-03_08-22-34.BMP,0,0,0,0.57,0
992,7N0KQ_HC_PL_MEAS_FIB_{MEASURE2}_P003_DX8DY11SDX8SDY17_2020-01-31_17-48-19.BMP,0,0,0,0.66,0
993,T10GG_HC_PL_MEAS_FIB_{MEASURE2}_P003_DX8DY11SDX8SDY17_2020-07-29_00-03-03.BMP,0,0,0,0.7,0
994,Y50Y0_HC_PL_MEAS_FIB_{MEASURE2}_P006_DX9DY4SDX8SDY17_2020-08-16_11-40-42.BMP,0,0,0,0.72,0
995,7N0JI_HC_PL_MEAS_FIB_{MEASURE2}_P005_DX7DY7SDX8SDY17_2020-02-04_19-19-27.BMP,0,0,0,0.6,0
996,7QI8U_HC_PL_MEAS_FIB_{MEASURE2}_P003_DX8DY11SDX8SDY17_2020-11-06_17-51-10.BMP,0,0,0,0.94,0
997,Y50XS_HC_PL_MEAS_FIB_{MEASURE2}_P001_DX9DY14SDX8SDY17_2020-06-05_09-30-58.BMP,0,0,0,0.47,0
998,7QI8M_HC_PL_MEAS_FIB_{MEASURE2}_P001_DX9DY14SDX8SDY17_2020-10-19_05-03-22.BMP,0,0,0,0.91,0
999,Y511S_HC_PL_MEAS_FIB_{MEASURE2}_P004_DX10DY9SDX7SDY16_2020-05-09_23-38-57.BMP,0,0,0,0.7,0
1000,Y50T6_HC_PL_MEAS_FIB_{MEASURE2}_P003_DX8DY11SDX7SDY17_2020-07-07_04-00-06.BMP,0,0,1,0.5,0
1001,Y50XY_HC_PL_MEAS_FIB_{MEASURE2}_P006_DX9DY4SDX8SDY17_2020-08-06_17-28-39.BMP,0,0,0,0.6,0
1002,4P0P6_HC_PL_MEAS_FIB_{MEASURE2}_P003_DX8DY11SDX8SDY17_2020-09-19_19-34-01.BMP,0,0,0,0.65,0
1003,6U0OQ_HC_PL_MEAS_FIB_{MEASURE2}_P004_DX10DY9SDX7SDY16_2020-11-02_23-27-51.BMP,0,0,0,0.48,0
1004,9A0V4_HC_PL_MEAS_FIB_{MEASURE2}_P004_DX10DY9SDX7SDY16_2020-09-14_15-27-30.BMP,0,0,1,0.66,0
1005,T10GU_HC_PL_MEAS_FIB_{MEASURE2}_P001_DX9DY14SDX8SDY17_2020-07-12_09-00-28.BMP,0,0,0,0.75,0
1006,Y50Z2_HC_PL_MEAS_FIB_{MEASURE2}_P002_DX12DY6SDX8SDY17_2020-08-10_23-09-27.BMP,0,0,1,0.4,0
