,file name,label,vanti,train \ test,score,vanti label,vanti with context data
2494,1A18Q_SCAP_VE_MEAS_FIB_{MEASURE1}_P004_DX14DY3SDX9SDY14_2020-10-30_17-04-05.BMP,1,1,1,0.75,2,1
2495,1A19O_SCAP_VE_MEAS_FIB_{MEASURE1}_P004_DX14DY3SDX9SDY14_2020-12-08_06-18-37.BMP,1,1,1,0.81,2,1
2496,1A1A0_SCAP_VE_MEAS_FIB_{MEASURE1}_P002_DX4DY11SDX9SDY14_2020-11-27_17-08-34.BMP,1,1,0,0.43,2,1
2497,1A1AS_SCAP_VE_MEAS_FIB_{MEASURE1}_P004_DX14DY3SDX9SDY14_2020-12-15_05-10-43.BMP,1,1,1,0.83,2,1
2498,1A1B6_SCAP_VE_MEAS_FIB_{MEASURE1}_P001_DX9DY9SDX9SDY14_2020-12-09_07-41-28.BMP,1,1,0,0.84,2,1
2499,1A1B6_SCAP_VE_MEAS_FIB_{MEASURE1}_P002_DX4DY11SDX9SDY14_2020-12-09_04-44-56.BMP,1,1,0,0.72,2,1
2500,1A1BE_SCAP_VE_MEAS_FIB_{MEASURE1}_P004_DX14DY3SDX9SDY14_2020-12-06_16-40-41.BMP,1,1,0,0.5,2,1
2501,1A1FK_SCAP_VE_MEAS_FIB_{MEASURE1}_P004_DX14DY3SDX9SDY14_2020-10-31_07-27-35.BMP,1,1,0,0.44,2,1
2502,1A1FU_SCAP_VE_MEAS_FIB_{MEASURE1}_P001_DX9DY9SDX9SDY14_2020-09-23_20-17-12.BMP,1,1,0,0.52,2,1
2503,1A1FU_SCAP_VE_MEAS_FIB_{MEASURE1}_P003_DX12DY10SDX9SDY14_2020-09-23_20-17-12.BMP,1,1,0,0.7,2,1
2504,1A1FU_SCAP_VE_MEAS_FIB_{MEASURE1}_P004_DX14DY3SDX9SDY14_2020-09-23_20-17-12.BMP,1,1,0,0.85,2,1
2505,1A1IU_SCAP_VE_MEAS_FIB_{MEASURE1}_P004_DX14DY3SDX9SDY14_2020-12-12_17-28-34.BMP,1,1,1,0.8,2,1
2506,1A1J0_SCAP_VE_MEAS_FIB_{MEASURE1}_P004_DX14DY3SDX9SDY14_2020-11-25_19-25-17.BMP,1,1,0,0.56,2,1
2507,1A1J4_SCAP_VE_MEAS_FIB_{MEASURE1}_P004_DX14DY3SDX9SDY14_2020-11-25_10-41-19.BMP,1,1,1,0.44,2,1
2508,1AHTK_SCAP_VE_MEAS_FIB_{MEASURE1}_P004_DX14DY3SDX9SDY14_2020-12-15_07-45-17.BMP,1,1,1,0.81,2,1
2509,1P1NE_SCAP_VE_MEAS_FIB_{MEASURE1}_P002_DX4DY11SDX9SDY14_2020-09-15_11-25-00.BMP,1,1,1,0.67,2,1
2510,1P1OE_SCAP_VE_MEAS_FIB_{MEASURE1}_P004_DX14DY3SDX9SDY14_2020-09-19_10-50-48.BMP,1,1,1,0.89,2,1
2511,1P238_SCAP_VE_MEAS_FIB_{MEASURE1}_P001_DX9DY9SDX9SDY14_2020-09-14_20-21-23.BMP,1,1,0,0.72,2,1
2512,1P238_SCAP_VE_MEAS_FIB_{MEASURE1}_P004_DX14DY3SDX9SDY14_2020-09-14_20-21-23.BMP,1,1,0,0.71,2,1
2513,1P24Y_SCAP_VE_MEAS_FIB_{MEASURE1}_P004_DX14DY3SDX9SDY14_2020-09-17_19-41-16.BMP,1,1,0,0.69,2,1
2514,1P256_SCAP_VE_MEAS_FIB_{MEASURE1}_P002_DX4DY11SDX9SDY14_2020-11-02_01-44-46.BMP,1,1,0,0.9,2,1
2515,1P256_SCAP_VE_MEAS_FIB_{MEASURE1}_P004_DX14DY3SDX9SDY14_2020-11-02_01-44-46.BMP,1,1,0,0.43,2,1
2516,1P25Y_SCAP_VE_MEAS_FIB_{MEASURE1}_P004_DX14DY3SDX9SDY14_2020-09-02_02-57-23.BMP,1,1,0,0.47,2,1
2517,1P26I_SCAP_VE_MEAS_FIB_{MEASURE1}_P004_DX14DY3SDX9SDY14_2020-09-14_16-10-54.BMP,1,1,0,0.71,2,1
2518,1P28O_SCAP_VE_MEAS_FIB_{MEASURE1}_P002_DX4DY11SDX9SDY14_2020-10-19_10-03-19.BMP,1,1,0,0.4,2,1
2519,1P28O_SCAP_VE_MEAS_FIB_{MEASURE1}_P003_DX12DY10SDX9SDY14_2020-10-19_10-03-19.BMP,1,1,0,0.83,2,1
2520,1P2BU_SCAP_VE_MEAS_FIB_{MEASURE1}_P001_DX9DY9SDX9SDY14_2020-11-27_03-23-52.BMP,1,1,0,0.87,2,1
2521,1P2D0_SCAP_VE_MEAS_FIB_{MEASURE1}_P004_DX14DY3SDX9SDY14_2020-10-31_02-14-28.BMP,1,1,0,0.89,2,1
2522,1P2DO_SCAP_VE_MEAS_FIB_{MEASURE1}_P004_DX14DY3SDX9SDY14_2020-10-06_19-49-33.BMP,1,1,0,0.49,2,1
2523,1P2EQ_SCAP_VE_MEAS_FIB_{MEASURE1}_P004_DX14DY3SDX9SDY14_2020-10-01_08-41-42.BMP,1,1,0,0.84,2,1
2524,1P2F8_SCAP_VE_MEAS_FIB_{MEASURE1}_P002_DX4DY11SDX9SDY14_2020-09-16_18-03-52.BMP,1,1,0,0.76,2,1
2525,1P2F8_SCAP_VE_MEAS_FIB_{MEASURE1}_P004_DX14DY3SDX9SDY14_2020-09-16_18-03-52.BMP,1,1,1,0.46,2,1
2526,1P2FC_SCAP_VE_MEAS_FIB_{MEASURE1}_P002_DX4DY11SDX9SDY13_2020-09-26_08-34-59.BMP,1,1,0,0.92,2,1
2527,1P2FW_SCAP_VE_MEAS_FIB_{MEASURE1}_P004_DX14DY3SDX9SDY14_2020-09-14_20-57-22.BMP,1,1,1,0.73,2,1
2528,1P2G8_SCAP_VE_MEAS_FIB_{MEASURE1}_P004_DX14DY3SDX9SDY14_2020-10-24_16-14-43.BMP,1,1,0,0.58,2,1
2529,1P2GC_SCAP_VE_MEAS_FIB_{MEASURE1}_P002_DX4DY11SDX9SDY14_2020-09-26_10-20-36.BMP,1,1,0,0.65,2,1
2530,1P2GI_SCAP_VE_MEAS_FIB_{MEASURE1}_P001_DX9DY9SDX9SDY14_2020-09-24_04-20-17.BMP,1,1,0,0.43,2,1
2531,1P2GI_SCAP_VE_MEAS_FIB_{MEASURE1}_P002_DX4DY11SDX9SDY14_2020-09-24_04-20-17.BMP,1,1,0,0.6,2,1
2532,1P2HC_SCAP_VE_MEAS_FIB_{MEASURE1}_P003_DX12DY10SDX9SDY14_2020-10-31_05-29-36.BMP,1,1,0,0.84,2,1
2533,1P2H8_SCAP_VE_MEAS_FIB_{MEASURE1}_P004_DX14DY3SDX9SDY14_2020-09-08_11-26-26.BMP,1,1,0,0.85,2,1
2534,1P2HI_SCAP_VE_MEAS_FIB_{MEASURE1}_P001_DX9DY9SDX9SDY14_2020-10-24_23-06-28.BMP,1,1,0,0.78,2,1
2535,1P2HG_SCAP_VE_MEAS_FIB_{MEASURE1}_P004_DX14DY3SDX9SDY14_2020-09-03_00-07-44.BMP,1,1,0,0.89,2,1
2536,1P2HI_SCAP_VE_MEAS_FIB_{MEASURE1}_P004_DX14DY3SDX9SDY14_2020-10-24_23-06-28.BMP,1,1,1,0.76,2,1
2537,1P2J6_SCAP_VE_MEAS_FIB_{MEASURE1}_P004_DX14DY3SDX9SDY14_2020-09-01_21-45-28.BMP,1,1,0,0.65,2,1
2538,1P2J6_SCAP_VE_MEAS_FIB_{MEASURE1}_P001_DX9DY9SDX9SDY14_2020-09-01_21-45-28.BMP,1,1,0,0.65,2,1
2539,1P2JE_SCAP_VE_MEAS_FIB_{MEASURE1}_P004_DX14DY3SDX9SDY14_2020-09-14_23-26-46.BMP,1,1,0,0.49,2,1
2540,1P2JI_SCAP_VE_MEAS_FIB_{MEASURE1}_P004_DX14DY3SDX9SDY14_2020-09-09_09-28-20.BMP,1,1,1,0.59,2,1
2541,1P2JQ_SCAP_VE_MEAS_FIB_{MEASURE1}_P004_DX14DY3SDX9SDY14_2020-09-17_00-20-09.BMP,1,1,0,0.68,2,1
2542,1P2KG_SCAP_VE_MEAS_FIB_{MEASURE1}_P003_DX12DY10SDX9SDY14_2020-12-11_08-24-42.BMP,1,1,0,0.89,2,1
2543,1P2KO_SCAP_VE_MEAS_FIB_{MEASURE1}_P004_DX14DY3SDX9SDY14_2020-09-21_12-05-39.BMP,1,1,0,0.8,2,1
2544,1P2LA_SCAP_VE_MEAS_FIB_{MEASURE1}_P004_DX14DY3SDX9SDY14_2020-10-27_23-46-41.BMP,1,1,1,0.61,2,1
2545,1P2MA_SCAP_VE_MEAS_FIB_{MEASURE1}_P004_DX14DY3SDX9SDY14_2020-12-17_11-05-48.BMP,1,1,0,0.58,2,1
2546,1P2MA_SCAP_VE_MEAS_FIB_{MEASURE1}_P003_DX12DY10SDX9SDY14_2020-12-17_11-05-48.BMP,1,1,0,0.6,2,1
2547,1P2MY_SCAP_VE_MEAS_FIB_{MEASURE1}_P002_DX4DY11SDX9SDY13_2020-10-08_22-38-44.BMP,1,1,0,0.88,2,1
2548,1P2N8_SCAP_VE_MEAS_FIB_{MEASURE1}_P001_DX9DY9SDX9SDY14_2020-12-12_04-00-28.BMP,1,1,0,0.73,2,1
2549,1P2O0_SCAP_VE_MEAS_FIB_{MEASURE1}_P002_DX4DY11SDX9SDY14_2020-10-31_17-38-20.BMP,1,1,0,0.92,2,1
2550,1P2NW_SCAP_VE_MEAS_FIB_{MEASURE1}_P004_DX14DY3SDX9SDY14_2020-10-30_06-09-49.BMP,1,1,0,0.88,2,1
2551,1P2O2_SCAP_VE_MEAS_FIB_{MEASURE1}_P004_DX14DY3SDX9SDY14_2020-12-04_09-41-36.BMP,1,1,0,0.83,2,1
2552,1P2O6_SCAP_VE_MEAS_FIB_{MEASURE1}_P004_DX14DY3SDX9SDY14_2020-12-10_22-13-49.BMP,1,1,1,0.66,2,1
2553,1P2O6_SCAP_VE_MEAS_FIB_{MEASURE1}_P003_DX12DY10SDX9SDY14_2020-12-10_22-13-49.BMP,1,1,0,0.74,2,1
2554,1P2OE_SCAP_VE_MEAS_FIB_{MEASURE1}_P001_DX9DY9SDX9SDY14_2020-12-04_14-56-40.BMP,1,1,0,0.74,2,1
2555,1P2OS_SCAP_VE_MEAS_FIB_{MEASURE1}_P002_DX4DY11SDX9SDY14_2020-12-08_11-22-08.BMP,1,1,1,0.59,2,1
2556,1P2OS_SCAP_VE_MEAS_FIB_{MEASURE1}_P004_DX14DY3SDX9SDY14_2020-12-08_11-22-08.BMP,1,1,0,0.67,2,1
2557,1P2PA_SCAP_VE_MEAS_FIB_{MEASURE1}_P001_DX9DY9SDX9SDY14_2020-12-12_00-22-48.BMP,1,1,1,0.85,2,1
2558,1P2PA_SCAP_VE_MEAS_FIB_{MEASURE1}_P002_DX4DY11SDX9SDY14_2020-12-12_00-22-48.BMP,1,1,0,0.52,2,1
2559,1P2PA_SCAP_VE_MEAS_FIB_{MEASURE1}_P004_DX14DY3SDX9SDY14_2020-12-12_00-22-48.BMP,1,1,0,0.46,2,1
2560,1P2PI_SCAP_VE_MEAS_FIB_{MEASURE1}_P002_DX4DY11SDX9SDY14_2020-12-08_11-42-07.BMP,1,1,0,0.54,2,1
2561,1P2PK_SCAP_VE_MEAS_FIB_{MEASURE1}_P003_DX12DY10SDX9SDY14_2020-11-21_10-09-11.BMP,1,1,0,0.61,2,1
2562,1P2Q4_SCAP_VE_MEAS_FIB_{MEASURE1}_P004_DX14DY3SDX9SDY14_2020-09-28_11-11-42.BMP,1,1,0,0.75,2,1
2563,1P2Q8_SCAP_VE_MEAS_FIB_{MEASURE1}_P002_DX4DY11SDX9SDY14_2020-09-22_04-34-43.BMP,1,1,0,0.75,2,1
2564,1P2QK_SCAP_VE_MEAS_FIB_{MEASURE1}_P004_DX14DY3SDX9SDY14_2020-09-26_20-16-00.BMP,1,1,0,0.77,2,1
2565,1P2QS_SCAP_VE_MEAS_FIB_{MEASURE1}_P001_DX9DY9SDX9SDY14_2020-10-06_08-46-51.BMP,1,1,0,0.72,2,1
2566,1P2QS_SCAP_VE_MEAS_FIB_{MEASURE1}_P003_DX12DY10SDX9SDY14_2020-10-06_08-46-51.BMP,1,1,0,0.86,2,1
2567,1P2R8_SCAP_VE_MEAS_FIB_{MEASURE1}_P004_DX14DY3SDX9SDY14_2020-10-07_22-35-34.BMP,1,1,1,0.67,2,1
2568,1P2R6_SCAP_VE_MEAS_FIB_{MEASURE1}_P004_DX14DY3SDX9SDY14_2020-10-11_06-18-27.BMP,1,1,0,0.55,2,1
2569,1P2RC_SCAP_VE_MEAS_FIB_{MEASURE1}_P002_DX4DY11SDX9SDY14_2020-11-27_13-30-12.BMP,1,1,1,0.6,2,1
2570,1P2RS_SCAP_VE_MEAS_FIB_{MEASURE1}_P004_DX14DY3SDX9SDY14_2020-10-17_12-40-35.BMP,1,1,0,0.5,2,1
2571,1P2RU_SCAP_VE_MEAS_FIB_{MEASURE1}_P004_DX14DY3SDX9SDY14_2020-11-26_19-52-25.BMP,1,1,1,0.68,2,1
2572,1P2SC_SCAP_VE_MEAS_FIB_{MEASURE1}_P004_DX14DY3SDX9SDY14_2020-10-12_04-53-47.BMP,1,1,1,0.91,2,1
2573,1P2SY_SCAP_VE_MEAS_FIB_{MEASURE1}_P004_DX14DY3SDX9SDY14_2020-10-08_03-22-19.BMP,1,1,0,0.76,2,1
2574,1P2U2_SCAP_VE_MEAS_FIB_{MEASURE1}_P002_DX4DY11SDX9SDY14_2020-10-17_00-44-36.BMP,1,1,0,0.63,2,1
2575,1P2U4_SCAP_VE_MEAS_FIB_{MEASURE1}_P004_DX14DY3SDX9SDY14_2020-10-23_13-34-20.BMP,1,1,0,0.89,2,1
2576,1P2U8_SCAP_VE_MEAS_FIB_{MEASURE1}_P001_DX9DY9SDX9SDY14_2020-10-15_04-50-15.BMP,1,1,0,0.43,2,1
2577,1P2U8_SCAP_VE_MEAS_FIB_{MEASURE1}_P004_DX14DY3SDX9SDY14_2020-10-15_04-50-15.BMP,1,1,0,0.82,2,1
2578,1P2UY_SCAP_VE_MEAS_FIB_{MEASURE1}_P002_DX4DY11SDX9SDY14_2020-10-07_21-47-35.BMP,1,1,1,0.72,2,1
2579,1P2VC_SCAP_VE_MEAS_FIB_{MEASURE1}_P001_DX9DY9SDX9SDY14_2020-12-11_13-51-06.BMP,1,1,0,0.76,2,1
2580,1P2VC_SCAP_VE_MEAS_FIB_{MEASURE1}_P002_DX4DY11SDX9SDY14_2020-12-11_13-51-06.BMP,1,1,0,0.55,2,1
2581,1P2VO_SCAP_VE_MEAS_FIB_{MEASURE1}_P004_DX14DY3SDX9SDY14_2020-10-05_09-52-23.BMP,1,1,0,0.78,2,1
2582,1P2VQ_SCAP_VE_MEAS_FIB_{MEASURE1}_P004_DX14DY3SDX9SDY14_2020-10-15_22-31-54.BMP,1,1,1,0.43,2,1
2583,1P2W0_SCAP_VE_MEAS_FIB_{MEASURE1}_P004_DX14DY3SDX9SDY14_2020-10-06_19-57-30.BMP,1,1,1,0.5,2,1
2584,1P2W4_SCAP_VE_MEAS_FIB_{MEASURE1}_P004_DX14DY3SDX9SDY14_2020-10-08_02-24-27.BMP,1,1,0,0.92,2,1
2585,1P2WK_SCAP_VE_MEAS_FIB_{MEASURE1}_P003_DX12DY10SDX9SDY14_2020-10-19_19-33-17.BMP,1,1,0,0.72,2,1
2586,1P2WM_SCAP_VE_MEAS_FIB_{MEASURE1}_P004_DX14DY3SDX9SDY14_2020-10-15_04-02-03.BMP,1,1,1,0.72,2,1
2587,1P2X2_SCAP_VE_MEAS_FIB_{MEASURE1}_P001_DX9DY9SDX9SDY14_2020-10-10_10-24-35.BMP,1,1,1,0.77,2,1
2588,1P2WU_SCAP_VE_MEAS_FIB_{MEASURE1}_P004_DX14DY3SDX9SDY14_2020-10-24_16-53-00.BMP,1,1,0,0.9,2,1
2589,1P2X2_SCAP_VE_MEAS_FIB_{MEASURE1}_P004_DX14DY3SDX9SDY14_2020-10-10_10-24-35.BMP,1,1,0,0.44,2,1
2590,1P2X8_SCAP_VE_MEAS_FIB_{MEASURE1}_P004_DX14DY3SDX9SDY14_2020-11-27_12-46-33.BMP,1,1,0,0.45,2,1
2591,1P2XA_SCAP_VE_MEAS_FIB_{MEASURE1}_P002_DX4DY11SDX9SDY14_2020-12-01_01-31-38.BMP,1,1,0,0.92,2,1
2592,1P2XA_SCAP_VE_MEAS_FIB_{MEASURE1}_P003_DX12DY10SDX9SDY14_2020-12-01_01-31-38.BMP,1,1,0,0.61,2,1
2593,1P2XC_SCAP_VE_MEAS_FIB_{MEASURE1}_P002_DX4DY11SDX9SDY14_2020-12-10_22-06-46.BMP,1,1,0,0.77,2,1
2594,1P2XC_SCAP_VE_MEAS_FIB_{MEASURE1}_P003_DX12DY10SDX9SDY14_2020-12-10_22-06-46.BMP,1,1,0,0.94,2,1
2595,1P2XC_SCAP_VE_MEAS_FIB_{MEASURE1}_P004_DX14DY3SDX9SDY14_2020-12-10_22-06-46.BMP,1,1,0,0.82,2,1
2596,1P2XE_SCAP_VE_MEAS_FIB_{MEASURE1}_P002_DX4DY11SDX9SDY14_2020-12-12_17-40-34.BMP,1,1,1,0.73,2,1
2597,1P2XG_SCAP_VE_MEAS_FIB_{MEASURE1}_P004_DX14DY3SDX9SDY14_2020-09-19_04-00-29.BMP,1,1,0,0.43,2,1
2598,1P2YC_SCAP_VE_MEAS_FIB_{MEASURE1}_P002_DX4DY11SDX9SDY14_2020-10-15_21-32-34.BMP,1,1,0,0.71,2,1
2599,1P2YI_SCAP_VE_MEAS_FIB_{MEASURE1}_P001_DX9DY9SDX9SDY14_2020-12-06_08-41-54.BMP,1,1,0,0.54,2,1
2600,1P2YI_SCAP_VE_MEAS_FIB_{MEASURE1}_P002_DX4DY11SDX9SDY14_2020-12-06_08-41-54.BMP,1,1,0,0.65,2,1
2601,1P2YQ_SCAP_VE_MEAS_FIB_{MEASURE1}_P001_DX9DY9SDX9SDY14_2020-12-11_11-50-14.BMP,1,1,1,0.44,2,1
2602,1P2ZS_SCAP_VE_MEAS_FIB_{MEASURE1}_P004_DX14DY3SDX9SDY14_2020-12-10_17-43-04.BMP,1,1,0,0.66,2,1
2603,1P30Y_SCAP_VE_MEAS_FIB_{MEASURE1}_P003_DX12DY10SDX9SDY14_2020-10-31_10-35-59.BMP,1,1,0,0.54,2,1
2604,1P31I_SCAP_VE_MEAS_FIB_{MEASURE1}_P001_DX9DY9SDX9SDY14_2020-11-28_10-41-45.BMP,1,1,1,0.49,2,1
2605,1P31I_SCAP_VE_MEAS_FIB_{MEASURE1}_P002_DX4DY11SDX9SDY14_2020-11-28_10-41-45.BMP,1,1,0,0.91,2,1
2606,1P326_SCAP_VE_MEAS_FIB_{MEASURE1}_P002_DX4DY11SDX9SDY14_2020-10-21_14-54-26.BMP,1,1,0,0.42,2,1
2607,1P32C_SCAP_VE_MEAS_FIB_{MEASURE1}_P001_DX9DY9SDX9SDY14_2020-10-21_10-07-51.BMP,1,1,1,0.49,2,1
2608,1P32C_SCAP_VE_MEAS_FIB_{MEASURE1}_P003_DX12DY10SDX9SDY14_2020-10-21_10-07-51.BMP,1,1,0,0.64,2,1
2609,1P330_SCAP_VE_MEAS_FIB_{MEASURE1}_P004_DX14DY3SDX9SDY14_2020-12-08_03-47-05.BMP,1,1,0,0.42,2,1
2610,1P338_SCAP_VE_MEAS_FIB_{MEASURE1}_P002_DX4DY11SDX9SDY14_2020-11-27_19-36-02.BMP,1,1,0,0.73,2,1
2611,1P33G_SCAP_VE_MEAS_FIB_{MEASURE1}_P002_DX4DY11SDX9SDY14_2020-10-10_09-38-52.BMP,1,1,0,0.78,2,1
2612,1P33G_SCAP_VE_MEAS_FIB_{MEASURE1}_P001_DX9DY9SDX9SDY14_2020-10-10_09-38-52.BMP,1,1,0,0.69,2,1
2613,1P344_SCAP_VE_MEAS_FIB_{MEASURE1}_P002_DX4DY11SDX9SDY14_2020-11-21_12-42-12.BMP,1,1,1,0.59,2,1
2614,1P33U_SCAP_VE_MEAS_FIB_{MEASURE1}_P004_DX14DY3SDX9SDY14_2020-11-27_16-35-23.BMP,1,1,1,0.6,2,1
2615,1P348_SCAP_VE_MEAS_FIB_{MEASURE1}_P001_DX9DY9SDX9SDY14_2020-12-14_14-45-37.BMP,1,1,1,0.58,2,1
2616,1P34I_SCAP_VE_MEAS_FIB_{MEASURE1}_P004_DX14DY3SDX9SDY14_2020-10-31_05-05-54.BMP,1,1,0,0.76,2,1
2617,1P350_SCAP_VE_MEAS_FIB_{MEASURE1}_P001_DX9DY9SDX9SDY14_2020-12-15_00-41-10.BMP,1,1,1,0.55,2,1
2618,1P350_SCAP_VE_MEAS_FIB_{MEASURE1}_P002_DX4DY11SDX9SDY14_2020-12-15_00-41-10.BMP,1,1,0,0.78,2,1
2619,1P35A_SCAP_VE_MEAS_FIB_{MEASURE1}_P003_DX12DY10SDX9SDY14_2020-10-30_12-07-27.BMP,1,1,0,0.46,2,1
2620,1P35Y_SCAP_VE_MEAS_FIB_{MEASURE1}_P001_DX9DY9SDX9SDY13_2020-12-09_04-27-41.BMP,1,1,0,0.92,2,1
2621,1P35Y_SCAP_VE_MEAS_FIB_{MEASURE1}_P004_DX14DY3SDX9SDY14_2020-12-09_03-10-12.BMP,1,1,0,0.7,2,1
2622,1P364_SCAP_VE_MEAS_FIB_{MEASURE1}_P003_DX12DY10SDX9SDY14_2020-10-20_07-27-11.BMP,1,1,1,0.84,2,1
2623,1P364_SCAP_VE_MEAS_FIB_{MEASURE1}_P004_DX14DY3SDX9SDY14_2020-10-20_07-27-11.BMP,1,1,1,0.77,2,1
2624,1P36Y_SCAP_VE_MEAS_FIB_{MEASURE1}_P001_DX9DY9SDX9SDY14_2020-11-02_07-34-10.BMP,1,1,0,0.4,2,1
2625,1P378_SCAP_VE_MEAS_FIB_{MEASURE1}_P004_DX14DY3SDX9SDY14_2020-11-05_13-07-25.BMP,1,1,1,0.85,2,1
2626,1P38O_SCAP_VE_MEAS_FIB_{MEASURE1}_P003_DX12DY10SDX9SDY14_2020-12-11_18-45-38.BMP,1,1,1,0.41,2,1
2627,1P39K_SCAP_VE_MEAS_FIB_{MEASURE1}_P001_DX9DY9SDX9SDY14_2020-12-15_01-22-25.BMP,1,1,1,0.75,2,1
2628,1P39C_SCAP_VE_MEAS_FIB_{MEASURE1}_P004_DX14DY3SDX9SDY14_2020-11-19_10-09-36.BMP,1,1,0,0.83,2,1
2629,1P3B8_SCAP_VE_MEAS_FIB_{MEASURE1}_P002_DX4DY11SDX9SDY14_2020-12-10_07-52-37.BMP,1,1,0,0.41,2,1
2630,1P3BS_SCAP_VE_MEAS_FIB_{MEASURE1}_P003_DX12DY10SDX9SDY14_2020-12-16_15-05-46.BMP,1,1,1,0.76,2,1
2631,1P3BS_SCAP_VE_MEAS_FIB_{MEASURE1}_P004_DX14DY3SDX9SDY14_2020-12-16_15-05-46.BMP,1,1,0,0.63,2,1
2632,1P3KG_SCAP_VE_MEAS_FIB_{MEASURE1}_P002_DX4DY11SDX9SDY14_2020-10-31_02-37-40.BMP,1,1,0,0.92,2,1
2633,1P3KG_SCAP_VE_MEAS_FIB_{MEASURE1}_P003_DX12DY10SDX9SDY14_2020-10-31_02-37-40.BMP,1,1,0,0.9,2,1
2634,1P3KG_SCAP_VE_MEAS_FIB_{MEASURE1}_P004_DX14DY3SDX9SDY14_2020-10-31_02-37-40.BMP,1,1,0,0.8,2,1
2635,1P3VI_SCAP_VE_MEAS_FIB_{MEASURE1}_P004_DX14DY3SDX9SDY14_2020-12-08_16-41-12.BMP,1,1,0,0.65,2,1
2636,2QI54_SCAP_VE_MEAS_FIB_{MEASURE1}_P001_DX9DY9SDX4SDY8_2020-09-29_09-50-14.BMP,1,1,1,0.85,2,1
2637,2RKCS_SCAP_VE_MEAS_FIB_{MEASURE1}_P002_DX4DY11SDX9SDY37_2020-09-25_23-35-29.BMP,1,1,0,0.5,2,1
2638,2RKIU_SCAP_VE_MEAS_FIB_{MEASURE1}_P002_DX4DY11SDX9SDY37_2020-09-19_15-27-46.BMP,1,1,0,0.49,2,1
2639,2RKIY_SCAP_VE_MEAS_FIB_{MEASURE1}_P004_DX14DY3SDX9SDY34_2020-08-27_01-29-47.BMP,1,1,1,0.7,2,1
2640,2RKKK_SCAP_VE_MEAS_FIB_{MEASURE1}_P002_DX4DY11SDX9SDY37_2020-08-24_06-37-08.BMP,1,1,0,0.74,2,1
2641,2RKKK_SCAP_VE_MEAS_FIB_{MEASURE1}_P004_DX14DY3SDX9SDY34_2020-08-24_06-37-08.BMP,1,1,1,0.74,2,1
2642,2RKM8_SCAP_VE_MEAS_FIB_{MEASURE1}_P001_DX9DY9SDX9SDY37_2020-08-23_09-44-44.BMP,1,1,0,0.51,2,1
2643,2RKNO_SCAP_VE_MEAS_FIB_{MEASURE1}_P001_DX9DY9SDX9SDY37_2020-08-23_04-10-03.BMP,1,1,0,0.41,2,1
2644,2RKP0_SCAP_VE_MEAS_FIB_{MEASURE1}_P003_DX12DY10SDX9SDY35_2020-09-18_08-59-33.BMP,1,1,1,0.89,2,1
2645,2RKPK_SCAP_VE_MEAS_FIB_{MEASURE1}_P004_DX14DY3SDX9SDY34_2020-09-20_02-19-30.BMP,1,1,0,0.84,2,1
2646,2RKQK_SCAP_VE_MEAS_FIB_{MEASURE1}_P001_DX9DY9SDX9SDY37_2020-10-27_10-21-15.BMP,1,1,0,0.56,2,1
2647,2RKR4_SCAP_VE_MEAS_FIB_{MEASURE1}_P001_DX9DY9SDX9SDY37_2020-10-01_04-20-42.BMP,1,1,0,0.83,2,1
2648,2RKR4_SCAP_VE_MEAS_FIB_{MEASURE1}_P004_DX14DY3SDX9SDY34_2020-10-01_04-20-42.BMP,1,1,0,0.72,2,1
2649,2RKRG_SCAP_VE_MEAS_FIB_{MEASURE1}_P002_DX4DY11SDX9SDY37_2020-09-20_01-47-16.BMP,1,1,0,0.5,2,1
2650,2RKTG_SCAP_VE_MEAS_FIB_{MEASURE1}_P001_DX9DY9SDX9SDY37_2020-09-19_21-54-02.BMP,1,1,0,0.91,2,1
2651,2RKTG_SCAP_VE_MEAS_FIB_{MEASURE1}_P002_DX4DY11SDX9SDY37_2020-09-19_21-54-02.BMP,1,1,0,0.94,2,1
2652,2RKV8_SCAP_VE_MEAS_FIB_{MEASURE1}_P004_DX14DY3SDX9SDY34_2020-09-28_17-03-13.BMP,1,1,0,0.71,2,1
2653,2RKWG_SCAP_VE_MEAS_FIB_{MEASURE1}_P004_DX14DY3SDX9SDY34_2020-09-09_19-32-07.BMP,1,1,1,0.6,2,1
2654,2RKX2_SCAP_VE_MEAS_FIB_{MEASURE1}_P003_DX12DY10SDX9SDY37_2020-09-28_14-11-45.BMP,1,1,0,0.41,2,1
2655,2RKX2_SCAP_VE_MEAS_FIB_{MEASURE1}_P001_DX9DY9SDX9SDY37_2020-09-28_14-11-45.BMP,1,1,0,0.67,2,1
2656,2RKX2_SCAP_VE_MEAS_FIB_{MEASURE1}_P004_DX14DY3SDX9SDY34_2020-09-28_14-11-45.BMP,1,1,0,0.65,2,1
2657,2RKXM_SCAP_VE_MEAS_FIB_{MEASURE1}_P004_DX14DY3SDX9SDY34_2020-11-21_23-46-40.BMP,1,1,0,0.5,2,1
2658,2RKXU_SCAP_VE_MEAS_FIB_{MEASURE1}_P004_DX14DY3SDX9SDY34_2020-09-19_22-59-35.BMP,1,1,1,0.41,2,1
2659,2RKYA_SCAP_VE_MEAS_FIB_{MEASURE1}_P001_DX9DY9SDX9SDY37_2020-09-25_23-57-43.BMP,1,1,0,0.88,2,1
2660,2RKYA_SCAP_VE_MEAS_FIB_{MEASURE1}_P003_DX12DY10SDX9SDY37_2020-09-25_23-57-43.BMP,1,1,0,0.79,2,1
2661,2RKYA_SCAP_VE_MEAS_FIB_{MEASURE1}_P002_DX4DY11SDX9SDY37_2020-09-25_23-57-43.BMP,1,1,0,0.79,2,1
2662,2RKZG_SCAP_VE_MEAS_FIB_{MEASURE1}_P004_DX14DY3SDX9SDY34_2020-10-03_07-31-08.BMP,1,1,1,0.83,2,1
2663,2RKZM_SCAP_VE_MEAS_FIB_{MEASURE1}_P004_DX14DY3SDX9SDY34_2020-09-29_16-30-10.BMP,1,1,0,0.47,2,1
2664,2RL0U_SCAP_VE_MEAS_FIB_{MEASURE1}_P004_DX14DY3SDX9SDY34_2020-09-10_05-04-35.BMP,1,1,0,0.93,2,1
2665,2RL0U_SCAP_VE_MEAS_FIB_{MEASURE1}_P003_DX12DY10SDX9SDY37_2020-09-10_05-04-35.BMP,1,1,0,0.46,2,1
2666,2RL2A_SCAP_VE_MEAS_FIB_{MEASURE1}_P004_DX14DY3SDX9SDY34_2020-09-28_17-40-33.BMP,1,1,0,0.94,2,1
2667,2RL32_SCAP_VE_MEAS_FIB_{MEASURE1}_P002_DX4DY11SDX9SDY37_2020-10-11_10-30-20.BMP,1,1,0,0.44,2,1
2668,2RL32_SCAP_VE_MEAS_FIB_{MEASURE1}_P004_DX14DY3SDX9SDY34_2020-10-11_10-30-20.BMP,1,1,0,0.81,2,1
2669,2RL3O_SCAP_VE_MEAS_FIB_{MEASURE1}_P001_DX9DY9SDX9SDY37_2020-09-28_13-54-15.BMP,1,1,0,0.54,2,1
2670,2RL3Q_SCAP_VE_MEAS_FIB_{MEASURE1}_P001_DX9DY9SDX9SDY36_2020-10-11_15-29-34.BMP,1,1,0,0.61,2,1
2671,2RL3Y_SCAP_VE_MEAS_FIB_{MEASURE1}_P002_DX4DY11SDX9SDY37_2020-10-12_11-57-58.BMP,1,1,0,0.48,2,1
2672,2RL4G_SCAP_VE_MEAS_FIB_{MEASURE1}_P001_DX9DY9SDX9SDY37_2020-10-14_20-21-47.BMP,1,1,1,0.78,2,1
2673,2RL4G_SCAP_VE_MEAS_FIB_{MEASURE1}_P002_DX4DY11SDX9SDY37_2020-10-14_20-21-47.BMP,1,1,0,0.45,2,1
2674,2RL4I_SCAP_VE_MEAS_FIB_{MEASURE1}_P001_DX9DY9SDX9SDY37_2020-10-11_10-36-13.BMP,1,1,1,0.62,2,1
2675,2RL4W_SCAP_VE_MEAS_FIB_{MEASURE1}_P002_DX4DY11SDX9SDY37_2020-10-28_09-50-27.BMP,1,1,1,0.52,2,1
2676,2RL52_SCAP_VE_MEAS_FIB_{MEASURE1}_P004_DX14DY3SDX9SDY34_2020-11-02_04-58-41.BMP,1,1,0,0.71,2,1
2677,2RL56_SCAP_VE_MEAS_FIB_{MEASURE1}_P004_DX14DY3SDX9SDY34_2020-10-16_00-09-50.BMP,1,1,0,0.47,2,1
2678,2RL5E_SCAP_VE_MEAS_FIB_{MEASURE1}_P003_DX12DY10SDX9SDY37_2020-11-26_03-17-06.BMP,1,1,0,0.77,2,1
2679,2RL5K_SCAP_VE_MEAS_FIB_{MEASURE1}_P001_DX9DY9SDX9SDY37_2020-10-16_11-46-44.BMP,1,1,0,0.68,2,1
2680,2RL5M_SCAP_VE_MEAS_FIB_{MEASURE1}_P003_DX12DY10SDX9SDY37_2020-10-16_10-46-21.BMP,1,1,0,0.61,2,1
2681,2RL6O_SCAP_VE_MEAS_FIB_{MEASURE1}_P003_DX12DY10SDX9SDY37_2020-10-20_09-32-24.BMP,1,1,0,0.61,2,1
2682,2RL7K_SCAP_VE_MEAS_FIB_{MEASURE1}_P004_DX14DY3SDX9SDY34_2020-10-29_03-24-38.BMP,1,1,0,0.64,2,1
2683,2RL8I_SCAP_VE_MEAS_FIB_{MEASURE1}_P004_DX14DY3SDX9SDY34_2020-11-03_19-33-49.BMP,1,1,0,0.49,2,1
2684,2RL8I_SCAP_VE_MEAS_FIB_{MEASURE1}_P003_DX12DY10SDX9SDY37_2020-11-03_19-33-49.BMP,1,1,0,0.61,2,1
2685,2RL9G_SCAP_VE_MEAS_FIB_{MEASURE1}_P002_DX4DY11SDX9SDY37_2020-10-27_10-22-26.BMP,1,1,0,0.86,2,1
2686,2RL9Q_SCAP_VE_MEAS_FIB_{MEASURE1}_P002_DX4DY11SDX9SDY37_2020-12-01_08-01-09.BMP,1,1,0,0.75,2,1
2687,2RLAI_SCAP_VE_MEAS_FIB_{MEASURE1}_P004_DX14DY3SDX9SDY34_2020-11-02_04-24-01.BMP,1,1,0,0.5,2,1
2688,2RLAQ_SCAP_VE_MEAS_FIB_{MEASURE1}_P003_DX12DY10SDX9SDY36_2020-10-26_16-19-32.BMP,1,1,0,0.6,2,1
2689,2RLB0_SCAP_VE_MEAS_FIB_{MEASURE1}_P002_DX4DY11SDX9SDY37_2020-10-09_12-09-13.BMP,1,1,0,0.63,2,1
2690,2RLBO_SCAP_VE_MEAS_FIB_{MEASURE1}_P004_DX14DY3SDX9SDY34_2020-10-31_01-37-44.BMP,1,1,0,0.74,2,1
2691,2RLCA_SCAP_VE_MEAS_FIB_{MEASURE1}_P002_DX4DY11SDX9SDY37_2020-10-27_10-21-40.BMP,1,1,1,0.53,2,1
2692,2RLCA_SCAP_VE_MEAS_FIB_{MEASURE1}_P003_DX12DY10SDX9SDY37_2020-10-27_10-21-40.BMP,1,1,0,0.48,2,1
2693,2RLD0_SCAP_VE_MEAS_FIB_{MEASURE1}_P004_DX14DY3SDX9SDY34_2020-11-08_14-56-09.BMP,1,1,1,0.46,2,1
2694,2RLD0_SCAP_VE_MEAS_FIB_{MEASURE1}_P002_DX4DY11SDX9SDY37_2020-11-08_14-56-09.BMP,1,1,0,0.74,2,1
2695,2RLDK_SCAP_VE_MEAS_FIB_{MEASURE1}_P001_DX9DY9SDX9SDY37_2020-10-25_02-16-03.BMP,1,1,1,0.59,2,1
2696,2RLDK_SCAP_VE_MEAS_FIB_{MEASURE1}_P003_DX12DY10SDX9SDY37_2020-10-25_02-16-03.BMP,1,1,0,0.87,2,1
2697,2RLDY_SCAP_VE_MEAS_FIB_{MEASURE1}_P002_DX4DY11SDX9SDY37_2020-10-21_03-00-45.BMP,1,1,0,0.5,2,1
2698,2RLF2_SCAP_VE_MEAS_FIB_{MEASURE1}_P001_DX9DY9SDX9SDY37_2020-11-01_01-06-45.BMP,1,1,0,0.53,2,1
2699,2RLF6_SCAP_VE_MEAS_FIB_{MEASURE1}_P003_DX12DY10SDX9SDY37_2020-11-02_19-54-47.BMP,1,1,0,0.49,2,1
2700,2RLFA_SCAP_VE_MEAS_FIB_{MEASURE1}_P002_DX4DY11SDX9SDY37_2020-11-24_13-08-33.BMP,1,1,1,0.57,2,1
2701,2RLGK_SCAP_VE_MEAS_FIB_{MEASURE1}_P001_DX9DY9SDX9SDY37_2020-11-01_06-18-03.BMP,1,1,0,0.49,2,1
2702,2RLGK_SCAP_VE_MEAS_FIB_{MEASURE1}_P003_DX12DY10SDX9SDY37_2020-11-01_06-18-03.BMP,1,1,0,0.94,2,1
2703,2RLHO_SCAP_VE_MEAS_FIB_{MEASURE1}_P001_DX9DY9SDX9SDY37_2020-11-23_17-01-15.BMP,1,1,0,0.4,2,1
2704,2RLI2_SCAP_VE_MEAS_FIB_{MEASURE1}_P003_DX12DY10SDX9SDY37_2020-11-02_21-27-06.BMP,1,1,0,0.82,2,1
2705,2RLI8_SCAP_VE_MEAS_FIB_{MEASURE1}_P001_DX9DY9SDX9SDY37_2020-11-20_23-42-03.BMP,1,1,1,0.63,2,1
2706,2RLIG_SCAP_VE_MEAS_FIB_{MEASURE1}_P001_DX9DY9SDX9SDY37_2020-11-26_20-00-00.BMP,1,1,0,0.43,2,1
2707,2RLK6_SCAP_VE_MEAS_FIB_{MEASURE1}_P002_DX4DY11SDX9SDY37_2020-11-22_01-32-07.BMP,1,1,0,0.6,2,1
2708,2RLLM_SCAP_VE_MEAS_FIB_{MEASURE1}_P003_DX12DY10SDX9SDY37_2020-11-30_23-25-27.BMP,1,1,0,0.93,2,1
2709,2RLLW_SCAP_VE_MEAS_FIB_{MEASURE1}_P003_DX12DY10SDX9SDY37_2020-11-02_02-30-30.BMP,1,1,0,0.8,2,1
2710,2RLM0_SCAP_VE_MEAS_FIB_{MEASURE1}_P003_DX12DY10SDX9SDY37_2020-12-07_01-58-51.BMP,1,1,0,0.67,2,1
2711,2RLM8_SCAP_VE_MEAS_FIB_{MEASURE1}_P001_DX9DY9SDX9SDY37_2020-11-01_15-21-04.BMP,1,1,1,0.61,2,1
2712,2RLMW_SCAP_VE_MEAS_FIB_{MEASURE1}_P001_DX9DY9SDX9SDY37_2020-12-07_02-01-55.BMP,1,1,0,0.7,2,1
2713,2RLN0_SCAP_VE_MEAS_FIB_{MEASURE1}_P001_DX9DY9SDX9SDY37_2020-11-18_14-46-09.BMP,1,1,1,0.77,2,1
2714,2RLN6_SCAP_VE_MEAS_FIB_{MEASURE1}_P002_DX4DY11SDX9SDY37_2020-12-05_03-46-55.BMP,1,1,1,0.66,2,1
2715,2RLN8_SCAP_VE_MEAS_FIB_{MEASURE1}_P004_DX14DY3SDX9SDY34_2020-12-02_20-06-28.BMP,1,1,0,0.4,2,1
2716,2RLNK_SCAP_VE_MEAS_FIB_{MEASURE1}_P002_DX4DY11SDX9SDY37_2020-12-03_07-25-17.BMP,1,1,0,0.76,2,1
2717,2RLOG_SCAP_VE_MEAS_FIB_{MEASURE1}_P001_DX9DY9SDX9SDY37_2020-12-09_12-50-33.BMP,1,1,0,0.6,2,1
2718,2RLOG_SCAP_VE_MEAS_FIB_{MEASURE1}_P003_DX12DY10SDX9SDY37_2020-12-09_12-50-33.BMP,1,1,0,0.42,2,1
2719,2RLQ0_SCAP_VE_MEAS_FIB_{MEASURE1}_P004_DX14DY3SDX9SDY34_2020-12-18_15-30-12.BMP,1,1,1,0.61,2,1
2720,3AIDW_SCAP_VE_MEAS_FIB_{MEASURE1}_P001_DX9DY9SDX9SDY14_2020-11-08_09-41-43.BMP,1,1,1,0.59,2,1
2721,3AIG0_SCAP_VE_MEAS_FIB_{MEASURE1}_P001_DX9DY9SDX9SDY14_2020-09-20_04-32-55.BMP,1,1,1,0.6,2,1
2722,3AIG4_SCAP_VE_MEAS_FIB_{MEASURE1}_P002_DX4DY11SDX9SDY14_2020-09-22_03-31-16.BMP,1,1,0,0.5,2,1
2723,3AIG6_SCAP_VE_MEAS_FIB_{MEASURE1}_P001_DX9DY9SDX9SDY14_2020-12-02_12-11-33.BMP,1,1,1,0.51,2,1
2724,3AIGA_SCAP_VE_MEAS_FIB_{MEASURE1}_P001_DX9DY9SDX9SDY14_2020-09-05_23-20-18.BMP,1,1,0,0.64,2,1
2725,3AIGA_SCAP_VE_MEAS_FIB_{MEASURE1}_P004_DX14DY3SDX9SDY14_2020-09-05_23-20-18.BMP,1,1,0,0.84,2,1
2726,3AIHG_SCAP_VE_MEAS_FIB_{MEASURE1}_P002_DX4DY11SDX9SDY14_2020-10-11_17-49-38.BMP,1,1,0,0.65,2,1
2727,3AIHE_SCAP_VE_MEAS_FIB_{MEASURE1}_P004_DX14DY3SDX9SDY14_2020-09-19_23-50-40.BMP,1,1,0,0.8,2,1
2728,3AIHG_SCAP_VE_MEAS_FIB_{MEASURE1}_P001_DX9DY9SDX9SDY14_2020-10-11_17-49-38.BMP,1,1,0,0.4,2,1
2729,3AIHG_SCAP_VE_MEAS_FIB_{MEASURE1}_P004_DX14DY3SDX9SDY14_2020-10-11_17-49-38.BMP,1,1,0,0.67,2,1
2730,3AIHG_SCAP_VE_MEAS_FIB_{MEASURE1}_P003_DX12DY10SDX9SDY14_2020-10-11_17-49-38.BMP,1,1,0,0.45,2,1
2731,3AIIK_SCAP_VE_MEAS_FIB_{MEASURE1}_P001_DX9DY9SDX9SDY14_2020-09-29_12-16-00.BMP,1,1,0,0.58,2,1
2732,3AIIK_SCAP_VE_MEAS_FIB_{MEASURE1}_P003_DX12DY10SDX9SDY14_2020-09-29_12-16-00.BMP,1,1,0,0.92,2,1
2733,3AIJ4_SCAP_VE_MEAS_FIB_{MEASURE1}_P001_DX9DY9SDX9SDY14_2020-10-30_08-17-55.BMP,1,1,1,0.78,2,1
2734,3AIJE_SCAP_VE_MEAS_FIB_{MEASURE1}_P003_DX12DY10SDX9SDY14_2020-09-29_09-51-06.BMP,1,1,0,0.82,2,1
2735,3AILG_SCAP_VE_MEAS_FIB_{MEASURE1}_P004_DX14DY3SDX9SDY14_2020-09-26_21-25-27.BMP,1,1,1,0.8,2,1
2736,3AIN4_SCAP_VE_MEAS_FIB_{MEASURE1}_P004_DX14DY3SDX9SDY12_2020-10-27_12-12-45.BMP,1,1,1,0.47,2,1
2737,3AINA_SCAP_VE_MEAS_FIB_{MEASURE1}_P003_DX12DY10SDX9SDY14_2020-09-25_16-04-06.BMP,1,1,1,0.6,2,1
2738,3AINM_SCAP_VE_MEAS_FIB_{MEASURE1}_P001_DX9DY9SDX9SDY14_2020-09-29_08-42-38.BMP,1,1,1,0.91,2,1
2739,3AING_SCAP_VE_MEAS_FIB_{MEASURE1}_P002_DX4DY11SDX9SDY14_2020-09-19_16-17-32.BMP,1,1,0,0.58,2,1
2740,3AINM_SCAP_VE_MEAS_FIB_{MEASURE1}_P002_DX4DY11SDX9SDY14_2020-09-29_08-42-38.BMP,1,1,1,0.78,2,1
2741,3AIOQ_SCAP_VE_MEAS_FIB_{MEASURE1}_P001_DX9DY9SDX9SDY14_2020-10-13_16-47-58.BMP,1,1,1,0.74,2,1
2742,3AIOQ_SCAP_VE_MEAS_FIB_{MEASURE1}_P002_DX4DY11SDX9SDY14_2020-10-13_16-47-58.BMP,1,1,0,0.41,2,1
2743,3AIP0_SCAP_VE_MEAS_FIB_{MEASURE1}_P001_DX9DY9SDX9SDY14_2020-10-10_22-49-50.BMP,1,1,0,0.82,2,1
2744,3AIQ0_SCAP_VE_MEAS_FIB_{MEASURE1}_P003_DX12DY10SDX9SDY14_2020-10-14_03-01-26.BMP,1,1,0,0.47,2,1
2745,3AIQI_SCAP_VE_MEAS_FIB_{MEASURE1}_P004_DX14DY3SDX9SDY14_2020-10-08_21-12-28.BMP,1,1,0,0.81,2,1
2746,3AIQO_SCAP_VE_MEAS_FIB_{MEASURE1}_P001_DX9DY9SDX9SDY14_2020-09-27_13-56-14.BMP,1,1,0,0.8,2,1
2747,3AIUM_SCAP_VE_MEAS_FIB_{MEASURE1}_P001_DX9DY9SDX9SDY14_2020-11-10_09-32-23.BMP,1,1,1,0.58,2,1
2748,3AIUW_SCAP_VE_MEAS_FIB_{MEASURE1}_P004_DX14DY3SDX9SDY14_2020-09-10_09-07-59.BMP,1,1,0,0.65,2,1
2749,3AIUW_SCAP_VE_MEAS_FIB_{MEASURE1}_P002_DX4DY11SDX9SDY14_2020-09-10_09-07-59.BMP,1,1,0,0.7,2,1
2750,3AIWA_SCAP_VE_MEAS_FIB_{MEASURE1}_P003_DX12DY10SDX9SDY14_2020-09-25_21-51-56.BMP,1,1,0,0.66,2,1
2751,3AIWK_SCAP_VE_MEAS_FIB_{MEASURE1}_P003_DX12DY10SDX9SDY14_2020-11-05_03-23-36.BMP,1,1,1,0.44,2,1
2752,3AIWQ_SCAP_VE_MEAS_FIB_{MEASURE1}_P002_DX4DY11SDX9SDY14_2020-12-09_08-51-42.BMP,1,1,0,0.83,2,1
2753,3AIWQ_SCAP_VE_MEAS_FIB_{MEASURE1}_P003_DX12DY10SDX9SDY14_2020-12-09_08-51-42.BMP,1,1,0,0.48,2,1
2754,3AIWW_SCAP_VE_MEAS_FIB_{MEASURE1}_P002_DX4DY11SDX9SDY14_2020-10-30_22-11-12.BMP,1,1,1,0.6,2,1
2755,3AIX6_SCAP_VE_MEAS_FIB_{MEASURE1}_P004_DX14DY3SDX9SDY14_2020-11-22_17-42-21.BMP,1,1,0,0.91,2,1
2756,3AIXK_SCAP_VE_MEAS_FIB_{MEASURE1}_P003_DX12DY10SDX9SDY14_2020-11-07_20-41-58.BMP,1,1,1,0.93,2,1
2757,3AIXS_SCAP_VE_MEAS_FIB_{MEASURE1}_P004_DX14DY3SDX9SDY14_2020-11-21_03-55-13.BMP,1,1,0,0.92,2,1
2758,3AIXS_SCAP_VE_MEAS_FIB_{MEASURE1}_P003_DX12DY10SDX9SDY14_2020-11-21_03-55-13.BMP,1,1,0,0.89,2,1
2759,3AIXW_SCAP_VE_MEAS_FIB_{MEASURE1}_P001_DX9DY9SDX9SDY14_2020-11-11_22-35-19.BMP,1,1,0,0.46,2,1
2760,3AIY2_SCAP_VE_MEAS_FIB_{MEASURE1}_P002_DX4DY11SDX9SDY14_2020-12-13_01-24-29.BMP,1,1,1,0.41,2,1
2761,3AIYM_SCAP_VE_MEAS_FIB_{MEASURE1}_P004_DX14DY3SDX9SDY14_2020-11-29_00-15-17.BMP,1,1,0,0.48,2,1
2762,3AIZG_SCAP_VE_MEAS_FIB_{MEASURE1}_P004_DX14DY3SDX9SDY13_2020-12-16_04-03-38.BMP,1,1,0,0.77,2,1
2763,3AIZM_SCAP_VE_MEAS_FIB_{MEASURE1}_P004_DX14DY3SDX9SDY14_2020-12-10_15-52-39.BMP,1,1,0,0.66,2,1
2764,3AJ02_SCAP_VE_MEAS_FIB_{MEASURE1}_P003_DX12DY10SDX9SDY14_2020-12-02_21-52-28.BMP,1,1,0,0.41,2,1
2765,3AJ0I_SCAP_VE_MEAS_FIB_{MEASURE1}_P004_DX14DY3SDX9SDY14_2020-12-08_02-28-11.BMP,1,1,0,0.5,2,1
2766,3AJ0K_SCAP_VE_MEAS_FIB_{MEASURE1}_P002_DX4DY11SDX9SDY14_2020-11-14_21-11-03.BMP,1,1,0,0.44,2,1
2767,3AJ0E_SCAP_VE_MEAS_FIB_{MEASURE1}_P003_DX12DY10SDX9SDY14_2020-12-14_08-49-25.BMP,1,1,0,0.84,2,1
2768,3AJ0O_SCAP_VE_MEAS_FIB_{MEASURE1}_P004_DX14DY3SDX9SDY14_2020-12-07_22-13-38.BMP,1,1,0,0.87,2,1
2769,3AJ1M_SCAP_VE_MEAS_FIB_{MEASURE1}_P001_DX9DY9SDX9SDY14_2020-12-08_07-59-45.BMP,1,1,0,0.48,2,1
2770,3AJ1M_SCAP_VE_MEAS_FIB_{MEASURE1}_P004_DX14DY3SDX9SDY14_2020-12-08_07-59-45.BMP,1,1,1,0.83,2,1
2771,3AJ28_SCAP_VE_MEAS_FIB_{MEASURE1}_P001_DX9DY9SDX9SDY14_2020-12-14_04-54-44.BMP,1,1,0,0.59,2,1
2772,3AJ28_SCAP_VE_MEAS_FIB_{MEASURE1}_P003_DX12DY10SDX9SDY14_2020-12-14_04-54-44.BMP,1,1,0,0.76,2,1
2773,3AJ40_SCAP_VE_MEAS_FIB_{MEASURE1}_P004_DX14DY3SDX9SDY14_2020-12-06_23-14-04.BMP,1,1,0,0.46,2,1
2774,3JNMU_SCAP_VE_MEAS_FIB_{MEASURE1}_P004_DX14DY3SDX8SDY16_2020-10-17_14-52-45.BMP,1,1,0,0.46,2,1
2775,3JNPW_SCAP_VE_MEAS_FIB_{MEASURE1}_P001_DX9DY9SDX8SDY16_2020-11-08_05-30-16.BMP,1,1,1,0.68,2,1
2776,3JNPY_SCAP_VE_MEAS_FIB_{MEASURE1}_P003_DX12DY10SDX8SDY16_2020-10-21_12-14-37.BMP,1,1,0,0.65,2,1
2777,3JNRU_SCAP_VE_MEAS_FIB_{MEASURE1}_P001_DX9DY9SDX8SDY16_2020-09-14_18-09-36.BMP,1,1,1,0.77,2,1
2778,3JNVE_SCAP_VE_MEAS_FIB_{MEASURE1}_P003_DX12DY10SDX8SDY16_2020-09-25_23-03-31.BMP,1,1,0,0.83,2,1
2779,3JNVE_SCAP_VE_MEAS_FIB_{MEASURE1}_P001_DX9DY9SDX8SDY16_2020-09-25_23-03-31.BMP,1,1,1,0.82,2,1
2780,3JNXI_SCAP_VE_MEAS_FIB_{MEASURE1}_P001_DX9DY9SDX8SDY16_2020-08-30_09-49-45.BMP,1,1,1,0.5,2,1
2781,3JO0G_SCAP_VE_MEAS_FIB_{MEASURE1}_P002_DX4DY11SDX8SDY16_2020-08-26_09-29-25.BMP,1,1,0,0.78,2,1
2782,3JO0M_SCAP_VE_MEAS_FIB_{MEASURE1}_P001_DX9DY9SDX8SDY16_2020-10-07_19-37-46.BMP,1,1,0,0.78,2,1
2783,3JO3G_SCAP_VE_MEAS_FIB_{MEASURE1}_P001_DX9DY9SDX8SDY16_2020-11-10_04-13-25.BMP,1,1,0,0.55,2,1
2784,3JO3K_SCAP_VE_MEAS_FIB_{MEASURE1}_P002_DX4DY11SDX8SDY16_2020-10-03_12-00-00.BMP,1,1,0,0.43,2,1
2785,3JO3K_SCAP_VE_MEAS_FIB_{MEASURE1}_P003_DX12DY10SDX8SDY16_2020-10-03_12-00-00.BMP,1,1,0,0.6,2,1
2786,3JO3Q_SCAP_VE_MEAS_FIB_{MEASURE1}_P004_DX14DY3SDX8SDY16_2020-09-13_22-00-36.BMP,1,1,0,0.91,2,1
2787,3JO4Q_SCAP_VE_MEAS_FIB_{MEASURE1}_P004_DX14DY3SDX8SDY16_2020-11-25_15-36-21.BMP,1,1,0,0.62,2,1
2788,3JO4Q_SCAP_VE_MEAS_FIB_{MEASURE1}_P003_DX12DY10SDX8SDY16_2020-11-25_15-36-21.BMP,1,1,1,0.41,2,1
2789,3JO6W_SCAP_VE_MEAS_FIB_{MEASURE1}_P003_DX12DY10SDX8SDY16_2020-09-10_23-34-45.BMP,1,1,0,0.62,2,1
2790,3JO6W_SCAP_VE_MEAS_FIB_{MEASURE1}_P004_DX14DY3SDX8SDY16_2020-09-10_23-34-45.BMP,1,1,0,0.81,2,1
2791,3JO8A_SCAP_VE_MEAS_FIB_{MEASURE1}_P001_DX9DY9SDX8SDY16_2020-11-23_04-17-01.BMP,1,1,0,0.89,2,1
2792,3JO9E_SCAP_VE_MEAS_FIB_{MEASURE1}_P001_DX9DY9SDX8SDY16_2020-08-25_21-48-10.BMP,1,1,0,0.53,2,1
2793,3JOAQ_SCAP_VE_MEAS_FIB_{MEASURE1}_P001_DX9DY9SDX8SDY16_2020-09-02_17-39-24.BMP,1,1,0,0.51,2,1
2794,3JOB8_SCAP_VE_MEAS_FIB_{MEASURE1}_P004_DX14DY3SDX8SDY16_2020-09-11_07-27-08.BMP,1,1,0,0.79,2,1
2795,3JOBS_SCAP_VE_MEAS_FIB_{MEASURE1}_P001_DX9DY9SDX8SDY15_2020-08-26_15-13-53.BMP,1,1,0,0.76,2,1
2796,3JOBS_SCAP_VE_MEAS_FIB_{MEASURE1}_P002_DX4DY11SDX8SDY16_2020-08-25_21-23-04.BMP,1,1,1,0.88,2,1
2797,3JOC6_SCAP_VE_MEAS_FIB_{MEASURE1}_P001_DX9DY9SDX8SDY16_2020-08-31_22-42-35.BMP,1,1,0,0.69,2,1
2798,3JOC0_SCAP_VE_MEAS_FIB_{MEASURE1}_P001_DX9DY9SDX8SDY16_2020-10-24_09-38-24.BMP,1,1,0,0.46,2,1
2799,3JOCE_SCAP_VE_MEAS_FIB_{MEASURE1}_P001_DX9DY9SDX8SDY15_2020-09-01_21-01-44.BMP,1,1,0,0.87,2,1
2800,3JOCE_SCAP_VE_MEAS_FIB_{MEASURE1}_P001_DX9DY9SDX8SDY16_2020-08-31_20-04-01.BMP,1,1,0,0.66,2,1
2801,3JOCG_SCAP_VE_MEAS_FIB_{MEASURE1}_P006_DX4DY8SDX5SDY30_2020-10-02_14-26-54.BMP,1,1,1,0.66,2,1
2802,3JOCG_SCAP_VE_MEAS_FIB_{MEASURE1}_P003_DX12DY10SDX8SDY16_2020-10-02_14-26-54.BMP,1,1,0,0.88,2,1
2803,3JOCG_SCAP_VE_MEAS_FIB_{MEASURE1}_P004_DX14DY3SDX8SDY16_2020-10-02_14-26-54.BMP,1,1,0,0.79,2,1
2804,3JOCG_SCAP_VE_MEAS_FIB_{MEASURE1}_P007_DX7DY4SDX12SDY30_2020-10-02_14-26-54.BMP,1,1,0,0.68,2,1
2805,3JOCG_SCAP_VE_MEAS_FIB_{MEASURE1}_P011_DX9DY12SDX12SDY30_2020-10-02_14-26-54.BMP,1,1,1,0.69,2,1
2806,3JOCI_SCAP_VE_MEAS_FIB_{MEASURE1}_P002_DX4DY11SDX8SDY16_2020-09-10_14-13-29.BMP,1,1,0,0.9,2,1
2807,3JOCI_SCAP_VE_MEAS_FIB_{MEASURE1}_P004_DX14DY3SDX8SDY16_2020-09-10_14-13-29.BMP,1,1,0,0.46,2,1
2808,3JOCI_SCAP_VE_MEAS_FIB_{MEASURE1}_P003_DX12DY10SDX8SDY16_2020-09-10_14-13-29.BMP,1,1,0,0.52,2,1
2809,3JOCS_SCAP_VE_MEAS_FIB_{MEASURE1}_P004_DX14DY3SDX8SDY16_2020-09-09_03-32-24.BMP,1,1,1,0.83,2,1
2810,3JODM_SCAP_VE_MEAS_FIB_{MEASURE1}_P004_DX14DY3SDX8SDY16_2020-08-25_13-09-38.BMP,1,1,0,0.91,2,1
2811,3JOEE_SCAP_VE_MEAS_FIB_{MEASURE1}_P004_DX14DY3SDX8SDY16_2020-08-27_15-45-40.BMP,1,1,1,0.63,2,1
2812,3JOEW_SCAP_VE_MEAS_FIB_{MEASURE1}_P004_DX14DY3SDX8SDY16_2020-08-23_04-41-46.BMP,1,1,0,0.53,2,1
2813,3JOGQ_SCAP_VE_MEAS_FIB_{MEASURE1}_P003_DX12DY10SDX8SDY16_2020-09-15_14-44-18.BMP,1,1,0,0.61,2,1
2814,3JOGW_SCAP_VE_MEAS_FIB_{MEASURE1}_P001_DX9DY9SDX8SDY16_2020-11-22_19-04-57.BMP,1,1,0,0.92,2,1
2815,3JOGW_SCAP_VE_MEAS_FIB_{MEASURE1}_P004_DX14DY3SDX8SDY16_2020-11-22_19-04-57.BMP,1,1,0,0.46,2,1
2816,3JOHO_SCAP_VE_MEAS_FIB_{MEASURE1}_P001_DX9DY9SDX8SDY16_2020-09-16_12-56-59.BMP,1,1,1,0.87,2,1
2817,3JOHO_SCAP_VE_MEAS_FIB_{MEASURE1}_P002_DX4DY11SDX8SDY16_2020-09-16_12-56-59.BMP,1,1,0,0.85,2,1
2818,3JOHO_SCAP_VE_MEAS_FIB_{MEASURE1}_P003_DX12DY10SDX8SDY16_2020-09-16_12-56-59.BMP,1,1,1,0.86,2,1
2819,3JOHY_SCAP_VE_MEAS_FIB_{MEASURE1}_P001_DX9DY9SDX8SDY16_2020-10-05_14-33-14.BMP,1,1,1,0.81,2,1
2820,3JOI4_SCAP_VE_MEAS_FIB_{MEASURE1}_P003_DX12DY10SDX8SDY16_2020-08-31_19-27-46.BMP,1,1,0,0.82,2,1
2821,3JOJW_SCAP_VE_MEAS_FIB_{MEASURE1}_P003_DX12DY10SDX8SDY16_2020-10-03_14-00-11.BMP,1,1,1,0.57,2,1
2822,3JOJW_SCAP_VE_MEAS_FIB_{MEASURE1}_P004_DX14DY3SDX8SDY16_2020-10-03_14-00-11.BMP,1,1,1,0.61,2,1
2823,3JOJY_SCAP_VE_MEAS_FIB_{MEASURE1}_P003_DX12DY10SDX8SDY16_2020-09-06_15-23-02.BMP,1,1,0,0.94,2,1
2824,3JOK8_SCAP_VE_MEAS_FIB_{MEASURE1}_P002_DX4DY11SDX8SDY16_2020-09-07_13-13-31.BMP,1,1,0,0.55,2,1
2825,3JOKI_SCAP_VE_MEAS_FIB_{MEASURE1}_P003_DX12DY10SDX8SDY16_2020-09-23_05-43-29.BMP,1,1,0,0.91,2,1
2826,3JOKI_SCAP_VE_MEAS_FIB_{MEASURE1}_P002_DX4DY11SDX8SDY16_2020-09-23_05-43-29.BMP,1,1,0,0.42,2,1
2827,3JOKI_SCAP_VE_MEAS_FIB_{MEASURE1}_P001_DX9DY9SDX8SDY16_2020-09-23_05-43-29.BMP,1,1,0,0.62,2,1
2828,3JOKQ_SCAP_VE_MEAS_FIB_{MEASURE1}_P004_DX14DY3SDX8SDY16_2020-09-24_22-52-05.BMP,1,1,0,0.5,2,1
2829,3JOL2_SCAP_VE_MEAS_FIB_{MEASURE1}_P001_DX9DY9SDX8SDY16_2020-10-02_07-45-13.BMP,1,1,0,0.67,2,1
2830,3JOL2_SCAP_VE_MEAS_FIB_{MEASURE1}_P002_DX4DY11SDX8SDY16_2020-10-02_07-45-13.BMP,1,1,0,0.64,2,1
2831,3JOL2_SCAP_VE_MEAS_FIB_{MEASURE1}_P004_DX14DY3SDX8SDY15_2020-10-02_14-14-34.BMP,1,1,1,0.56,2,1
2832,3JOL2_SCAP_VE_MEAS_FIB_{MEASURE1}_P006_DX4DY8SDX5SDY30_2020-10-02_07-45-13.BMP,1,1,0,0.94,2,1
2833,3JOL2_SCAP_VE_MEAS_FIB_{MEASURE1}_P013_DX12DY11SDX12SDY30_2020-10-02_07-45-13.BMP,1,1,0,0.75,2,1
2834,3JOL2_SCAP_VE_MEAS_FIB_{MEASURE1}_P007_DX7DY4SDX12SDY30_2020-10-02_07-45-13.BMP,1,1,1,0.78,2,1
2835,3JOL2_SCAP_VE_MEAS_FIB_{MEASURE1}_P015_DX14DY9SDX12SDY30_2020-10-02_07-45-13.BMP,1,1,1,0.86,2,1
2836,3JOL8_SCAP_VE_MEAS_FIB_{MEASURE1}_P001_DX9DY9SDX8SDY16_2020-09-29_13-43-04.BMP,1,1,0,0.55,2,1
2837,3JOL6_SCAP_VE_MEAS_FIB_{MEASURE1}_P003_DX12DY10SDX8SDY16_2020-10-28_22-47-26.BMP,1,1,1,0.65,2,1
2838,3JOLK_SCAP_VE_MEAS_FIB_{MEASURE1}_P001_DX9DY9SDX8SDY16_2020-08-29_13-43-09.BMP,1,1,0,0.73,2,1
2839,3JOM0_SCAP_VE_MEAS_FIB_{MEASURE1}_P001_DX9DY9SDX8SDY16_2020-09-07_14-28-27.BMP,1,1,0,0.44,2,1
2840,3JOMU_SCAP_VE_MEAS_FIB_{MEASURE1}_P002_DX4DY11SDX8SDY16_2020-10-25_14-49-53.BMP,1,1,0,0.83,2,1
2841,3JOMU_SCAP_VE_MEAS_FIB_{MEASURE1}_P003_DX12DY10SDX8SDY16_2020-10-25_14-49-53.BMP,1,1,1,0.68,2,1
2842,3JOMW_SCAP_VE_MEAS_FIB_{MEASURE1}_P002_DX4DY11SDX8SDY16_2020-10-02_15-39-56.BMP,1,1,0,0.46,2,1
2843,3JOMW_SCAP_VE_MEAS_FIB_{MEASURE1}_P001_DX9DY9SDX8SDY16_2020-10-02_15-39-56.BMP,1,1,0,0.73,2,1
2844,3JOMW_SCAP_VE_MEAS_FIB_{MEASURE1}_P004_DX14DY3SDX8SDY16_2020-10-02_15-39-56.BMP,1,1,0,0.4,2,1
2845,3JON6_SCAP_VE_MEAS_FIB_{MEASURE1}_P003_DX12DY10SDX8SDY16_2020-08-23_10-40-51.BMP,1,1,0,0.63,2,1
2846,3JONA_SCAP_VE_MEAS_FIB_{MEASURE1}_P002_DX4DY11SDX8SDY16_2020-08-24_22-47-25.BMP,1,1,1,0.44,2,1
2847,3JOP4_SCAP_VE_MEAS_FIB_{MEASURE1}_P003_DX12DY10SDX8SDY16_2020-10-18_10-55-08.BMP,1,1,1,0.4,2,1
2848,3JOPG_SCAP_VE_MEAS_FIB_{MEASURE1}_P001_DX9DY9SDX8SDY16_2020-10-17_04-25-16.BMP,1,1,1,0.85,2,1
2849,3JOSS_SCAP_VE_MEAS_FIB_{MEASURE1}_P003_DX12DY10SDX8SDY16_2020-10-12_01-04-13.BMP,1,1,0,0.5,2,1
2850,3JOT0_SCAP_VE_MEAS_FIB_{MEASURE1}_P001_DX9DY9SDX8SDY16_2020-10-15_13-10-29.BMP,1,1,0,0.7,2,1
2851,3JOUM_SCAP_VE_MEAS_FIB_{MEASURE1}_P003_DX12DY10SDX8SDY16_2020-12-15_07-31-31.BMP,1,1,0,0.93,2,1
2852,3JOUO_SCAP_VE_MEAS_FIB_{MEASURE1}_P001_DX9DY9SDX8SDY16_2020-11-02_15-32-11.BMP,1,1,0,0.7,2,1
2853,3JOY6_SCAP_VE_MEAS_FIB_{MEASURE1}_P004_DX14DY3SDX8SDY15_2020-11-17_07-50-20.BMP,1,1,0,0.8,2,1
2854,5X6RS_SCAP_VE_MEAS_FIB_{MEASURE1}_P002_DX4DY11SDX12SDY42_2020-09-01_07-35-36.BMP,1,1,0,0.49,2,1
2855,5X6RS_SCAP_VE_MEAS_FIB_{MEASURE1}_P004_DX6DY5SDX8SDY22_2020-09-01_01-14-36.BMP,1,1,0,0.8,2,1
2856,5X6RS_SCAP_VE_MEAS_FIB_{MEASURE1}_P003_DX14DY3SDX2SDY44_2020-09-01_01-14-36.BMP,1,1,0,0.47,2,1
2857,5X6S6_SCAP_VE_MEAS_FIB_{MEASURE1}_P002_DX4DY11SDX12SDY43_2020-09-01_02-30-41.BMP,1,1,0,0.7,2,1
2858,5X6S6_SCAP_VE_MEAS_FIB_{MEASURE1}_P003_DX14DY3SDX2SDY44_2020-09-01_02-30-41.BMP,1,1,0,0.44,2,1
2859,5X6SE_SCAP_VE_MEAS_FIB_{MEASURE1}_P003_DX14DY3SDX2SDY44_2020-08-30_17-05-32.BMP,1,1,0,0.47,2,1
2860,5X6SE_SCAP_VE_MEAS_FIB_{MEASURE1}_P002_DX4DY11SDX12SDY43_2020-08-30_17-05-32.BMP,1,1,0,0.74,2,1
2861,5X6TS_SCAP_VE_MEAS_FIB_{MEASURE1}_P004_DX6DY5SDX8SDY22_2020-09-23_02-31-39.BMP,1,1,0,0.52,2,1
2862,5X6SE_SCAP_VE_MEAS_FIB_{MEASURE1}_P004_DX6DY5SDX8SDY22_2020-08-30_17-05-32.BMP,1,1,1,0.85,2,1
2863,5X6VK_SCAP_VE_MEAS_FIB_{MEASURE1}_P004_DX6DY5SDX8SDY22_2020-10-16_09-49-20.BMP,1,1,0,0.48,2,1
2864,5X6W0_SCAP_VE_MEAS_FIB_{MEASURE1}_P003_DX14DY3SDX2SDY44_2020-10-29_10-12-32.BMP,1,1,0,0.45,2,1
2865,6GIOS_SCAP_VE_MEAS_FIB_{MEASURE1}_P002_DX4DY11SDX9SDY14_2020-09-22_15-09-46.BMP,1,1,0,0.41,2,1
2866,6GIQI_SCAP_VE_MEAS_FIB_{MEASURE1}_P001_DX9DY9SDX9SDY14_2020-09-22_15-22-24.BMP,1,1,0,0.87,2,1
2867,6GISK_SCAP_VE_MEAS_FIB_{MEASURE1}_P003_DX12DY10SDX9SDY14_2020-09-13_09-06-41.BMP,1,1,0,0.69,2,1
2868,6GIV4_SCAP_VE_MEAS_FIB_{MEASURE1}_P002_DX4DY11SDX9SDY14_2020-11-18_05-45-02.BMP,1,1,0,0.52,2,1
2869,6GIV2_SCAP_VE_MEAS_FIB_{MEASURE1}_P004_DX14DY3SDX9SDY14_2020-10-30_08-42-53.BMP,1,1,0,0.4,2,1
2870,6GIVQ_SCAP_VE_MEAS_FIB_{MEASURE1}_P004_DX14DY3SDX9SDY14_2020-11-15_05-50-46.BMP,1,1,0,0.75,2,1
2871,6GIVW_SCAP_VE_MEAS_FIB_{MEASURE1}_P003_DX12DY10SDX9SDY14_2020-11-07_16-02-53.BMP,1,1,0,0.79,2,1
2872,6GIWO_SCAP_VE_MEAS_FIB_{MEASURE1}_P001_DX9DY9SDX9SDY14_2020-10-30_08-57-43.BMP,1,1,1,0.82,2,1
2873,6GIXU_SCAP_VE_MEAS_FIB_{MEASURE1}_P004_DX14DY3SDX9SDY14_2020-10-14_23-20-14.BMP,1,1,1,0.82,2,1
2874,6S3MK_SCAP_VE_MEAS_FIB_{MEASURE1}_P002_DX4DY11SDX9SDY14_2020-10-20_22-47-03.BMP,1,1,0,0.53,2,1
2875,6S3LS_SCAP_VE_MEAS_FIB_{MEASURE1}_P004_DX14DY3SDX9SDY14_2020-09-26_03-05-22.BMP,1,1,0,0.4,2,1
2876,6S3NW_SCAP_VE_MEAS_FIB_{MEASURE1}_P004_DX14DY3SDX9SDY14_2020-09-12_01-20-54.BMP,1,1,0,0.44,2,1
2877,6S3OK_SCAP_VE_MEAS_FIB_{MEASURE1}_P001_DX9DY9SDX9SDY12_2020-12-05_03-43-23.BMP,1,1,0,0.41,2,1
2878,6S3OK_SCAP_VE_MEAS_FIB_{MEASURE1}_P004_DX14DY3SDX9SDY14_2020-12-05_00-27-06.BMP,1,1,0,0.4,2,1
2879,6S3OW_SCAP_VE_MEAS_FIB_{MEASURE1}_P004_DX12DY10SDX9SDY12_2020-10-31_16-48-45.BMP,1,1,0,0.47,2,1
2880,6S3P0_SCAP_VE_MEAS_FIB_{MEASURE1}_P004_DX14DY3SDX9SDY14_2020-12-05_22-32-03.BMP,1,1,0,0.62,2,1
2881,6S3QA_SCAP_VE_MEAS_FIB_{MEASURE1}_P001_DX9DY9SDX9SDY14_2020-12-06_17-34-34.BMP,1,1,0,0.52,2,1
2882,6S3QW_SCAP_VE_MEAS_FIB_{MEASURE1}_P002_DX4DY11SDX9SDY14_2020-12-08_22-26-32.BMP,1,1,0,0.76,2,1
2883,6S3QU_SCAP_VE_MEAS_FIB_{MEASURE1}_P002_DX4DY11SDX9SDY14_2020-12-06_17-34-11.BMP,1,1,1,0.84,2,1
2884,6S3QW_SCAP_VE_MEAS_FIB_{MEASURE1}_P004_DX14DY3SDX9SDY14_2020-12-08_22-26-32.BMP,1,1,0,0.62,2,1
2885,8XJ6W_SCAP_VE_MEAS_FIB_{MEASURE1}_P001_DX9DY9SDX4SDY9_2020-10-30_03-38-40.BMP,1,1,1,0.79,2,1
2886,6S3RA_SCAP_VE_MEAS_FIB_{MEASURE1}_P003_DX12DY10SDX9SDY14_2020-12-08_22-55-16.BMP,1,1,0,0.47,2,1
2887,6S3RA_SCAP_VE_MEAS_FIB_{MEASURE1}_P002_DX4DY11SDX9SDY14_2020-12-08_22-55-16.BMP,1,1,0,0.57,2,1
2888,8XJ6W_SCAP_VE_MEAS_FIB_{MEASURE1}_P002_DX4DY11SDX12SDY43_2020-10-30_03-38-40.BMP,1,1,0,0.52,2,1
2889,8XJ6W_SCAP_VE_MEAS_FIB_{MEASURE1}_P005_DX11DY8SDX8SDY22_2020-10-30_03-38-40.BMP,1,1,0,0.42,2,1
2890,8XJ6W_SCAP_VE_MEAS_FIB_{MEASURE1}_P006_DX6DY5SDX8SDY22_2020-10-30_03-38-40.BMP,1,1,0,0.87,2,1
2891,8XJ6Y_SCAP_VE_MEAS_FIB_{MEASURE1}_P001_DX9DY9SDX4SDY9_2020-12-20_01-41-04.BMP,1,1,0,0.86,2,1
2892,8XJ6Y_SCAP_VE_MEAS_FIB_{MEASURE1}_P005_DX11DY8SDX8SDY22_2020-12-20_01-41-04.BMP,1,1,0,0.72,2,1
2893,8XJ7A_SCAP_VE_MEAS_FIB_{MEASURE1}_P001_DX9DY9SDX4SDY9_2020-12-03_16-24-55.BMP,1,1,0,0.44,2,1
2894,8XJ7A_SCAP_VE_MEAS_FIB_{MEASURE1}_P004_DX9DY15SDX10SDY24_2020-12-03_16-24-55.BMP,1,1,0,0.5,2,1
2895,8XJ7A_SCAP_VE_MEAS_FIB_{MEASURE1}_P003_DX14DY3SDX2SDY44_2020-12-03_16-24-55.BMP,1,1,1,0.52,2,1
2896,8XJ7G_SCAP_VE_MEAS_FIB_{MEASURE1}_P002_DX4DY11SDX12SDY43_2020-10-25_03-28-58.BMP,1,1,1,0.84,2,1
2897,8XJ7I_SCAP_VE_MEAS_FIB_{MEASURE1}_P003_DX14DY3SDX2SDY44_2020-10-13_19-18-58.BMP,1,1,1,0.82,2,1
2898,8XJ7I_SCAP_VE_MEAS_FIB_{MEASURE1}_P006_DX6DY5SDX8SDY22_2020-10-13_19-18-58.BMP,1,1,1,0.59,2,1
2899,8XJ7K_SCAP_VE_MEAS_FIB_{MEASURE1}_P005_DX11DY8SDX8SDY22_2020-12-09_09-01-07.BMP,1,1,0,0.67,2,1
2900,8XJ9I_SCAP_VE_MEAS_FIB_{MEASURE1}_P003_DX14DY3SDX2SDY43_2020-11-09_16-49-19.BMP,1,1,0,0.44,2,1
2901,8XJ9I_SCAP_VE_MEAS_FIB_{MEASURE1}_P004_DX9DY15SDX10SDY23_2020-11-09_16-49-19.BMP,1,1,0,0.6,2,1
2902,8XJBI_SCAP_VE_MEAS_FIB_{MEASURE1}_P006_DX6DY5SDX8SDY22_2020-12-13_18-15-08.BMP,1,1,0,0.92,2,1
2903,8XJBI_SCAP_VE_MEAS_FIB_{MEASURE1}_P004_DX9DY15SDX10SDY24_2020-12-13_18-15-08.BMP,1,1,0,0.92,2,1
2904,8XJC6_SCAP_VE_MEAS_FIB_{MEASURE1}_P005_DX11DY8SDX8SDY22_2020-12-19_01-41-49.BMP,1,1,0,0.82,2,1
2905,8XJCE_SCAP_VE_MEAS_FIB_{MEASURE1}_P002_DX4DY11SDX12SDY43_2020-11-08_15-05-53.BMP,1,1,0,0.63,2,1
2906,8XJCE_SCAP_VE_MEAS_FIB_{MEASURE1}_P003_DX14DY3SDX2SDY44_2020-11-08_15-05-53.BMP,1,1,0,0.8,2,1
2907,8XJD4_SCAP_VE_MEAS_FIB_{MEASURE1}_P002_DX4DY11SDX12SDY43_2020-11-20_09-09-16.BMP,1,1,0,0.91,2,1
2908,8XJDI_SCAP_VE_MEAS_FIB_{MEASURE1}_P001_DX9DY9SDX4SDY9_2020-12-11_01-17-29.BMP,1,1,0,0.79,2,1
2909,8XJE6_SCAP_VE_MEAS_FIB_{MEASURE1}_P001_DX9DY9SDX4SDY9_2020-12-13_18-19-22.BMP,1,1,0,0.49,2,1
2910,8XJGG_SCAP_VE_MEAS_FIB_{MEASURE1}_P003_DX14DY3SDX2SDY44_2020-10-19_03-54-03.BMP,1,1,0,0.58,2,1
2911,8XJGU_SCAP_VE_MEAS_FIB_{MEASURE1}_P001_DX9DY9SDX4SDY8_2020-12-07_01-29-15.BMP,1,1,0,0.53,2,1
2912,8XJMM_SCAP_VE_MEAS_FIB_{MEASURE1}_P006_DX6DY5SDX8SDY21_2020-08-25_15-17-43.BMP,1,1,1,0.94,2,1
2913,H51H8_SCAP_VE_MEAS_FIB_{MEASURE1}_P001_DX9DY9SDX9SDY14_2020-10-19_20-56-31.BMP,1,1,0,0.91,2,1
2914,I6TR4_SCAP_VE_MEAS_FIB_{MEASURE1}_P001_DX9DY9SDX9SDY36_2020-11-08_07-47-06.BMP,1,1,0,0.74,2,1
2915,I6U1E_SCAP_VE_MEAS_FIB_{MEASURE1}_P002_DX4DY11SDX9SDY37_2020-09-17_20-35-58.BMP,1,1,0,0.87,2,1
2916,I6U72_SCAP_VE_MEAS_FIB_{MEASURE1}_P002_DX4DY11SDX9SDY37_2020-09-26_14-26-59.BMP,1,1,1,0.86,2,1
2917,I6UAG_SCAP_VE_MEAS_FIB_{MEASURE1}_P004_DX14DY3SDX9SDY34_2020-08-24_03-54-19.BMP,1,1,0,0.61,2,1
2918,I6UEW_SCAP_VE_MEAS_FIB_{MEASURE1}_P003_DX12DY10SDX9SDY37_2020-09-09_13-00-23.BMP,1,1,1,0.43,2,1
2919,I6UGU_SCAP_VE_MEAS_FIB_{MEASURE1}_P002_DX4DY11SDX9SDY37_2020-09-23_07-42-29.BMP,1,1,0,0.53,2,1
2920,I6UHA_SCAP_VE_MEAS_FIB_{MEASURE1}_P001_DX9DY9SDX9SDY37_2020-09-10_13-26-37.BMP,1,1,0,0.89,2,1
2921,I6UHS_SCAP_VE_MEAS_FIB_{MEASURE1}_P004_DX14DY3SDX9SDY34_2020-10-19_08-14-19.BMP,1,1,1,0.56,2,1
2922,I6UIM_SCAP_VE_MEAS_FIB_{MEASURE1}_P001_DX9DY9SDX9SDY37_2020-09-16_22-02-33.BMP,1,1,0,0.44,2,1
2923,I6UIW_SCAP_VE_MEAS_FIB_{MEASURE1}_P002_DX4DY11SDX9SDY37_2020-09-28_21-21-12.BMP,1,1,1,0.44,2,1
2924,I6UJQ_SCAP_VE_MEAS_FIB_{MEASURE1}_P002_DX4DY11SDX9SDY37_2020-09-17_09-03-31.BMP,1,1,1,0.59,2,1
2925,I6UKS_SCAP_VE_MEAS_FIB_{MEASURE1}_P002_DX4DY11SDX9SDY37_2020-09-19_05-58-06.BMP,1,1,0,0.73,2,1
2926,I6UKU_SCAP_VE_MEAS_FIB_{MEASURE1}_P003_DX12DY10SDX9SDY37_2020-09-26_05-15-34.BMP,1,1,0,0.44,2,1
2927,I6UKU_SCAP_VE_MEAS_FIB_{MEASURE1}_P004_DX14DY3SDX9SDY34_2020-09-26_05-15-34.BMP,1,1,0,0.63,2,1
2928,I6ULE_SCAP_VE_MEAS_FIB_{MEASURE1}_P001_DX9DY9SDX9SDY37_2020-09-27_00-41-30.BMP,1,1,0,0.93,2,1
2929,I6UMY_SCAP_VE_MEAS_FIB_{MEASURE1}_P001_DX9DY9SDX9SDY37_2020-09-22_13-23-39.BMP,1,1,1,0.79,2,1
2930,I6UMY_SCAP_VE_MEAS_FIB_{MEASURE1}_P004_DX14DY3SDX9SDY34_2020-09-22_13-23-39.BMP,1,1,0,0.89,2,1
2931,I6UNK_SCAP_VE_MEAS_FIB_{MEASURE1}_P004_DX14DY3SDX9SDY34_2020-09-22_20-34-42.BMP,1,1,0,0.45,2,1
2932,I6UNK_SCAP_VE_MEAS_FIB_{MEASURE1}_P001_DX9DY9SDX9SDY37_2020-09-22_20-34-42.BMP,1,1,1,0.64,2,1
2933,I6UNK_SCAP_VE_MEAS_FIB_{MEASURE1}_P002_DX4DY11SDX9SDY37_2020-09-22_20-34-42.BMP,1,1,0,0.84,2,1
2934,I6UO8_SCAP_VE_MEAS_FIB_{MEASURE1}_P002_DX4DY11SDX9SDY37_2020-10-04_09-29-14.BMP,1,1,0,0.76,2,1
2935,I6UOE_SCAP_VE_MEAS_FIB_{MEASURE1}_P003_DX12DY10SDX9SDY37_2020-09-26_22-00-48.BMP,1,1,1,0.73,2,1
2936,I6UP0_SCAP_VE_MEAS_FIB_{MEASURE1}_P001_DX9DY9SDX9SDY37_2020-09-23_12-14-27.BMP,1,1,0,0.69,2,1
2937,I6UP6_SCAP_VE_MEAS_FIB_{MEASURE1}_P002_DX4DY11SDX9SDY37_2020-09-23_01-30-37.BMP,1,1,0,0.4,2,1
2938,I6UQ0_SCAP_VE_MEAS_FIB_{MEASURE1}_P003_DX12DY10SDX9SDY37_2020-09-28_15-56-14.BMP,1,1,0,0.51,2,1
2939,I6UQ6_SCAP_VE_MEAS_FIB_{MEASURE1}_P003_DX12DY10SDX9SDY37_2020-09-28_21-36-47.BMP,1,1,1,0.92,2,1
2940,I6UQ0_SCAP_VE_MEAS_FIB_{MEASURE1}_P004_DX14DY3SDX9SDY34_2020-09-28_15-56-14.BMP,1,1,1,0.71,2,1
2941,I6UQ6_SCAP_VE_MEAS_FIB_{MEASURE1}_P004_DX14DY3SDX9SDY34_2020-09-28_21-36-47.BMP,1,1,0,0.58,2,1
2942,I6UQM_SCAP_VE_MEAS_FIB_{MEASURE1}_P002_DX4DY11SDX9SDY37_2020-09-25_00-06-00.BMP,1,1,0,0.58,2,1
2943,I6UQM_SCAP_VE_MEAS_FIB_{MEASURE1}_P001_DX9DY9SDX9SDY37_2020-09-25_00-06-00.BMP,1,1,1,0.71,2,1
2944,I6US6_SCAP_VE_MEAS_FIB_{MEASURE1}_P004_DX14DY3SDX9SDY33_2020-09-29_14-51-41.BMP,1,1,1,0.54,2,1
2945,I6URU_SCAP_VE_MEAS_FIB_{MEASURE1}_P004_DX14DY3SDX9SDY34_2020-09-09_14-44-12.BMP,1,1,1,0.55,2,1
2946,I6URU_SCAP_VE_MEAS_FIB_{MEASURE1}_P003_DX12DY10SDX9SDY37_2020-09-09_14-44-12.BMP,1,1,0,0.9,2,1
2947,I6US8_SCAP_VE_MEAS_FIB_{MEASURE1}_P004_DX14DY3SDX9SDY34_2020-10-13_16-35-42.BMP,1,1,1,0.42,2,1
2948,I6UTC_SCAP_VE_MEAS_FIB_{MEASURE1}_P002_DX4DY11SDX9SDY37_2020-09-28_12-50-26.BMP,1,1,0,0.88,2,1
2949,I6UTC_SCAP_VE_MEAS_FIB_{MEASURE1}_P003_DX12DY10SDX9SDY37_2020-09-28_12-50-26.BMP,1,1,0,0.71,2,1
2950,I6UTC_SCAP_VE_MEAS_FIB_{MEASURE1}_P004_DX14DY3SDX9SDY34_2020-09-28_12-50-26.BMP,1,1,0,0.74,2,1
2951,I6UV0_SCAP_VE_MEAS_FIB_{MEASURE1}_P004_DX14DY3SDX9SDY34_2020-11-21_00-16-21.BMP,1,1,1,0.51,2,1
2952,I6UWQ_SCAP_VE_MEAS_FIB_{MEASURE1}_P004_DX14DY3SDX9SDY34_2020-11-26_12-10-57.BMP,1,1,0,0.46,2,1
2953,I6UWO_SCAP_VE_MEAS_FIB_{MEASURE1}_P004_DX14DY3SDX9SDY34_2020-12-05_16-27-51.BMP,1,1,0,0.68,2,1
2954,I6UZA_SCAP_VE_MEAS_FIB_{MEASURE1}_P003_DX12DY10SDX9SDY37_2020-12-16_05-49-54.BMP,1,1,1,0.69,2,1
2955,I6V0M_SCAP_VE_MEAS_FIB_{MEASURE1}_P004_DX14DY3SDX9SDY34_2020-10-23_20-57-36.BMP,1,1,0,0.49,2,1
2956,J303K_SCAP_VE_MEAS_FIB_{MEASURE1}_P003_DX12DY10SDX9SDY14_2020-08-26_20-50-11.BMP,1,1,0,0.62,2,1
2957,J303K_SCAP_VE_MEAS_FIB_{MEASURE1}_P004_DX14DY3SDX9SDY13_2020-08-26_22-47-03.BMP,1,1,1,0.88,2,1
2958,J3HMQ_SCAP_VE_MEAS_FIB_{MEASURE1}_P004_DX14DY3SDX9SDY14_2020-11-03_16-17-12.BMP,1,1,0,0.4,2,1
2959,J3HN6_SCAP_VE_MEAS_FIB_{MEASURE1}_P001_DX9DY9SDX9SDY14_2020-12-14_09-15-55.BMP,1,1,1,0.63,2,1
2960,J3HNI_SCAP_VE_MEAS_FIB_{MEASURE1}_P003_DX12DY10SDX9SDY14_2020-11-17_03-48-10.BMP,1,1,1,0.68,2,1
2961,J3HOC_SCAP_VE_MEAS_FIB_{MEASURE1}_P002_DX4DY11SDX9SDY14_2020-12-02_10-01-20.BMP,1,1,0,0.72,2,1
2962,J7U3U_SCAP_VE_MEAS_FIB_{MEASURE1}_P004_DX14DY3SDX9SDY14_2020-10-22_00-12-03.BMP,1,1,1,0.83,2,1
2963,J7UGI_SCAP_VE_MEAS_FIB_{MEASURE1}_P001_DX9DY9SDX9SDY14_2020-11-02_05-56-04.BMP,1,1,0,0.62,2,1
2964,J7UGK_SCAP_VE_MEAS_FIB_{MEASURE1}_P001_DX9DY9SDX9SDY14_2020-10-06_03-49-17.BMP,1,1,1,0.58,2,1
2965,J7UGI_SCAP_VE_MEAS_FIB_{MEASURE1}_P003_DX12DY10SDX9SDY14_2020-11-02_05-56-04.BMP,1,1,0,0.74,2,1
2966,J7UGK_SCAP_VE_MEAS_FIB_{MEASURE1}_P003_DX12DY10SDX9SDY14_2020-10-06_03-49-17.BMP,1,1,0,0.91,2,1
2967,J7UGK_SCAP_VE_MEAS_FIB_{MEASURE1}_P004_DX14DY3SDX9SDY14_2020-10-06_03-49-17.BMP,1,1,0,0.78,2,1
2968,J7UI4_SCAP_VE_MEAS_FIB_{MEASURE1}_P001_DX9DY9SDX9SDY14_2020-10-04_14-43-14.BMP,1,1,1,0.52,2,1
2969,J7UJ6_SCAP_VE_MEAS_FIB_{MEASURE1}_P001_DX9DY9SDX9SDY14_2020-10-02_21-00-02.BMP,1,1,1,0.81,2,1
2970,J7UJQ_SCAP_VE_MEAS_FIB_{MEASURE1}_P001_DX9DY9SDX9SDY14_2020-10-05_09-53-51.BMP,1,1,0,0.66,2,1
2971,J7UNY_SCAP_VE_MEAS_FIB_{MEASURE1}_P002_DX4DY11SDX9SDY14_2020-10-06_23-46-00.BMP,1,1,0,0.81,2,1
2972,J7UPS_SCAP_VE_MEAS_FIB_{MEASURE1}_P002_DX4DY11SDX9SDY14_2020-09-28_21-12-00.BMP,1,1,0,0.72,2,1
2973,J7UTQ_SCAP_VE_MEAS_FIB_{MEASURE1}_P001_DX9DY9SDX9SDY14_2020-10-12_08-47-40.BMP,1,1,0,0.58,2,1
2974,J7UTQ_SCAP_VE_MEAS_FIB_{MEASURE1}_P004_DX14DY3SDX9SDY14_2020-10-12_08-47-40.BMP,1,1,1,0.41,2,1
2975,J7UVC_SCAP_VE_MEAS_FIB_{MEASURE1}_P004_DX14DY3SDX9SDY13_2020-08-25_07-23-38.BMP,1,1,1,0.48,2,1
2976,J7UVC_SCAP_VE_MEAS_FIB_{MEASURE1}_P002_DX4DY11SDX9SDY13_2020-08-25_07-23-38.BMP,1,1,1,0.87,2,1
2977,J7UYO_SCAP_VE_MEAS_FIB_{MEASURE1}_P002_DX4DY11SDX9SDY14_2020-10-14_19-53-00.BMP,1,1,0,0.88,2,1
2978,J7UYO_SCAP_VE_MEAS_FIB_{MEASURE1}_P003_DX12DY10SDX9SDY14_2020-10-14_19-53-00.BMP,1,1,0,0.58,2,1
2979,J7V18_SCAP_VE_MEAS_FIB_{MEASURE1}_P001_DX9DY9SDX9SDY14_2020-09-28_20-14-50.BMP,1,1,0,0.49,2,1
2980,J7V44_SCAP_VE_MEAS_FIB_{MEASURE1}_P004_DX14DY3SDX9SDY14_2020-09-24_11-34-34.BMP,1,1,0,0.59,2,1
2981,J7V58_SCAP_VE_MEAS_FIB_{MEASURE1}_P004_DX14DY3SDX9SDY14_2020-10-17_22-21-26.BMP,1,1,0,0.63,2,1
2982,J7VAC_SCAP_VE_MEAS_FIB_{MEASURE1}_P001_DX9DY9SDX9SDY13_2020-11-18_05-40-20.BMP,1,1,0,0.93,2,1
2983,J7VKC_SCAP_VE_MEAS_FIB_{MEASURE1}_P003_DX12DY10SDX9SDY14_2020-11-24_17-50-05.BMP,1,1,0,0.43,2,1
2984,J7VKG_SCAP_VE_MEAS_FIB_{MEASURE1}_P003_DX12DY10SDX9SDY14_2020-11-08_22-58-37.BMP,1,1,0,0.58,2,1
2985,L5JVO_SCAP_VE_MEAS_FIB_{MEASURE1}_P004_DX14DY3SDX9SDY14_2020-10-11_20-24-15.BMP,1,1,0,0.84,2,1
2986,L5KII_SCAP_VE_MEAS_FIB_{MEASURE1}_P003_DX12DY10SDX9SDY14_2020-10-08_10-51-06.BMP,1,1,0,0.78,2,1
2987,L5KII_SCAP_VE_MEAS_FIB_{MEASURE1}_P004_DX14DY3SDX9SDY13_2020-10-08_11-55-43.BMP,1,1,0,0.74,2,1
2988,L5KJE_SCAP_VE_MEAS_FIB_{MEASURE1}_P004_DX14DY3SDX9SDY14_2020-09-04_14-41-59.BMP,1,1,0,0.41,2,1
2989,L5KRK_SCAP_VE_MEAS_FIB_{MEASURE1}_P001_DX9DY9SDX9SDY14_2020-10-08_01-36-15.BMP,1,1,0,0.41,2,1
2990,L5KVA_SCAP_VE_MEAS_FIB_{MEASURE1}_P004_DX12DY10SDX9SDY14_2020-10-07_19-40-03.BMP,1,1,1,0.62,2,1
2991,L5KZO_SCAP_VE_MEAS_FIB_{MEASURE1}_P003_DX12DY10SDX9SDY14_2020-09-26_05-58-23.BMP,1,1,0,0.63,2,1
2992,L5KZO_SCAP_VE_MEAS_FIB_{MEASURE1}_P004_DX14DY3SDX9SDY14_2020-09-26_05-58-23.BMP,1,1,0,0.68,2,1
2993,L5L1I_SCAP_VE_MEAS_FIB_{MEASURE1}_P004_DX14DY3SDX9SDY14_2020-10-08_06-42-54.BMP,1,1,1,0.64,2,1
2994,L5L1K_SCAP_VE_MEAS_FIB_{MEASURE1}_P004_DX14DY3SDX9SDY14_2020-10-14_04-09-34.BMP,1,1,1,0.8,2,1
2995,L5L20_SCAP_VE_MEAS_FIB_{MEASURE1}_P001_DX9DY9SDX9SDY14_2020-10-16_14-23-34.BMP,1,1,1,0.66,2,1
2996,L5L9I_SCAP_VE_MEAS_FIB_{MEASURE1}_P004_DX14DY3SDX9SDY13_2020-11-10_03-47-33.BMP,1,1,0,0.51,2,1
2997,L5LB4_SCAP_VE_MEAS_FIB_{MEASURE1}_P003_DX12DY10SDX9SDY14_2020-11-03_19-39-10.BMP,1,1,1,0.7,2,1
2998,L5LQ0_SCAP_VE_MEAS_FIB_{MEASURE1}_P001_DX9DY9SDX9SDY14_2020-11-18_00-45-12.BMP,1,1,1,0.4,2,1
2999,L5LQ0_SCAP_VE_MEAS_FIB_{MEASURE1}_P002_DX4DY11SDX9SDY14_2020-11-18_00-45-12.BMP,1,1,0,0.54,2,1
3000,L5LTY_SCAP_VE_MEAS_FIB_{MEASURE1}_P001_DX9DY9SDX9SDY14_2020-12-04_21-36-57.BMP,1,1,0,0.9,2,1
3001,L5LTY_SCAP_VE_MEAS_FIB_{MEASURE1}_P002_DX4DY11SDX9SDY14_2020-12-04_21-36-57.BMP,1,1,0,0.87,2,1
3002,L5LXK_SCAP_VE_MEAS_FIB_{MEASURE1}_P004_DX14DY3SDX9SDY13_2020-11-18_04-46-00.BMP,1,1,0,0.93,2,1
3003,L5LYA_SCAP_VE_MEAS_FIB_{MEASURE1}_P004_DX14DY3SDX9SDY14_2020-12-08_21-29-27.BMP,1,1,0,0.48,2,1
3004,M3R2M_SCAP_VE_MEAS_FIB_{MEASURE1}_P006_DX6DY5SDX8SDY22_2020-09-08_10-33-42.BMP,1,1,0,0.59,2,1
3005,M3R3I_SCAP_VE_MEAS_FIB_{MEASURE1}_P006_DX6DY5SDX8SDY22_2020-09-15_17-04-48.BMP,1,1,1,0.67,2,1
3006,M3R4A_SCAP_VE_MEAS_FIB_{MEASURE1}_P006_DX6DY5SDX8SDY22_2020-09-07_12-00-26.BMP,1,1,0,0.78,2,1
3007,M3R6I_SCAP_VE_MEAS_FIB_{MEASURE1}_P001_DX9DY9SDX4SDY8_2020-08-30_10-28-23.BMP,1,1,0,0.53,2,1
3008,M3RB2_SCAP_VE_MEAS_FIB_{MEASURE1}_P004_DX9DY15SDX10SDY24_2020-09-14_23-26-42.BMP,1,1,0,0.51,2,1
3009,M3RB2_SCAP_VE_MEAS_FIB_{MEASURE1}_P002_DX4DY11SDX12SDY43_2020-09-14_23-26-42.BMP,1,1,1,0.49,2,1
3010,M3REG_SCAP_VE_MEAS_FIB_{MEASURE1}_P001_DX9DY9SDX4SDY9_2020-11-30_10-30-01.BMP,1,1,0,0.7,2,1
3011,M3RE4_SCAP_VE_MEAS_FIB_{MEASURE1}_P006_DX6DY5SDX8SDY22_2020-12-18_19-11-57.BMP,1,1,0,0.88,2,1
3012,M3REG_SCAP_VE_MEAS_FIB_{MEASURE1}_P006_DX6DY5SDX8SDY22_2020-11-30_10-30-01.BMP,1,1,0,0.6,2,1
3013,M3REM_SCAP_VE_MEAS_FIB_{MEASURE1}_P006_DX6DY5SDX8SDY22_2020-12-16_00-05-56.BMP,1,1,1,0.64,2,1
3014,M3REO_SCAP_VE_MEAS_FIB_{MEASURE1}_P002_DX4DY11SDX12SDY43_2020-12-14_09-04-14.BMP,1,1,0,0.58,2,1
3015,M3REO_SCAP_VE_MEAS_FIB_{MEASURE1}_P005_DX11DY8SDX8SDY22_2020-12-14_09-04-14.BMP,1,1,0,0.49,2,1
3016,M3REO_SCAP_VE_MEAS_FIB_{MEASURE1}_P004_DX9DY15SDX10SDY24_2020-12-14_09-04-14.BMP,1,1,1,0.81,2,1
3017,M3RES_SCAP_VE_MEAS_FIB_{MEASURE1}_P002_DX4DY11SDX12SDY43_2020-12-20_19-37-53.BMP,1,1,0,0.44,2,1
3018,M3RES_SCAP_VE_MEAS_FIB_{MEASURE1}_P004_DX9DY15SDX10SDY23_2020-12-20_23-56-37.BMP,1,1,0,0.78,2,1
3019,M3RES_SCAP_VE_MEAS_FIB_{MEASURE1}_P005_DX11DY8SDX8SDY21_2020-12-20_23-56-37.BMP,1,1,0,0.9,2,1
3020,M3RES_SCAP_VE_MEAS_FIB_{MEASURE1}_P003_DX14DY3SDX2SDY43_2020-12-20_23-56-37.BMP,1,1,0,0.49,2,1
3021,M3RES_SCAP_VE_MEAS_FIB_{MEASURE1}_P006_DX6DY5SDX8SDY21_2020-12-20_23-56-37.BMP,1,1,0,0.93,2,1
3022,M3RF2_SCAP_VE_MEAS_FIB_{MEASURE1}_P006_DX6DY5SDX8SDY22_2020-12-12_18-21-50.BMP,1,1,0,0.7,2,1
3023,M3RFK_SCAP_VE_MEAS_FIB_{MEASURE1}_P002_DX4DY11SDX12SDY43_2020-12-21_04-30-51.BMP,1,1,0,0.64,2,1
3024,M3RGG_SCAP_VE_MEAS_FIB_{MEASURE1}_P002_DX4DY11SDX12SDY43_2020-12-13_09-05-49.BMP,1,1,1,0.82,2,1
3025,M3RGS_SCAP_VE_MEAS_FIB_{MEASURE1}_P006_DX6DY5SDX8SDY22_2020-12-13_09-29-23.BMP,1,1,1,0.63,2,1
3026,M3RGS_SCAP_VE_MEAS_FIB_{MEASURE1}_P005_DX11DY8SDX8SDY21_2020-12-13_16-24-18.BMP,1,1,0,0.44,2,1
3027,M3RI4_SCAP_VE_MEAS_FIB_{MEASURE1}_P005_DX11DY8SDX8SDY22_2020-12-16_23-37-04.BMP,1,1,0,0.85,2,1
3028,S510Q_SCAP_VE_MEAS_FIB_{MEASURE1}_P004_DX14DY3SDX9SDY14_2020-12-08_16-52-46.BMP,1,1,0,0.43,2,1
3029,S514E_SCAP_VE_MEAS_FIB_{MEASURE1}_P004_DX14DY3SDX9SDY14_2020-10-06_09-30-15.BMP,1,1,1,0.6,2,1
3030,S515C_SCAP_VE_MEAS_FIB_{MEASURE1}_P002_DX4DY11SDX9SDY14_2020-10-21_13-54-50.BMP,1,1,0,0.75,2,1
3031,S519A_SCAP_VE_MEAS_FIB_{MEASURE1}_P002_DX4DY11SDX9SDY14_2020-12-15_01-42-30.BMP,1,1,1,0.49,2,1
3032,S5HOW_SCAP_VE_MEAS_FIB_{MEASURE1}_P004_DX14DY3SDX9SDY14_2020-10-20_16-29-35.BMP,1,1,0,0.69,2,1
3033,U1HL4_SCAP_VE_MEAS_FIB_{MEASURE1}_P001_DX9DY9SDX4SDY9_2020-12-06_02-49-35.BMP,1,1,1,0.41,2,1
3034,U1HL4_SCAP_VE_MEAS_FIB_{MEASURE1}_P005_DX11DY8SDX8SDY22_2020-12-06_02-49-35.BMP,1,1,0,0.42,2,1
3035,U1HL4_SCAP_VE_MEAS_FIB_{MEASURE1}_P003_DX14DY3SDX2SDY44_2020-12-06_02-49-35.BMP,1,1,0,0.66,2,1
3036,U1HLA_SCAP_VE_MEAS_FIB_{MEASURE1}_P002_DX4DY11SDX12SDY42_2020-12-15_08-49-25.BMP,1,1,1,0.64,2,1
3037,U1HLA_SCAP_VE_MEAS_FIB_{MEASURE1}_P002_DX4DY11SDX12SDY43_2020-12-15_07-35-10.BMP,1,1,1,0.47,2,1
3038,U1HL6_SCAP_VE_MEAS_FIB_{MEASURE1}_P002_DX4DY11SDX12SDY43_2020-12-08_19-40-36.BMP,1,1,0,0.68,2,1
3039,U4HME_SCAP_VE_MEAS_FIB_{MEASURE1}_P001_DX9DY9SDX9SDY37_2020-12-08_09-19-20.BMP,1,1,1,0.44,2,1
3040,U1HLC_SCAP_VE_MEAS_FIB_{MEASURE1}_P006_DX6DY5SDX8SDY21_2020-12-17_09-44-55.BMP,1,1,0,0.76,2,1
3041,U4HU8_SCAP_VE_MEAS_FIB_{MEASURE1}_P001_DX9DY9SDX9SDY37_2020-12-17_21-26-58.BMP,1,1,0,0.77,2,1
3042,U8JLO_SCAP_VE_MEAS_FIB_{MEASURE1}_P002_DX4DY11SDX9SDY14_2020-11-27_11-04-27.BMP,1,1,0,0.93,2,1
3043,U8JKM_SCAP_VE_MEAS_FIB_{MEASURE1}_P004_DX14DY3SDX9SDY14_2020-11-27_09-36-25.BMP,1,1,0,0.82,2,1
3044,U8JPY_SCAP_VE_MEAS_FIB_{MEASURE1}_P004_DX14DY3SDX9SDY14_2020-11-27_11-19-37.BMP,1,1,1,0.47,2,1
3045,U8JLO_SCAP_VE_MEAS_FIB_{MEASURE1}_P004_DX14DY3SDX9SDY13_2020-11-27_12-35-39.BMP,1,1,0,0.74,2,1
3046,U8KWA_SCAP_VE_MEAS_FIB_{MEASURE1}_P004_DX14DY3SDX9SDY14_2020-09-17_12-36-10.BMP,1,1,0,0.46,2,1
3047,U8KYC_SCAP_VE_MEAS_FIB_{MEASURE1}_P001_DX9DY9SDX9SDY13_2020-10-27_23-56-45.BMP,1,1,0,0.94,2,1
3048,U8KYC_SCAP_VE_MEAS_FIB_{MEASURE1}_P004_DX14DY3SDX9SDY13_2020-10-27_23-56-45.BMP,1,1,0,0.79,2,1
3049,U8L28_SCAP_VE_MEAS_FIB_{MEASURE1}_P002_DX4DY11SDX9SDY14_2020-09-25_12-14-44.BMP,1,1,0,0.5,2,1
3050,U8L2U_SCAP_VE_MEAS_FIB_{MEASURE1}_P004_DX14DY3SDX9SDY14_2020-10-10_09-21-31.BMP,1,1,1,0.61,2,1
3051,U8L5O_SCAP_VE_MEAS_FIB_{MEASURE1}_P002_DX4DY11SDX9SDY14_2020-08-25_10-56-22.BMP,1,1,1,0.61,2,1
3052,U8L82_SCAP_VE_MEAS_FIB_{MEASURE1}_P002_DX4DY11SDX9SDY14_2020-10-03_07-26-35.BMP,1,1,1,0.66,2,1
3053,U8L8W_SCAP_VE_MEAS_FIB_{MEASURE1}_P001_DX9DY9SDX9SDY14_2020-09-26_04-12-03.BMP,1,1,0,0.68,2,1
3054,U8L8W_SCAP_VE_MEAS_FIB_{MEASURE1}_P003_DX12DY10SDX9SDY14_2020-09-26_04-12-03.BMP,1,1,0,0.93,2,1
3055,U8L9Q_SCAP_VE_MEAS_FIB_{MEASURE1}_P004_DX14DY3SDX9SDY14_2020-10-04_16-49-15.BMP,1,1,0,0.65,2,1
3056,U8LCC_SCAP_VE_MEAS_FIB_{MEASURE1}_P002_DX4DY11SDX9SDY14_2020-09-27_03-17-08.BMP,1,1,1,0.7,2,1
3057,U8LDS_SCAP_VE_MEAS_FIB_{MEASURE1}_P004_DX14DY3SDX9SDY14_2020-08-27_00-38-08.BMP,1,1,1,0.71,2,1
3058,U8LEC_SCAP_VE_MEAS_FIB_{MEASURE1}_P001_DX9DY9SDX9SDY13_2020-09-24_18-00-47.BMP,1,1,0,0.56,2,1
3059,U8LEC_SCAP_VE_MEAS_FIB_{MEASURE1}_P004_DX14DY3SDX9SDY13_2020-09-24_18-00-47.BMP,1,1,1,0.53,2,1
3060,U8LEC_SCAP_VE_MEAS_FIB_{MEASURE1}_P003_DX12DY10SDX9SDY14_2020-09-24_12-12-08.BMP,1,1,0,0.85,2,1
3061,U8LEC_SCAP_VE_MEAS_FIB_{MEASURE1}_P003_DX12DY10SDX9SDY13_2020-09-24_18-00-47.BMP,1,1,0,0.8,2,1
3062,U8LF4_SCAP_VE_MEAS_FIB_{MEASURE1}_P004_DX14DY3SDX9SDY14_2020-10-07_19-38-50.BMP,1,1,0,0.77,2,1
3063,U8LHS_SCAP_VE_MEAS_FIB_{MEASURE1}_P004_DX14DY3SDX9SDY14_2020-10-16_17-30-35.BMP,1,1,1,0.58,2,1
3064,U8LJM_SCAP_VE_MEAS_FIB_{MEASURE1}_P003_DX12DY10SDX9SDY14_2020-10-12_10-51-29.BMP,1,1,1,0.82,2,1
3065,U8LJU_SCAP_VE_MEAS_FIB_{MEASURE1}_P004_DX14DY3SDX9SDY14_2020-11-14_21-00-40.BMP,1,1,0,0.44,2,1
3066,U8LK6_SCAP_VE_MEAS_FIB_{MEASURE1}_P004_DX14DY3SDX9SDY14_2020-10-06_03-59-18.BMP,1,1,0,0.86,2,1
3067,U8LK8_SCAP_VE_MEAS_FIB_{MEASURE1}_P004_DX14DY3SDX9SDY14_2020-11-07_08-44-40.BMP,1,1,0,0.48,2,1
3068,U8LKG_SCAP_VE_MEAS_FIB_{MEASURE1}_P004_DX14DY3SDX9SDY14_2020-11-13_18-27-47.BMP,1,1,0,0.49,2,1
3069,U8LKQ_SCAP_VE_MEAS_FIB_{MEASURE1}_P004_DX14DY3SDX9SDY14_2020-10-22_16-09-24.BMP,1,1,0,0.46,2,1
3070,U8LM6_SCAP_VE_MEAS_FIB_{MEASURE1}_P001_DX9DY9SDX9SDY14_2020-08-27_00-57-56.BMP,1,1,0,0.63,2,1
3071,U8LME_SCAP_VE_MEAS_FIB_{MEASURE1}_P004_DX14DY3SDX9SDY14_2020-09-05_04-39-00.BMP,1,1,0,0.89,2,1
3072,U8LQY_SCAP_VE_MEAS_FIB_{MEASURE1}_P003_DX12DY10SDX9SDY14_2020-11-19_15-20-25.BMP,1,1,0,0.88,2,1
3073,V911E_SCAP_VE_MEAS_FIB_{MEASURE1}_P002_DX4DY11SDX9SDY14_2020-11-26_13-55-15.BMP,1,1,0,0.72,2,1
3074,V912C_SCAP_VE_MEAS_FIB_{MEASURE1}_P004_DX14DY3SDX9SDY14_2020-11-02_08-27-48.BMP,1,1,0,0.83,2,1
3075,V9194_SCAP_VE_MEAS_FIB_{MEASURE1}_P003_DX12DY10SDX9SDY14_2020-09-16_18-54-43.BMP,1,1,0,0.84,2,1
3076,V9194_SCAP_VE_MEAS_FIB_{MEASURE1}_P004_DX14DY3SDX9SDY14_2020-09-16_18-54-43.BMP,1,1,0,0.94,2,1
3077,V91KS_SCAP_VE_MEAS_FIB_{MEASURE1}_P002_DX4DY11SDX9SDY14_2020-11-02_17-26-21.BMP,1,1,0,0.42,2,1
3078,V91LI_SCAP_VE_MEAS_FIB_{MEASURE1}_P001_DX9DY9SDX9SDY14_2020-10-31_13-03-55.BMP,1,1,0,0.42,2,1
3079,V91LI_SCAP_VE_MEAS_FIB_{MEASURE1}_P002_DX4DY11SDX9SDY14_2020-10-31_13-03-55.BMP,1,1,0,0.82,2,1
3080,V91N8_SCAP_VE_MEAS_FIB_{MEASURE1}_P002_DX4DY11SDX9SDY14_2020-12-06_16-39-17.BMP,1,1,0,0.64,2,1
3081,V91NU_SCAP_VE_MEAS_FIB_{MEASURE1}_P002_DX4DY11SDX9SDY14_2020-12-11_21-49-15.BMP,1,1,0,0.56,2,1
3082,V91O0_SCAP_VE_MEAS_FIB_{MEASURE1}_P002_DX4DY11SDX9SDY14_2020-12-11_21-53-50.BMP,1,1,0,0.82,2,1
3083,V91O2_SCAP_VE_MEAS_FIB_{MEASURE1}_P004_DX14DY3SDX9SDY14_2020-10-28_18-07-23.BMP,1,1,1,0.65,2,1
3084,V91O4_SCAP_VE_MEAS_FIB_{MEASURE1}_P002_DX4DY11SDX9SDY14_2020-10-05_02-41-12.BMP,1,1,0,0.78,2,1
3085,V91OE_SCAP_VE_MEAS_FIB_{MEASURE1}_P003_DX12DY10SDX9SDY14_2020-12-15_12-21-47.BMP,1,1,0,0.74,2,1
3086,V91OS_SCAP_VE_MEAS_FIB_{MEASURE1}_P004_DX14DY3SDX9SDY14_2020-09-26_22-28-49.BMP,1,1,0,0.87,2,1
3087,V91OS_SCAP_VE_MEAS_FIB_{MEASURE1}_P003_DX12DY10SDX9SDY14_2020-09-26_22-28-49.BMP,1,1,0,0.53,2,1
3088,V91Q6_SCAP_VE_MEAS_FIB_{MEASURE1}_P004_DX14DY3SDX9SDY14_2020-09-21_21-33-43.BMP,1,1,0,0.7,2,1
3089,V91QK_SCAP_VE_MEAS_FIB_{MEASURE1}_P001_DX9DY9SDX9SDY14_2020-10-15_02-35-51.BMP,1,1,1,0.48,2,1
3090,V91QO_SCAP_VE_MEAS_FIB_{MEASURE1}_P002_DX4DY11SDX9SDY14_2020-10-15_18-15-59.BMP,1,1,0,0.74,2,1
3091,V91R8_SCAP_VE_MEAS_FIB_{MEASURE1}_P002_DX4DY11SDX9SDY14_2020-10-16_16-55-12.BMP,1,1,0,0.83,2,1
3092,V91RC_SCAP_VE_MEAS_FIB_{MEASURE1}_P004_DX14DY3SDX9SDY14_2020-10-16_22-55-29.BMP,1,1,0,0.43,2,1
3093,V91RG_SCAP_VE_MEAS_FIB_{MEASURE1}_P004_DX14DY3SDX9SDY14_2020-10-06_07-33-17.BMP,1,1,0,0.56,2,1
3094,V91RK_SCAP_VE_MEAS_FIB_{MEASURE1}_P004_DX14DY3SDX9SDY14_2020-10-05_06-52-52.BMP,1,1,1,0.87,2,1
3095,V91RK_SCAP_VE_MEAS_FIB_{MEASURE1}_P001_DX9DY9SDX9SDY14_2020-10-05_06-52-52.BMP,1,1,0,0.51,2,1
3096,V91RK_SCAP_VE_MEAS_FIB_{MEASURE1}_P003_DX12DY10SDX9SDY14_2020-10-05_06-52-52.BMP,1,1,0,0.69,2,1
3097,V91SI_SCAP_VE_MEAS_FIB_{MEASURE1}_P002_DX4DY11SDX9SDY14_2020-10-16_22-56-16.BMP,1,1,0,0.49,2,1
3098,V91TG_SCAP_VE_MEAS_FIB_{MEASURE1}_P004_DX14DY3SDX9SDY14_2020-10-17_00-09-06.BMP,1,1,1,0.6,2,1
3099,V91TG_SCAP_VE_MEAS_FIB_{MEASURE1}_P002_DX4DY11SDX9SDY14_2020-10-17_00-09-06.BMP,1,1,0,0.66,2,1
3100,V91TM_SCAP_VE_MEAS_FIB_{MEASURE1}_P003_DX12DY10SDX9SDY14_2020-11-05_14-25-15.BMP,1,1,0,0.71,2,1
3101,V91TK_SCAP_VE_MEAS_FIB_{MEASURE1}_P004_DX14DY3SDX9SDY14_2020-11-01_18-00-32.BMP,1,1,0,0.88,2,1
3102,V91U0_SCAP_VE_MEAS_FIB_{MEASURE1}_P004_DX14DY3SDX9SDY14_2020-10-28_00-02-39.BMP,1,1,0,0.61,2,1
3103,V91U0_SCAP_VE_MEAS_FIB_{MEASURE1}_P004_DX14DY3SDX7SDY14_2020-10-28_02-00-28.BMP,1,1,1,0.48,2,1
3104,V91UO_SCAP_VE_MEAS_FIB_{MEASURE1}_P003_DX12DY10SDX9SDY14_2020-10-20_13-39-40.BMP,1,1,0,0.63,2,1
3105,V91UQ_SCAP_VE_MEAS_FIB_{MEASURE1}_P004_DX14DY3SDX9SDY14_2020-10-15_04-42-50.BMP,1,1,1,0.69,2,1
3106,V91VG_SCAP_VE_MEAS_FIB_{MEASURE1}_P002_DX4DY11SDX9SDY14_2020-12-12_19-45-25.BMP,1,1,0,0.56,2,1
3107,V91VS_SCAP_VE_MEAS_FIB_{MEASURE1}_P002_DX4DY11SDX9SDY14_2020-12-19_12-40-49.BMP,1,1,0,0.92,2,1
3108,V91VS_SCAP_VE_MEAS_FIB_{MEASURE1}_P001_DX9DY9SDX9SDY14_2020-12-19_12-40-49.BMP,1,1,0,0.76,2,1
3109,V91VS_SCAP_VE_MEAS_FIB_{MEASURE1}_P004_DX14DY3SDX9SDY14_2020-12-19_12-40-49.BMP,1,1,1,0.68,2,1
3110,V91WE_SCAP_VE_MEAS_FIB_{MEASURE1}_P004_DX14DY3SDX9SDY14_2020-11-21_23-06-04.BMP,1,1,1,0.77,2,1
3111,V91WW_SCAP_VE_MEAS_FIB_{MEASURE1}_P002_DX4DY11SDX9SDY14_2020-09-13_13-15-32.BMP,1,1,0,0.81,2,1
3112,V91X6_SCAP_VE_MEAS_FIB_{MEASURE1}_P004_DX14DY3SDX9SDY14_2020-12-02_00-43-47.BMP,1,1,0,0.86,2,1
3113,V91Y6_SCAP_VE_MEAS_FIB_{MEASURE1}_P001_DX9DY9SDX9SDY14_2020-11-22_00-22-02.BMP,1,1,0,0.67,2,1
3114,V91Y6_SCAP_VE_MEAS_FIB_{MEASURE1}_P004_DX14DY3SDX9SDY14_2020-11-22_00-22-02.BMP,1,1,0,0.7,2,1
3115,V91YC_SCAP_VE_MEAS_FIB_{MEASURE1}_P004_DX14DY3SDX9SDY14_2020-10-07_22-27-32.BMP,1,1,0,0.48,2,1
3116,V91YE_SCAP_VE_MEAS_FIB_{MEASURE1}_P004_DX14DY3SDX9SDY14_2020-11-01_17-38-43.BMP,1,1,0,0.51,2,1
3117,V91YS_SCAP_VE_MEAS_FIB_{MEASURE1}_P004_DX14DY3SDX9SDY14_2020-10-05_01-39-32.BMP,1,1,0,0.92,2,1
3118,V91YU_SCAP_VE_MEAS_FIB_{MEASURE1}_P004_DX14DY3SDX9SDY14_2020-12-12_10-06-04.BMP,1,1,1,0.41,2,1
3119,V91ZG_SCAP_VE_MEAS_FIB_{MEASURE1}_P001_DX9DY9SDX9SDY14_2020-12-20_22-35-13.BMP,1,1,0,0.43,2,1
3120,V91ZG_SCAP_VE_MEAS_FIB_{MEASURE1}_P003_DX12DY10SDX9SDY14_2020-12-20_22-35-13.BMP,1,1,0,0.49,2,1
3121,V91ZK_SCAP_VE_MEAS_FIB_{MEASURE1}_P001_DX9DY9SDX9SDY14_2020-12-11_22-16-16.BMP,1,1,0,0.94,2,1
3122,V91ZK_SCAP_VE_MEAS_FIB_{MEASURE1}_P004_DX14DY3SDX9SDY14_2020-12-11_22-16-16.BMP,1,1,0,0.43,2,1
3123,V920I_SCAP_VE_MEAS_FIB_{MEASURE1}_P002_DX4DY11SDX9SDY14_2020-12-08_16-40-27.BMP,1,1,0,0.43,2,1
3124,V920I_SCAP_VE_MEAS_FIB_{MEASURE1}_P003_DX12DY10SDX9SDY13_2020-12-09_01-03-43.BMP,1,1,1,0.84,2,1
3125,V920Q_SCAP_VE_MEAS_FIB_{MEASURE1}_P002_DX4DY11SDX9SDY14_2020-11-21_10-08-12.BMP,1,1,1,0.4,2,1
3126,V920I_SCAP_VE_MEAS_FIB_{MEASURE1}_P004_DX14DY3SDX9SDY13_2020-12-09_01-03-43.BMP,1,1,0,0.41,2,1
3127,V920W_SCAP_VE_MEAS_FIB_{MEASURE1}_P004_DX14DY3SDX9SDY14_2020-12-14_23-51-14.BMP,1,1,0,0.57,2,1
3128,V9210_SCAP_VE_MEAS_FIB_{MEASURE1}_P004_DX14DY3SDX9SDY14_2020-10-28_00-35-06.BMP,1,1,0,0.61,2,1
3129,V921E_SCAP_VE_MEAS_FIB_{MEASURE1}_P001_DX9DY9SDX9SDY14_2020-12-08_17-41-59.BMP,1,1,1,0.85,2,1
3130,V921K_SCAP_VE_MEAS_FIB_{MEASURE1}_P002_DX4DY11SDX9SDY14_2020-10-07_22-13-40.BMP,1,1,1,0.74,2,1
3131,V9220_SCAP_VE_MEAS_FIB_{MEASURE1}_P003_DX12DY10SDX9SDY14_2020-11-21_17-42-52.BMP,1,1,0,0.83,2,1
3132,V9228_SCAP_VE_MEAS_FIB_{MEASURE1}_P004_DX14DY3SDX9SDY14_2020-12-01_05-41-15.BMP,1,1,0,0.74,2,1
3133,V922G_SCAP_VE_MEAS_FIB_{MEASURE1}_P004_DX14DY3SDX9SDY14_2020-12-02_02-36-21.BMP,1,1,0,0.66,2,1
3134,V922M_SCAP_VE_MEAS_FIB_{MEASURE1}_P004_DX14DY3SDX9SDY13_2020-11-19_23-05-21.BMP,1,1,0,0.81,2,1
3135,V922O_SCAP_VE_MEAS_FIB_{MEASURE1}_P004_DX14DY3SDX9SDY14_2020-12-10_00-43-19.BMP,1,1,1,0.93,2,1
3136,V9234_SCAP_VE_MEAS_FIB_{MEASURE1}_P001_DX9DY9SDX9SDY14_2020-11-26_08-37-03.BMP,1,1,0,0.77,2,1
3137,V9234_SCAP_VE_MEAS_FIB_{MEASURE1}_P002_DX4DY11SDX9SDY14_2020-11-26_08-37-03.BMP,1,1,1,0.81,2,1
3138,V923K_SCAP_VE_MEAS_FIB_{MEASURE1}_P002_DX4DY11SDX9SDY14_2020-12-14_18-19-22.BMP,1,1,0,0.68,2,1
3139,V923K_SCAP_VE_MEAS_FIB_{MEASURE1}_P003_DX12DY10SDX9SDY14_2020-12-14_18-19-22.BMP,1,1,0,0.45,2,1
3140,V923O_SCAP_VE_MEAS_FIB_{MEASURE1}_P004_DX14DY3SDX9SDY14_2020-12-08_13-24-54.BMP,1,1,0,0.84,2,1
3141,V9246_SCAP_VE_MEAS_FIB_{MEASURE1}_P001_DX9DY9SDX9SDY14_2020-11-22_00-51-52.BMP,1,1,1,0.7,2,1
3142,V9240_SCAP_VE_MEAS_FIB_{MEASURE1}_P004_DX14DY3SDX9SDY14_2020-12-08_13-50-08.BMP,1,1,1,0.52,2,1
3143,V924U_SCAP_VE_MEAS_FIB_{MEASURE1}_P004_DX14DY3SDX9SDY14_2020-12-01_01-32-13.BMP,1,1,1,0.57,2,1
3144,V925C_SCAP_VE_MEAS_FIB_{MEASURE1}_P001_DX9DY9SDX9SDY14_2020-11-26_01-31-08.BMP,1,1,1,0.86,2,1
3145,V925C_SCAP_VE_MEAS_FIB_{MEASURE1}_P004_DX14DY3SDX9SDY14_2020-11-26_01-31-08.BMP,1,1,0,0.79,2,1
3146,V925Y_SCAP_VE_MEAS_FIB_{MEASURE1}_P003_DX12DY10SDX9SDY14_2020-11-21_14-21-15.BMP,1,1,0,0.5,2,1
3147,V925Y_SCAP_VE_MEAS_FIB_{MEASURE1}_P004_DX14DY3SDX9SDY14_2020-11-21_14-21-15.BMP,1,1,1,0.76,2,1
3148,V926A_SCAP_VE_MEAS_FIB_{MEASURE1}_P002_DX4DY11SDX9SDY14_2020-11-19_05-58-22.BMP,1,1,0,0.9,2,1
3149,V9266_SCAP_VE_MEAS_FIB_{MEASURE1}_P003_DX12DY10SDX9SDY14_2020-12-20_22-35-13.BMP,1,1,1,0.72,2,1
3150,V926I_SCAP_VE_MEAS_FIB_{MEASURE1}_P004_DX14DY3SDX9SDY14_2020-11-30_15-33-21.BMP,1,1,0,0.81,2,1
3151,V926U_SCAP_VE_MEAS_FIB_{MEASURE1}_P002_DX4DY11SDX9SDY14_2020-12-11_15-38-52.BMP,1,1,0,0.86,2,1
3152,V926U_SCAP_VE_MEAS_FIB_{MEASURE1}_P003_DX12DY10SDX9SDY14_2020-12-11_15-38-52.BMP,1,1,1,0.41,2,1
3153,V926U_SCAP_VE_MEAS_FIB_{MEASURE1}_P005_DX12DY10SDX9SDY13_2020-12-12_13-24-13.BMP,1,1,0,0.54,2,1
3154,V92A2_SCAP_VE_MEAS_FIB_{MEASURE1}_P002_DX4DY11SDX9SDY14_2020-12-11_09-23-06.BMP,1,1,0,0.72,2,1
3155,V92A2_SCAP_VE_MEAS_FIB_{MEASURE1}_P004_DX14DY3SDX9SDY14_2020-12-11_09-23-06.BMP,1,1,0,0.8,2,1
3156,V92I8_SCAP_VE_MEAS_FIB_{MEASURE1}_P001_DX9DY9SDX9SDY14_2020-10-21_10-22-01.BMP,1,1,1,0.83,2,1
3157,V92I8_SCAP_VE_MEAS_FIB_{MEASURE1}_P003_DX12DY10SDX9SDY14_2020-10-21_10-22-01.BMP,1,1,1,0.82,2,1
3158,V92I8_SCAP_VE_MEAS_FIB_{MEASURE1}_P004_DX14DY3SDX9SDY14_2020-10-21_10-22-01.BMP,1,1,0,0.62,2,1
3159,V92I8_SCAP_VE_MEAS_FIB_{MEASURE1}_P002_DX4DY11SDX9SDY14_2020-10-21_10-22-01.BMP,1,1,0,0.56,2,1
