,file name,label,vanti,train \ test,score,vanti with context data
1502,S7004_HC_PL_MEAS_FIB_{MEASURE2}_P001_DX9DY14SDX8SDY17_2020-08-07_02-41-43.BMP,1,0,0,0.15,0
1503,G106U_HC_PL_MEAS_FIB_{MEASURE2}_P004_DX10DY9SDX7SDY16_2020-05-25_07-10-30.BMP,1,0,0,0.51,0
1504,8Y0K8_HC_PL_MEAS_FIB_{MEASURE2}_P003_DX12DY6SDX3SDY14_2020-10-23_13-24-28.BMP,1,0,0,0.13,0
1506,7N0H0_HC_PL_MEAS_FIB_{MEASURE2}_P003_DX8DY11SDX8SDY17_2019-12-30_17-47-42.BMP,1,0,0,0.18,0
1512,8Y0KU_HC_PL_MEAS_FIB_{MEASURE2}_P004_DX10DY9SDX7SDY16_2020-04-15_14-27-21.BMP,1,0,0,0.19,0
1520,8Y0KW_HC_PL_MEAS_FIB_{MEASURE2}_P006_DX9DY4SDX8SDY17_2020-03-24_14-20-53.BMP,1,0,1,0.19,0
1524,9A0SK_HC_PL_MEAS_FIB_{MEASURE2}_P004_DX10DY9SDX7SDY16_2020-02-21_05-11-58.BMP,1,0,0,0.49,0
1530,Y511S_HC_PL_MEAS_FIB_{MEASURE2}_P003_DX8DY11SDX8SDY17_2020-05-09_23-38-57.BMP,1,0,0,0.27,0
1532,8Y0KS_HC_PL_MEAS_FIB_{MEASURE2}_P003_DX8DY11SDX8SDY17_2020-02-18_19-08-31.BMP,1,0,0,0.5,0
1534,Y50X4_HC_PL_MEAS_FIB_{MEASURE2}_P004_DX10DY9SDX5SDY16_2020-10-22_02-32-02.BMP,1,0,0,0.38,0
1539,2CICK_HC_PL_MEAS_FIB_{MEASURE2}_P005_DX7DY7SDX8SDY17_2020-07-01_22-55-04.BMP,1,0,1,0.29,0
1542,9A0SG_HC_PL_MEAS_FIB_{MEASURE2}_P001_DX9DY14SDX8SDY17_2020-04-15_01-42-25.BMP,1,0,0,0.47,0
1544,Y5124_HC_PL_MEAS_FIB_{MEASURE2}_P001_DX9DY14SDX8SDY17_2020-12-03_16-27-18.BMP,1,0,0,0.6,0
1548,7N0M8_HC_PL_MEAS_FIB_{MEASURE2}_P004_DX10DY9SDX7SDY16_2020-03-01_08-36-38.BMP,1,0,1,0.33,0
1553,4P0RY_HC_PL_MEAS_FIB_{MEASURE2}_P001_DX9DY14SDX8SDY17_2020-11-01_05-35-14.BMP,1,0,0,0.52,0
1554,F70KQ_HC_PL_MEAS_FIB_{MEASURE2}_P005_DX7DY7SDX8SDY15_2020-12-19_13-12-56.BMP,1,0,0,0.53,0
1560,N9HK4_HC_PL_MEAS_FIB_{MEASURE2}_P006_DX9DY4SDX8SDY17_2020-03-31_22-27-28.BMP,1,0,0,0.56,0
1562,4P0R2_HC_PL_MEAS_FIB_{MEASURE2}_P004_DX10DY9SDX7SDY16_2020-10-21_18-49-05.BMP,1,0,0,0.47,0
1565,N606G_HC_PL_MEAS_FIB_{MEASURE2}_P004_DX10DY9SDX7SDY16_2020-10-15_12-33-35.BMP,1,0,1,0.26,0
1568,G1070_HC_PL_MEAS_FIB_{MEASURE2}_P006_DX9DY4SDX8SDY17_2020-01-28_07-42-25.BMP,1,0,1,0.42,0
1570,8Y0KQ_HC_PL_MEAS_FIB_{MEASURE2}_P006_DX9DY4SDX8SDY16_2020-02-04_19-41-16.BMP,1,0,1,0.47,0
1571,T10FU_HC_PL_MEAS_FIB_{MEASURE2}_P001_DX9DY14SDX8SDY17_2020-04-16_07-48-16.BMP,1,0,0,0.16,0
1580,Y511C_HC_PL_MEAS_FIB_{MEASURE2}_P007_DX9DY4SDX8SDY15_2020-10-30_07-18-29.BMP,1,0,0,0.51,0
1584,N9HKI_HC_PL_MEAS_FIB_{MEASURE2}_P004_DX10DY9SDX7SDY16_2020-07-18_15-47-21.BMP,1,0,1,0.45,0
1587,2CICK_HC_PL_MEAS_FIB_{MEASURE2}_P003_DX8DY11SDX8SDY17_2020-07-01_22-55-04.BMP,1,0,1,0.52,0
1589,1W1AU_HC_PL_MEAS_FIB_{MEASURE2}_P002_DX12DY6SDX8SDY16_2020-08-09_01-01-12.BMP,1,0,0,0.46,0
1591,7N0L6_HC_PL_MEAS_FIB_{MEASURE2}_P004_DX10DY9SDX7SDY16_2020-01-01_07-37-13.BMP,1,0,0,0.18,0
1593,8Y0KW_HC_PL_MEAS_FIB_{MEASURE2}_P002_DX12DY6SDX8SDY17_2020-03-24_14-20-53.BMP,1,0,0,0.12,0
1594,Y50X4_HC_PL_MEAS_FIB_{MEASURE2}_P003_DX8DY11SDX6SDY17_2020-10-22_02-32-02.BMP,1,0,0,0.54,0
1595,Y50RK_HC_PL_MEAS_FIB_{MEASURE2}_P001_DX9DY14SDX8SDY16_2020-11-20_23-24-55.BMP,1,0,0,0.47,0
1596,N9HK4_HC_PL_MEAS_FIB_{MEASURE2}_P002_DX12DY6SDX8SDY17_2020-03-31_22-27-28.BMP,1,0,0,0.32,0
1601,S708I_HC_PL_MEAS_FIB_{MEASURE2}_P005_DX7DY7SDX8SDY17_2020-10-20_22-52-00.BMP,1,0,0,0.54,0
1603,8Y0KS_HC_PL_MEAS_FIB_{MEASURE2}_P001_DX9DY14SDX8SDY17_2020-02-18_19-08-31.BMP,1,0,0,0.28,0
1607,7N0L6_HC_PL_MEAS_FIB_{MEASURE2}_P005_DX7DY7SDX8SDY17_2020-01-01_07-37-13.BMP,1,0,0,0.28,0
1609,Y50X6_HC_PL_MEAS_FIB_{MEASURE2}_P004_DX10DY9SDX7SDY16_2020-06-06_04-51-17.BMP,1,0,0,0.37,0
1613,7N0MI_HC_PL_MEAS_FIB_{MEASURE2}_P002_DX12DY6SDX8SDY17_2020-02-06_01-50-52.BMP,1,0,0,0.14,0
1616,Y50RK_HC_PL_MEAS_FIB_{MEASURE2}_P003_DX9DY14SDX8SDY15_2020-11-24_08-22-44.BMP,1,0,0,0.38,0
1620,4P0RM_HC_PL_MEAS_FIB_{MEASURE2}_P001_DX9DY14SDX8SDY17_2020-10-31_17-25-59.BMP,1,0,1,0.53,0
1621,S700I_HC_PL_MEAS_FIB_{MEASURE2}_P001_DX9DY14SDX8SDY17_2020-05-08_03-28-05.BMP,1,0,1,0.22,0
1630,Y50RK_HC_PL_MEAS_FIB_{MEASURE2}_P005_DX7DY7SDX8SDY16_2020-11-20_23-24-55.BMP,1,0,0,0.29,0
1632,Y50X4_HC_PL_MEAS_FIB_{MEASURE2}_P006_DX9DY4SDX6SDY17_2020-10-22_02-32-02.BMP,1,0,0,0.15,0
1638,7N0M6_HC_PL_MEAS_FIB_{MEASURE2}_P002_DX12DY6SDX8SDY16_2020-03-04_20-52-05.BMP,1,0,0,0.27,0
1640,2CICM_HC_PL_MEAS_FIB_{MEASURE2}_P005_DX7DY7SDX8SDY17_2020-07-07_01-48-39.BMP,1,0,0,0.22,0
1645,7N0N8_HC_PL_MEAS_FIB_{MEASURE2}_P001_DX9DY14SDX8SDY17_2020-05-28_22-25-29.BMP,1,0,0,0.43,0
1647,9A0S4_HC_PL_MEAS_FIB_{MEASURE2}_P004_DX10DY9SDX7SDY16_2020-02-04_12-34-55.BMP,1,0,0,0.23,0
1653,Y50YU_HC_PL_MEAS_FIB_{MEASURE2}_P001_DX9DY14SDX8SDY17_2020-06-24_20-08-13.BMP,1,0,1,0.39,0
